[2025-10-12 22:20:28] [main] DEBUG org.testng.TestNG - suiteXmlPath: "C:\Users\mytie\AppData\Local\JetBrains\IntelliJIdea2025.2\temp-testng-customsuite.xml"
[2025-10-12 22:20:28] [main] INFO  org.testng.internal.Utils - [TestNG] Running:
  C:\Users\mytie\AppData\Local\JetBrains\IntelliJIdea2025.2\temp-testng-customsuite.xml

[2025-10-12 22:20:36] [main] INFO  org.example.hrmOrange.testcase.ui.login.OrangeHRM_Login_TC1_VerifyThatUserCanLoginWithValidDataSuccessfully - Navigating to login page...
[2025-10-12 22:20:37] [main] INFO  org.example.hrmOrange.testcase.ui.login.OrangeHRM_Login_TC1_VerifyThatUserCanLoginWithValidDataSuccessfully - Performing login with username='Admin'
[2025-10-12 22:20:39] [main] INFO  org.example.hrmOrange.testcase.ui.login.OrangeHRM_Login_TC1_VerifyThatUserCanLoginWithValidDataSuccessfully - Waiting for dashboard to appear...
[2025-10-12 22:20:40] [main] INFO  org.example.hrmOrange.testcase.ui.login.OrangeHRM_Login_TC1_VerifyThatUserCanLoginWithValidDataSuccessfully - Verifying dashboard is visible...
[2025-10-12 22:20:40] [main] INFO  org.example.hrmOrange.testcase.ui.login.OrangeHRM_Login_TC1_VerifyThatUserCanLoginWithValidDataSuccessfully - Verifying dashboard title...
[2025-10-12 22:20:40] [main] INFO  org.example.hrmOrange.testcase.ui.login.OrangeHRM_Login_TC1_VerifyThatUserCanLoginWithValidDataSuccessfully - Testcase passed: login successful and dashboard verified
[2025-10-12 22:23:36] [main] DEBUG org.testng.TestNG - suiteXmlPath: "C:\Users\mytie\AppData\Local\JetBrains\IntelliJIdea2025.2\temp-testng-customsuite.xml"
[2025-10-12 22:23:36] [main] INFO  org.testng.internal.Utils - [TestNG] Running:
  C:\Users\mytie\AppData\Local\JetBrains\IntelliJIdea2025.2\temp-testng-customsuite.xml

[2025-10-12 22:23:44] [main] INFO  org.example.hrmOrange.testcase.ui.login.OrangeHRM_Login_TC2_VerifyLoginFailsWithInvalidPassword - Navigating to login page...
[2025-10-12 22:23:46] [main] INFO  org.example.hrmOrange.testcase.ui.login.OrangeHRM_Login_TC2_VerifyLoginFailsWithInvalidPassword - Performing login with username='Admin' and invalid password='wrongpass'
[2025-10-12 22:23:47] [main] INFO  org.example.hrmOrange.testcase.ui.login.OrangeHRM_Login_TC2_VerifyLoginFailsWithInvalidPassword - Getting error message from login page...
[2025-10-12 22:23:48] [main] INFO  org.example.hrmOrange.testcase.ui.login.OrangeHRM_Login_TC2_VerifyLoginFailsWithInvalidPassword - Verifying error message...
[2025-10-12 22:23:48] [main] INFO  org.example.hrmOrange.testcase.ui.login.OrangeHRM_Login_TC2_VerifyLoginFailsWithInvalidPassword - Testcase passed: login failed with invalid password
[2025-10-12 22:26:10] [main] DEBUG org.testng.TestNG - suiteXmlPath: "C:\Users\mytie\AppData\Local\JetBrains\IntelliJIdea2025.2\temp-testng-customsuite.xml"
[2025-10-12 22:26:10] [main] INFO  org.testng.internal.Utils - [TestNG] Running:
  C:\Users\mytie\AppData\Local\JetBrains\IntelliJIdea2025.2\temp-testng-customsuite.xml

[2025-10-12 22:26:18] [main] INFO  org.example.hrmOrange.testcase.ui.login.OrangeHRM_Login_TC3_VerifyLoginFailsWithInvalidUsername - Navigating to login page...
[2025-10-12 22:26:18] [main] INFO  org.example.hrmOrange.testcase.ui.login.OrangeHRM_Login_TC3_VerifyLoginFailsWithInvalidUsername - Performing login with invalid username='WrongUser' and valid password='admin123'
[2025-10-12 22:26:20] [main] INFO  org.example.hrmOrange.testcase.ui.login.OrangeHRM_Login_TC3_VerifyLoginFailsWithInvalidUsername - Getting error message from login page...
[2025-10-12 22:26:21] [main] INFO  org.example.hrmOrange.testcase.ui.login.OrangeHRM_Login_TC3_VerifyLoginFailsWithInvalidUsername - Verifying error message...
[2025-10-12 22:26:21] [main] INFO  org.example.hrmOrange.testcase.ui.login.OrangeHRM_Login_TC3_VerifyLoginFailsWithInvalidUsername - Testcase passed: login failed with invalid username
[2025-10-12 22:28:03] [main] DEBUG org.testng.TestNG - suiteXmlPath: "C:\Users\mytie\AppData\Local\JetBrains\IntelliJIdea2025.2\temp-testng-customsuite.xml"
[2025-10-12 22:28:03] [main] INFO  org.testng.internal.Utils - [TestNG] Running:
  C:\Users\mytie\AppData\Local\JetBrains\IntelliJIdea2025.2\temp-testng-customsuite.xml

[2025-10-12 22:28:10] [main] INFO  org.example.hrmOrange.testcase.ui.login.OrangeHRM_Login_TC4_VerifyLoginFailsWithInvalidData - Navigating to login page...
[2025-10-12 22:28:10] [main] INFO  org.example.hrmOrange.testcase.ui.login.OrangeHRM_Login_TC4_VerifyLoginFailsWithInvalidData - Performing login with invalid username='wrongUser' and invalid password='wrongPass'
[2025-10-12 22:28:12] [main] INFO  org.example.hrmOrange.testcase.ui.login.OrangeHRM_Login_TC4_VerifyLoginFailsWithInvalidData - Getting error message from login page...
[2025-10-12 22:28:13] [main] INFO  org.example.hrmOrange.testcase.ui.login.OrangeHRM_Login_TC4_VerifyLoginFailsWithInvalidData - Verifying error message...
[2025-10-12 22:28:13] [main] INFO  org.example.hrmOrange.testcase.ui.login.OrangeHRM_Login_TC4_VerifyLoginFailsWithInvalidData - Testcase passed: login failed with invalid username and password
[2025-10-12 22:29:43] [main] DEBUG org.testng.TestNG - suiteXmlPath: "C:\Users\mytie\AppData\Local\JetBrains\IntelliJIdea2025.2\temp-testng-customsuite.xml"
[2025-10-12 22:29:43] [main] INFO  org.testng.internal.Utils - [TestNG] Running:
  C:\Users\mytie\AppData\Local\JetBrains\IntelliJIdea2025.2\temp-testng-customsuite.xml

[2025-10-12 22:30:36] [main] DEBUG org.testng.TestNG - suiteXmlPath: "C:\Users\mytie\AppData\Local\JetBrains\IntelliJIdea2025.2\temp-testng-customsuite.xml"
[2025-10-12 22:30:37] [main] INFO  org.testng.internal.Utils - [TestNG] Running:
  C:\Users\mytie\AppData\Local\JetBrains\IntelliJIdea2025.2\temp-testng-customsuite.xml

[2025-10-12 22:30:44] [main] INFO  org.example.hrmOrange.testcase.ui.login.OrangeHRM_Login_TC5_VerifyLoginFailsWithEmptyUsername - Navigating to login page...
[2025-10-12 22:30:46] [main] INFO  org.example.hrmOrange.testcase.ui.login.OrangeHRM_Login_TC5_VerifyLoginFailsWithEmptyUsername - Performing login with empty username='Admin' and valid password='admin123'
[2025-10-12 22:30:46] [main] INFO  org.example.hrmOrange.testcase.ui.login.OrangeHRM_Login_TC5_VerifyLoginFailsWithEmptyUsername - Getting error message from login page...
[2025-10-12 22:30:46] [main] INFO  org.example.hrmOrange.testcase.ui.login.OrangeHRM_Login_TC5_VerifyLoginFailsWithEmptyUsername - Verifying error message...
[2025-10-12 22:30:46] [main] INFO  org.example.hrmOrange.testcase.ui.login.OrangeHRM_Login_TC5_VerifyLoginFailsWithEmptyUsername - Testcase passed: login failed with empty username
[2025-10-12 22:32:42] [main] DEBUG org.testng.TestNG - suiteXmlPath: "C:\Users\mytie\AppData\Local\JetBrains\IntelliJIdea2025.2\temp-testng-customsuite.xml"
[2025-10-12 22:32:42] [main] INFO  org.testng.internal.Utils - [TestNG] Running:
  C:\Users\mytie\AppData\Local\JetBrains\IntelliJIdea2025.2\temp-testng-customsuite.xml

[2025-10-12 22:32:49] [main] INFO  org.example.hrmOrange.testcase.ui.login.OrangeHRM_Login_TC6_VerifyLoginFailsWithEmptyPassword - Navigating to login page...
[2025-10-12 22:32:50] [main] INFO  org.example.hrmOrange.testcase.ui.login.OrangeHRM_Login_TC6_VerifyLoginFailsWithEmptyPassword - Performing login with valid username='Admin' and empty password=''
[2025-10-12 22:32:51] [main] INFO  org.example.hrmOrange.testcase.ui.login.OrangeHRM_Login_TC6_VerifyLoginFailsWithEmptyPassword - Getting error message from login page...
[2025-10-12 22:32:51] [main] INFO  org.example.hrmOrange.testcase.ui.login.OrangeHRM_Login_TC6_VerifyLoginFailsWithEmptyPassword - Verifying error message...
[2025-10-12 22:32:51] [main] INFO  org.example.hrmOrange.testcase.ui.login.OrangeHRM_Login_TC6_VerifyLoginFailsWithEmptyPassword - Testcase passed: login failed with empty password
[2025-10-12 22:34:35] [main] DEBUG org.testng.TestNG - suiteXmlPath: "C:\Users\mytie\AppData\Local\JetBrains\IntelliJIdea2025.2\temp-testng-customsuite.xml"
[2025-10-12 22:34:35] [main] INFO  org.testng.internal.Utils - [TestNG] Running:
  C:\Users\mytie\AppData\Local\JetBrains\IntelliJIdea2025.2\temp-testng-customsuite.xml

[2025-10-12 22:34:43] [main] INFO  org.example.hrmOrange.testcase.ui.login.OrangeHRM_Login_TC7_VerifyLoginFailsWithEmptyData - Navigating to login page...
[2025-10-12 22:34:43] [main] INFO  org.example.hrmOrange.testcase.ui.login.OrangeHRM_Login_TC7_VerifyLoginFailsWithEmptyData - Performing login with both empty username and password...
[2025-10-12 22:34:45] [main] INFO  org.example.hrmOrange.testcase.ui.login.OrangeHRM_Login_TC7_VerifyLoginFailsWithEmptyData - Getting error message from login page...
[2025-10-12 22:34:45] [main] INFO  org.example.hrmOrange.testcase.ui.login.OrangeHRM_Login_TC7_VerifyLoginFailsWithEmptyData - Verifying error message...
[2025-10-12 22:34:45] [main] INFO  org.example.hrmOrange.testcase.ui.login.OrangeHRM_Login_TC7_VerifyLoginFailsWithEmptyData - Testcase passed: login failed with both empty username and password
[2025-10-12 22:36:11] [main] DEBUG org.testng.TestNG - suiteXmlPath: "C:\Users\mytie\AppData\Local\JetBrains\IntelliJIdea2025.2\temp-testng-customsuite.xml"
[2025-10-12 22:36:11] [main] INFO  org.testng.internal.Utils - [TestNG] Running:
  C:\Users\mytie\AppData\Local\JetBrains\IntelliJIdea2025.2\temp-testng-customsuite.xml

[2025-10-12 22:36:18] [main] INFO  org.example.hrmOrange.testcase.ui.login.OrangeHRM_Login_TC8_VerifyThatUserCanLoginWithUsernameHavingLeadingSpace - Navigating to login page...
[2025-10-12 22:36:18] [main] INFO  org.example.hrmOrange.testcase.ui.login.OrangeHRM_Login_TC8_VerifyThatUserCanLoginWithUsernameHavingLeadingSpace - Performing login with username=' Admin' and valid password='admin123'
[2025-10-12 22:36:21] [main] INFO  org.example.hrmOrange.testcase.ui.login.OrangeHRM_Login_TC8_VerifyThatUserCanLoginWithUsernameHavingLeadingSpace - Getting error message from login page...
[2025-10-12 22:36:22] [main] INFO  org.example.hrmOrange.testcase.ui.login.OrangeHRM_Login_TC8_VerifyThatUserCanLoginWithUsernameHavingLeadingSpace - Verifying error message...
[2025-10-12 22:36:22] [main] INFO  org.example.hrmOrange.testcase.ui.login.OrangeHRM_Login_TC8_VerifyThatUserCanLoginWithUsernameHavingLeadingSpace - Testcase passed: login failed with username having leading space
[2025-10-12 22:39:39] [main] DEBUG org.testng.TestNG - suiteXmlPath: "C:\Users\mytie\AppData\Local\JetBrains\IntelliJIdea2025.2\temp-testng-customsuite.xml"
[2025-10-12 22:39:39] [main] INFO  org.testng.internal.Utils - [TestNG] Running:
  C:\Users\mytie\AppData\Local\JetBrains\IntelliJIdea2025.2\temp-testng-customsuite.xml

[2025-10-12 22:39:46] [main] INFO  org.example.hrmOrange.testcase.ui.login.OrangeHRM_Login_TC10_VerifyLoginFailsWithPasswordTrailingSpace - Navigating to login page...
[2025-10-12 22:39:47] [main] INFO  org.example.hrmOrange.testcase.ui.login.OrangeHRM_Login_TC10_VerifyLoginFailsWithPasswordTrailingSpace - Performing login with username='Admin' and password='admin123 '
[2025-10-12 22:39:49] [main] INFO  org.example.hrmOrange.testcase.ui.login.OrangeHRM_Login_TC10_VerifyLoginFailsWithPasswordTrailingSpace - Getting error message from login page...
[2025-10-12 22:39:50] [main] INFO  org.example.hrmOrange.testcase.ui.login.OrangeHRM_Login_TC10_VerifyLoginFailsWithPasswordTrailingSpace - Verifying error message...
[2025-10-12 22:39:50] [main] INFO  org.example.hrmOrange.testcase.ui.login.OrangeHRM_Login_TC10_VerifyLoginFailsWithPasswordTrailingSpace - Testcase passed: login failed with password having trailing space
[2025-10-12 22:42:54] [main] DEBUG org.testng.TestNG - suiteXmlPath: "C:\Users\mytie\AppData\Local\JetBrains\IntelliJIdea2025.2\temp-testng-customsuite.xml"
[2025-10-12 22:42:54] [main] INFO  org.testng.internal.Utils - [TestNG] Running:
  C:\Users\mytie\AppData\Local\JetBrains\IntelliJIdea2025.2\temp-testng-customsuite.xml

[2025-10-12 22:43:02] [main] INFO  org.example.hrmOrange.testcase.ui.admin.OrangeHRM_Admin_TC1_VerifySearchAdminByUsername - Navigating to login page...
[2025-10-12 22:43:02] [main] INFO  org.example.hrmOrange.testcase.ui.admin.OrangeHRM_Admin_TC1_VerifySearchAdminByUsername - Performing login with username='Admin' and password='admin123'
[2025-10-12 22:43:05] [main] INFO  org.example.hrmOrange.testcase.ui.admin.OrangeHRM_Admin_TC1_VerifySearchAdminByUsername - Verifying dashboard is visible...
[2025-10-12 22:43:06] [main] INFO  org.example.hrmOrange.testcase.ui.admin.OrangeHRM_Admin_TC1_VerifySearchAdminByUsername - Navigating to Admin page...
[2025-10-12 22:43:07] [main] INFO  org.example.hrmOrange.testcase.ui.admin.OrangeHRM_Admin_TC1_VerifySearchAdminByUsername - Searching for admin user...
[2025-10-12 22:43:08] [main] INFO  org.example.hrmOrange.testcase.ui.admin.OrangeHRM_Admin_TC1_VerifySearchAdminByUsername - Verifying admin user is displayed in the result table...
[2025-10-12 22:43:08] [main] INFO  org.example.hrmOrange.testcase.ui.admin.OrangeHRM_Admin_TC1_VerifySearchAdminByUsername - Testcase passed: admin search by username 'Admin' returns correct data
[2025-10-12 23:16:31] [main] DEBUG org.testng.TestNG - suiteXmlPath: "C:\Users\mytie\AppData\Local\JetBrains\IntelliJIdea2025.2\temp-testng-customsuite.xml"
[2025-10-12 23:16:31] [main] INFO  org.testng.internal.Utils - [TestNG] Running:
  C:\Users\mytie\AppData\Local\JetBrains\IntelliJIdea2025.2\temp-testng-customsuite.xml

[2025-10-12 23:16:58] [main] INFO  org.example.hrmOrange.testcase.ui.admin.OrangeHRM_Admin_TC2_SearchByUserRoleAdmin - Navigating to login page...
[2025-10-12 23:16:59] [main] INFO  org.example.hrmOrange.testcase.ui.admin.OrangeHRM_Admin_TC2_SearchByUserRoleAdmin - Performing login with username='Admin' and password='admin123'
[2025-10-12 23:17:02] [main] INFO  org.example.hrmOrange.testcase.ui.admin.OrangeHRM_Admin_TC2_SearchByUserRoleAdmin - Verifying dashboard is visible...
[2025-10-12 23:17:02] [main] INFO  org.example.hrmOrange.testcase.ui.admin.OrangeHRM_Admin_TC2_SearchByUserRoleAdmin - Navigating to Admin page...
[2025-10-12 23:17:04] [main] INFO  org.example.hrmOrange.page.admin.AdminPage - Navigated to Admin page
[2025-10-12 23:17:04] [main] INFO  org.example.hrmOrange.testcase.ui.admin.OrangeHRM_Admin_TC2_SearchByUserRoleAdmin - Selecting User Role = Admin
[2025-10-12 23:21:02] [main] DEBUG org.testng.TestNG - suiteXmlPath: "C:\Users\mytie\AppData\Local\JetBrains\IntelliJIdea2025.2\temp-testng-customsuite.xml"
[2025-10-12 23:21:02] [main] INFO  org.testng.internal.Utils - [TestNG] Running:
  C:\Users\mytie\AppData\Local\JetBrains\IntelliJIdea2025.2\temp-testng-customsuite.xml

[2025-10-12 23:21:11] [main] INFO  org.example.hrmOrange.testcase.ui.admin.OrangeHRM_Admin_TC2_SearchByUserRoleAdmin - Navigating to login page...
[2025-10-12 23:21:11] [main] INFO  org.example.hrmOrange.testcase.ui.admin.OrangeHRM_Admin_TC2_SearchByUserRoleAdmin - Performing login with username='Admin' and password='admin123'
[2025-10-12 23:21:13] [main] INFO  org.example.hrmOrange.testcase.ui.admin.OrangeHRM_Admin_TC2_SearchByUserRoleAdmin - Verifying dashboard is visible...
[2025-10-12 23:21:14] [main] INFO  org.example.hrmOrange.testcase.ui.admin.OrangeHRM_Admin_TC2_SearchByUserRoleAdmin - Navigating to Admin page...
[2025-10-12 23:21:16] [main] INFO  org.example.hrmOrange.page.admin.AdminPage - Navigated to Admin page
[2025-10-12 23:21:16] [main] INFO  org.example.hrmOrange.testcase.ui.admin.OrangeHRM_Admin_TC2_SearchByUserRoleAdmin - Selecting User Role = Admin
[2025-10-12 23:33:55] [main] DEBUG org.testng.TestNG - suiteXmlPath: "C:\Users\mytie\AppData\Local\JetBrains\IntelliJIdea2025.2\temp-testng-customsuite.xml"
[2025-10-12 23:33:55] [main] INFO  org.testng.internal.Utils - [TestNG] Running:
  C:\Users\mytie\AppData\Local\JetBrains\IntelliJIdea2025.2\temp-testng-customsuite.xml

[2025-10-12 23:34:00] [main] INFO  org.example.hrmOrange.testcase.ui.admin.OrangeHRM_Admin_TC2_SearchByUserRoleAdmin - Navigating to login page...
[2025-10-12 23:34:01] [main] INFO  org.example.hrmOrange.testcase.ui.admin.OrangeHRM_Admin_TC2_SearchByUserRoleAdmin - Performing login with username='Admin' and password='admin123'
[2025-10-12 23:34:03] [main] INFO  org.example.hrmOrange.testcase.ui.admin.OrangeHRM_Admin_TC2_SearchByUserRoleAdmin - Verifying dashboard is visible...
[2025-10-12 23:34:04] [main] INFO  org.example.hrmOrange.testcase.ui.admin.OrangeHRM_Admin_TC2_SearchByUserRoleAdmin - Navigating to Admin page...
[2025-10-12 23:34:06] [main] INFO  org.example.hrmOrange.page.admin.AdminPage - Navigated to Admin page
[2025-10-12 23:34:06] [main] INFO  org.example.hrmOrange.testcase.ui.admin.OrangeHRM_Admin_TC2_SearchByUserRoleAdmin - Selecting User Role = Admin
[2025-10-12 23:34:14] [main] ERROR org.example.hrmOrange.page.admin.AdminPage - Failed to select User Role 'Admin': Error {
  message='Timeout 8000ms exceeded.
  name='TimeoutError
  stack='TimeoutError: Timeout 8000ms exceeded.
    at ProgressController.run (C:\Users\mytie\AppData\Local\Temp\playwright-java-4966486350013059970\package\lib\server\progress.js:78:26)
    at Frame.waitForSelector (C:\Users\mytie\AppData\Local\Temp\playwright-java-4966486350013059970\package\lib\server\frames.js:619:23)
    at FrameDispatcher.waitForSelector (C:\Users\mytie\AppData\Local\Temp\playwright-java-4966486350013059970\package\lib\server\dispatchers\frameDispatcher.js:105:103)
    at FrameDispatcher._handleCommand (C:\Users\mytie\AppData\Local\Temp\playwright-java-4966486350013059970\package\lib\server\dispatchers\dispatcher.js:94:40)
    at DispatcherConnection.dispatch (C:\Users\mytie\AppData\Local\Temp\playwright-java-4966486350013059970\package\lib\server\dispatchers\dispatcher.js:361:39)
}
Call log:
- waiting for locator("//label[normalize-space()='User Role']/following-sibling::div//div[contains(@class,'oxd-select-text')]") to be visible

[2025-10-12 23:36:43] [main] DEBUG org.testng.TestNG - suiteXmlPath: "C:\Users\mytie\AppData\Local\JetBrains\IntelliJIdea2025.2\temp-testng-customsuite.xml"
[2025-10-12 23:36:43] [main] INFO  org.testng.internal.Utils - [TestNG] Running:
  C:\Users\mytie\AppData\Local\JetBrains\IntelliJIdea2025.2\temp-testng-customsuite.xml

[2025-10-12 23:36:48] [main] INFO  org.example.hrmOrange.testcase.ui.admin.OrangeHRM_Admin_TC2_SearchByUserRoleAdmin - Navigating to login page...
[2025-10-12 23:36:49] [main] INFO  org.example.hrmOrange.testcase.ui.admin.OrangeHRM_Admin_TC2_SearchByUserRoleAdmin - Performing login with username='Admin' and password='admin123'
[2025-10-12 23:36:51] [main] INFO  org.example.hrmOrange.testcase.ui.admin.OrangeHRM_Admin_TC2_SearchByUserRoleAdmin - Verifying dashboard is visible...
[2025-10-12 23:36:52] [main] INFO  org.example.hrmOrange.testcase.ui.admin.OrangeHRM_Admin_TC2_SearchByUserRoleAdmin - Navigating to Admin page...
[2025-10-12 23:36:54] [main] INFO  org.example.hrmOrange.page.admin.AdminPage - Navigated to Admin page
[2025-10-12 23:36:54] [main] INFO  org.example.hrmOrange.testcase.ui.admin.OrangeHRM_Admin_TC2_SearchByUserRoleAdmin - Selecting User Role = Admin
[2025-10-12 23:36:54] [main] INFO  org.example.hrmOrange.page.admin.AdminPage - Selected User Role = Admin
[2025-10-12 23:36:54] [main] INFO  org.example.hrmOrange.testcase.ui.admin.OrangeHRM_Admin_TC2_SearchByUserRoleAdmin - Clicking Search button...
[2025-10-12 23:36:54] [main] INFO  org.example.hrmOrange.page.admin.AdminPage - Searched admin by username: 
[2025-10-12 23:36:54] [main] INFO  org.example.hrmOrange.testcase.ui.admin.OrangeHRM_Admin_TC2_SearchByUserRoleAdmin - Verifying at least one admin user is displayed in the result table...
[2025-10-12 23:36:54] [main] INFO  org.example.hrmOrange.page.admin.AdminPage - Found 1 record(s) with username = Admin
[2025-10-12 23:36:54] [main] INFO  org.example.hrmOrange.testcase.ui.admin.OrangeHRM_Admin_TC2_SearchByUserRoleAdmin - Testcase passed: admin search by User Role 'Admin' returns correct data
[2025-10-12 23:40:23] [main] DEBUG org.testng.TestNG - suiteXmlPath: "C:\Users\mytie\AppData\Local\JetBrains\IntelliJIdea2025.2\temp-testng-customsuite.xml"
[2025-10-12 23:40:24] [main] INFO  org.testng.internal.Utils - [TestNG] Running:
  C:\Users\mytie\AppData\Local\JetBrains\IntelliJIdea2025.2\temp-testng-customsuite.xml

[2025-10-12 23:40:29] [main] INFO  org.example.hrmOrange.testcase.ui.admin.OrangeHRM_Admin_TC3_SearchByStatusEnabled - Navigating to login page...
[2025-10-12 23:40:29] [main] INFO  org.example.hrmOrange.testcase.ui.admin.OrangeHRM_Admin_TC3_SearchByStatusEnabled - Logging in with username='Admin' and password='admin123'
[2025-10-12 23:40:32] [main] INFO  org.example.hrmOrange.testcase.ui.admin.OrangeHRM_Admin_TC3_SearchByStatusEnabled - Dashboard is visible
[2025-10-12 23:40:32] [main] INFO  org.example.hrmOrange.testcase.ui.admin.OrangeHRM_Admin_TC3_SearchByStatusEnabled - Navigating to Admin page...
[2025-10-12 23:40:34] [main] INFO  org.example.hrmOrange.page.admin.AdminPage - Navigated to Admin page
[2025-10-12 23:40:34] [main] INFO  org.example.hrmOrange.testcase.ui.admin.OrangeHRM_Admin_TC3_SearchByStatusEnabled - Selecting Status = Enabled...
[2025-10-12 23:40:42] [main] ERROR org.example.hrmOrange.page.admin.AdminPage - Failed to select Status 'Enabled': Error {
  message='Timeout 8000ms exceeded.
  name='TimeoutError
  stack='TimeoutError: Timeout 8000ms exceeded.
    at ProgressController.run (C:\Users\mytie\AppData\Local\Temp\playwright-java-10309163656801300262\package\lib\server\progress.js:78:26)
    at Frame.waitForSelector (C:\Users\mytie\AppData\Local\Temp\playwright-java-10309163656801300262\package\lib\server\frames.js:619:23)
    at FrameDispatcher.waitForSelector (C:\Users\mytie\AppData\Local\Temp\playwright-java-10309163656801300262\package\lib\server\dispatchers\frameDispatcher.js:105:103)
    at FrameDispatcher._handleCommand (C:\Users\mytie\AppData\Local\Temp\playwright-java-10309163656801300262\package\lib\server\dispatchers\dispatcher.js:94:40)
    at DispatcherConnection.dispatch (C:\Users\mytie\AppData\Local\Temp\playwright-java-10309163656801300262\package\lib\server\dispatchers\dispatcher.js:361:39)
}
Call log:
- waiting for locator("//label[normalize-space()='Status']/following-sibling::div//div[contains(@class,'oxd-select-text')]") to be visible

[2025-10-12 23:42:11] [main] DEBUG org.testng.TestNG - suiteXmlPath: "C:\Users\mytie\AppData\Local\JetBrains\IntelliJIdea2025.2\temp-testng-customsuite.xml"
[2025-10-12 23:42:11] [main] INFO  org.testng.internal.Utils - [TestNG] Running:
  C:\Users\mytie\AppData\Local\JetBrains\IntelliJIdea2025.2\temp-testng-customsuite.xml

[2025-10-12 23:42:17] [main] INFO  org.example.hrmOrange.testcase.ui.admin.OrangeHRM_Admin_TC3_SearchByStatusEnabled - Navigating to login page...
[2025-10-12 23:42:18] [main] INFO  org.example.hrmOrange.testcase.ui.admin.OrangeHRM_Admin_TC3_SearchByStatusEnabled - Logging in with username='Admin' and password='admin123'
[2025-10-12 23:42:21] [main] INFO  org.example.hrmOrange.testcase.ui.admin.OrangeHRM_Admin_TC3_SearchByStatusEnabled - Dashboard is visible
[2025-10-12 23:42:21] [main] INFO  org.example.hrmOrange.testcase.ui.admin.OrangeHRM_Admin_TC3_SearchByStatusEnabled - Navigating to Admin page...
[2025-10-12 23:42:23] [main] INFO  org.example.hrmOrange.page.admin.AdminPage - Navigated to Admin page
[2025-10-12 23:42:23] [main] INFO  org.example.hrmOrange.testcase.ui.admin.OrangeHRM_Admin_TC3_SearchByStatusEnabled - Selecting Status = Enabled...
[2025-10-12 23:42:23] [main] ERROR org.example.hrmOrange.page.admin.AdminPage - Failed to select Status 'Enabled': Error {
  message='Error: strict mode violation: locator("//label[normalize-space()='Status']/ancestor::div[contains(@class,'oxd-input-group')]//div[contains(@class,'oxd-select-text')]") resolved to 3 elements:
    1) <div data-v-67d2aedf="" data-v-13cf171c="" class="oxd-select-text oxd-select-text--active">…</div> aka locator("div:nth-child(4) > .oxd-input-group > div:nth-child(2) > .oxd-select-wrapper > .oxd-select-text")
    2) <div tabindex="0" data-v-67d2aedf="" class="oxd-select-text-input">-- Select --</div> aka getByText("-- Select --").nth(1)
    3) <div data-v-67d2aedf="" class="oxd-select-text--after">…</div> aka locator("div:nth-child(4) > .oxd-input-group > div:nth-child(2) > .oxd-select-wrapper > .oxd-select-text > .oxd-select-text--after")

  name='Error
  stack='Error: Error: strict mode violation: locator("//label[normalize-space()='Status']/ancestor::div[contains(@class,'oxd-input-group')]//div[contains(@class,'oxd-select-text')]") resolved to 3 elements:
    1) <div data-v-67d2aedf="" data-v-13cf171c="" class="oxd-select-text oxd-select-text--active">…</div> aka locator("div:nth-child(4) > .oxd-input-group > div:nth-child(2) > .oxd-select-wrapper > .oxd-select-text")
    2) <div tabindex="0" data-v-67d2aedf="" class="oxd-select-text-input">-- Select --</div> aka getByText("-- Select --").nth(1)
    3) <div data-v-67d2aedf="" class="oxd-select-text--after">…</div> aka locator("div:nth-child(4) > .oxd-input-group > div:nth-child(2) > .oxd-select-wrapper > .oxd-select-text > .oxd-select-text--after")

    at CRExecutionContext.evaluateWithArguments (C:\Users\mytie\AppData\Local\Temp\playwright-java-11828808526839858854\package\lib\server\chromium\crExecutionContext.js:92:33)
    at runNextTicks (node:internal/process/task_queues:60:5)
    at process.processImmediate (node:internal/timers:454:9)
    at async LongStandingScope._race (C:\Users\mytie\AppData\Local\Temp\playwright-java-11828808526839858854\package\lib\utils\manualPromise.js:96:14)
    at async evaluateExpression (C:\Users\mytie\AppData\Local\Temp\playwright-java-11828808526839858854\package\lib\server\javascript.js:242:12)
    at async C:\Users\mytie\AppData\Local\Temp\playwright-java-11828808526839858854\package\lib\server\frames.js:635:22
    at async Frame.retryWithProgressAndTimeouts (C:\Users\mytie\AppData\Local\Temp\playwright-java-11828808526839858854\package\lib\server\frames.js:923:24)
    at async C:\Users\mytie\AppData\Local\Temp\playwright-java-11828808526839858854\package\lib\server\frames.js:621:14
    at async ProgressController.run (C:\Users\mytie\AppData\Local\Temp\playwright-java-11828808526839858854\package\lib\server\progress.js:82:22)
    at async FrameDispatcher.waitForSelector (C:\Users\mytie\AppData\Local\Temp\playwright-java-11828808526839858854\package\lib\server\dispatchers\frameDispatcher.js:105:85)
}
Call log:
- waiting for locator("//label[normalize-space()='Status']/ancestor::div[contains(@class,'oxd-input-group')]//div[contains(@class,'oxd-select-text')]") to be visible

com.microsoft.playwright.PlaywrightException: Error {
  message='Error: strict mode violation: locator("//label[normalize-space()='Status']/ancestor::div[contains(@class,'oxd-input-group')]//div[contains(@class,'oxd-select-text')]") resolved to 3 elements:
    1) <div data-v-67d2aedf="" data-v-13cf171c="" class="oxd-select-text oxd-select-text--active">…</div> aka locator("div:nth-child(4) > .oxd-input-group > div:nth-child(2) > .oxd-select-wrapper > .oxd-select-text")
    2) <div tabindex="0" data-v-67d2aedf="" class="oxd-select-text-input">-- Select --</div> aka getByText("-- Select --").nth(1)
    3) <div data-v-67d2aedf="" class="oxd-select-text--after">…</div> aka locator("div:nth-child(4) > .oxd-input-group > div:nth-child(2) > .oxd-select-wrapper > .oxd-select-text > .oxd-select-text--after")

  name='Error
  stack='Error: Error: strict mode violation: locator("//label[normalize-space()='Status']/ancestor::div[contains(@class,'oxd-input-group')]//div[contains(@class,'oxd-select-text')]") resolved to 3 elements:
    1) <div data-v-67d2aedf="" data-v-13cf171c="" class="oxd-select-text oxd-select-text--active">…</div> aka locator("div:nth-child(4) > .oxd-input-group > div:nth-child(2) > .oxd-select-wrapper > .oxd-select-text")
    2) <div tabindex="0" data-v-67d2aedf="" class="oxd-select-text-input">-- Select --</div> aka getByText("-- Select --").nth(1)
    3) <div data-v-67d2aedf="" class="oxd-select-text--after">…</div> aka locator("div:nth-child(4) > .oxd-input-group > div:nth-child(2) > .oxd-select-wrapper > .oxd-select-text > .oxd-select-text--after")

    at CRExecutionContext.evaluateWithArguments (C:\Users\mytie\AppData\Local\Temp\playwright-java-11828808526839858854\package\lib\server\chromium\crExecutionContext.js:92:33)
    at runNextTicks (node:internal/process/task_queues:60:5)
    at process.processImmediate (node:internal/timers:454:9)
    at async LongStandingScope._race (C:\Users\mytie\AppData\Local\Temp\playwright-java-11828808526839858854\package\lib\utils\manualPromise.js:96:14)
    at async evaluateExpression (C:\Users\mytie\AppData\Local\Temp\playwright-java-11828808526839858854\package\lib\server\javascript.js:242:12)
    at async C:\Users\mytie\AppData\Local\Temp\playwright-java-11828808526839858854\package\lib\server\frames.js:635:22
    at async Frame.retryWithProgressAndTimeouts (C:\Users\mytie\AppData\Local\Temp\playwright-java-11828808526839858854\package\lib\server\frames.js:923:24)
    at async C:\Users\mytie\AppData\Local\Temp\playwright-java-11828808526839858854\package\lib\server\frames.js:621:14
    at async ProgressController.run (C:\Users\mytie\AppData\Local\Temp\playwright-java-11828808526839858854\package\lib\server\progress.js:82:22)
    at async FrameDispatcher.waitForSelector (C:\Users\mytie\AppData\Local\Temp\playwright-java-11828808526839858854\package\lib\server\dispatchers\frameDispatcher.js:105:85)
}
Call log:
- waiting for locator("//label[normalize-space()='Status']/ancestor::div[contains(@class,'oxd-input-group')]//div[contains(@class,'oxd-select-text')]") to be visible

	at com.microsoft.playwright.impl.WaitableResult.get(WaitableResult.java:56) ~[playwright-1.46.0.jar:1.46.0]
	at com.microsoft.playwright.impl.ChannelOwner.runUntil(ChannelOwner.java:120) ~[playwright-1.46.0.jar:1.46.0]
	at com.microsoft.playwright.impl.Connection.sendMessage(Connection.java:130) ~[playwright-1.46.0.jar:1.46.0]
	at com.microsoft.playwright.impl.ChannelOwner.sendMessage(ChannelOwner.java:106) ~[playwright-1.46.0.jar:1.46.0]
	at com.microsoft.playwright.impl.FrameImpl.waitForSelectorImpl(FrameImpl.java:1060) ~[playwright-1.46.0.jar:1.46.0]
	at com.microsoft.playwright.impl.LocatorImpl.lambda$waitForImpl$7(LocatorImpl.java:619) ~[playwright-1.46.0.jar:1.46.0]
	at com.microsoft.playwright.impl.LoggingSupport.withLogging(LoggingSupport.java:47) ~[playwright-1.46.0.jar:1.46.0]
	at com.microsoft.playwright.impl.ChannelOwner.withLogging(ChannelOwner.java:89) ~[playwright-1.46.0.jar:1.46.0]
	at com.microsoft.playwright.impl.LocatorImpl.waitForImpl(LocatorImpl.java:619) ~[playwright-1.46.0.jar:1.46.0]
	at com.microsoft.playwright.impl.LocatorImpl.waitFor(LocatorImpl.java:615) ~[playwright-1.46.0.jar:1.46.0]
	at org.example.hrmOrange.page.admin.AdminPage.selectStatus(AdminPage.java:65) [test-classes/:?]
	at org.example.hrmOrange.testcase.ui.admin.OrangeHRM_Admin_TC3_SearchByStatusEnabled.searchByStatusEnabled(OrangeHRM_Admin_TC3_SearchByStatusEnabled.java:51) [test-classes/:?]
	at java.base/jdk.internal.reflect.DirectMethodHandleAccessor.invoke(DirectMethodHandleAccessor.java:104) ~[?:?]
	at java.base/java.lang.reflect.Method.invoke(Method.java:565) ~[?:?]
	at org.testng.internal.invokers.MethodInvocationHelper.invokeMethod(MethodInvocationHelper.java:141) [testng-7.10.2.jar:7.10.2]
	at org.testng.internal.invokers.TestInvoker.invokeMethod(TestInvoker.java:686) [testng-7.10.2.jar:7.10.2]
	at org.testng.internal.invokers.TestInvoker.invokeTestMethod(TestInvoker.java:230) [testng-7.10.2.jar:7.10.2]
	at org.testng.internal.invokers.MethodRunner.runInSequence(MethodRunner.java:63) [testng-7.10.2.jar:7.10.2]
	at org.testng.internal.invokers.TestInvoker$MethodInvocationAgent.invoke(TestInvoker.java:992) [testng-7.10.2.jar:7.10.2]
	at org.testng.internal.invokers.TestInvoker.invokeTestMethods(TestInvoker.java:203) [testng-7.10.2.jar:7.10.2]
	at org.testng.internal.invokers.TestMethodWorker.invokeTestMethods(TestMethodWorker.java:154) [testng-7.10.2.jar:7.10.2]
	at org.testng.internal.invokers.TestMethodWorker.run(TestMethodWorker.java:134) [testng-7.10.2.jar:7.10.2]
	at java.base/java.util.ArrayList.forEach(ArrayList.java:1604) [?:?]
	at org.testng.TestRunner.privateRun(TestRunner.java:739) [testng-7.10.2.jar:7.10.2]
	at org.testng.TestRunner.run(TestRunner.java:614) [testng-7.10.2.jar:7.10.2]
	at org.testng.SuiteRunner.runTest(SuiteRunner.java:421) [testng-7.10.2.jar:7.10.2]
	at org.testng.SuiteRunner.runSequentially(SuiteRunner.java:413) [testng-7.10.2.jar:7.10.2]
	at org.testng.SuiteRunner.privateRun(SuiteRunner.java:373) [testng-7.10.2.jar:7.10.2]
	at org.testng.SuiteRunner.run(SuiteRunner.java:312) [testng-7.10.2.jar:7.10.2]
	at org.testng.SuiteRunnerWorker.runSuite(SuiteRunnerWorker.java:52) [testng-7.10.2.jar:7.10.2]
	at org.testng.SuiteRunnerWorker.run(SuiteRunnerWorker.java:95) [testng-7.10.2.jar:7.10.2]
	at org.testng.TestNG.runSuitesSequentially(TestNG.java:1274) [testng-7.10.2.jar:7.10.2]
	at org.testng.TestNG.runSuitesLocally(TestNG.java:1208) [testng-7.10.2.jar:7.10.2]
	at org.testng.TestNG.runSuites(TestNG.java:1112) [testng-7.10.2.jar:7.10.2]
	at org.testng.TestNG.run(TestNG.java:1079) [testng-7.10.2.jar:7.10.2]
	at com.intellij.rt.testng.IDEARemoteTestNG.run(IDEARemoteTestNG.java:65) [testng-rt.jar:?]
	at com.intellij.rt.testng.RemoteTestNGStarter.main(RemoteTestNGStarter.java:105) [testng-rt.jar:?]
Caused by: com.microsoft.playwright.impl.DriverException: Error {
  message='Error: strict mode violation: locator("//label[normalize-space()='Status']/ancestor::div[contains(@class,'oxd-input-group')]//div[contains(@class,'oxd-select-text')]") resolved to 3 elements:
    1) <div data-v-67d2aedf="" data-v-13cf171c="" class="oxd-select-text oxd-select-text--active">…</div> aka locator("div:nth-child(4) > .oxd-input-group > div:nth-child(2) > .oxd-select-wrapper > .oxd-select-text")
    2) <div tabindex="0" data-v-67d2aedf="" class="oxd-select-text-input">-- Select --</div> aka getByText("-- Select --").nth(1)
    3) <div data-v-67d2aedf="" class="oxd-select-text--after">…</div> aka locator("div:nth-child(4) > .oxd-input-group > div:nth-child(2) > .oxd-select-wrapper > .oxd-select-text > .oxd-select-text--after")

  name='Error
  stack='Error: Error: strict mode violation: locator("//label[normalize-space()='Status']/ancestor::div[contains(@class,'oxd-input-group')]//div[contains(@class,'oxd-select-text')]") resolved to 3 elements:
    1) <div data-v-67d2aedf="" data-v-13cf171c="" class="oxd-select-text oxd-select-text--active">…</div> aka locator("div:nth-child(4) > .oxd-input-group > div:nth-child(2) > .oxd-select-wrapper > .oxd-select-text")
    2) <div tabindex="0" data-v-67d2aedf="" class="oxd-select-text-input">-- Select --</div> aka getByText("-- Select --").nth(1)
    3) <div data-v-67d2aedf="" class="oxd-select-text--after">…</div> aka locator("div:nth-child(4) > .oxd-input-group > div:nth-child(2) > .oxd-select-wrapper > .oxd-select-text > .oxd-select-text--after")

    at CRExecutionContext.evaluateWithArguments (C:\Users\mytie\AppData\Local\Temp\playwright-java-11828808526839858854\package\lib\server\chromium\crExecutionContext.js:92:33)
    at runNextTicks (node:internal/process/task_queues:60:5)
    at process.processImmediate (node:internal/timers:454:9)
    at async LongStandingScope._race (C:\Users\mytie\AppData\Local\Temp\playwright-java-11828808526839858854\package\lib\utils\manualPromise.js:96:14)
    at async evaluateExpression (C:\Users\mytie\AppData\Local\Temp\playwright-java-11828808526839858854\package\lib\server\javascript.js:242:12)
    at async C:\Users\mytie\AppData\Local\Temp\playwright-java-11828808526839858854\package\lib\server\frames.js:635:22
    at async Frame.retryWithProgressAndTimeouts (C:\Users\mytie\AppData\Local\Temp\playwright-java-11828808526839858854\package\lib\server\frames.js:923:24)
    at async C:\Users\mytie\AppData\Local\Temp\playwright-java-11828808526839858854\package\lib\server\frames.js:621:14
    at async ProgressController.run (C:\Users\mytie\AppData\Local\Temp\playwright-java-11828808526839858854\package\lib\server\progress.js:82:22)
    at async FrameDispatcher.waitForSelector (C:\Users\mytie\AppData\Local\Temp\playwright-java-11828808526839858854\package\lib\server\dispatchers\frameDispatcher.js:105:85)
}
Call log:
- waiting for locator("//label[normalize-space()='Status']/ancestor::div[contains(@class,'oxd-input-group')]//div[contains(@class,'oxd-select-text')]") to be visible

	at com.microsoft.playwright.impl.Connection.dispatch(Connection.java:259) ~[playwright-1.46.0.jar:1.46.0]
	at com.microsoft.playwright.impl.Connection.processOneMessage(Connection.java:211) ~[playwright-1.46.0.jar:1.46.0]
	at com.microsoft.playwright.impl.ChannelOwner.runUntil(ChannelOwner.java:118) ~[playwright-1.46.0.jar:1.46.0]
	... 35 more
[2025-10-12 23:43:55] [main] DEBUG org.testng.TestNG - suiteXmlPath: "C:\Users\mytie\AppData\Local\JetBrains\IntelliJIdea2025.2\temp-testng-customsuite.xml"
[2025-10-12 23:43:56] [main] INFO  org.testng.internal.Utils - [TestNG] Running:
  C:\Users\mytie\AppData\Local\JetBrains\IntelliJIdea2025.2\temp-testng-customsuite.xml

[2025-10-12 23:44:01] [main] INFO  org.example.hrmOrange.testcase.ui.admin.OrangeHRM_Admin_TC3_SearchByStatusEnabled - Navigating to login page...
[2025-10-12 23:44:02] [main] INFO  org.example.hrmOrange.testcase.ui.admin.OrangeHRM_Admin_TC3_SearchByStatusEnabled - Logging in with username='Admin' and password='admin123'
[2025-10-12 23:44:15] [main] INFO  org.example.hrmOrange.testcase.ui.admin.OrangeHRM_Admin_TC3_SearchByStatusEnabled - Dashboard is visible
[2025-10-12 23:44:15] [main] INFO  org.example.hrmOrange.testcase.ui.admin.OrangeHRM_Admin_TC3_SearchByStatusEnabled - Navigating to Admin page...
[2025-10-12 23:44:21] [main] INFO  org.example.hrmOrange.page.admin.AdminPage - Navigated to Admin page
[2025-10-12 23:44:21] [main] INFO  org.example.hrmOrange.testcase.ui.admin.OrangeHRM_Admin_TC3_SearchByStatusEnabled - Selecting Status = Enabled...
[2025-10-12 23:44:21] [main] INFO  org.example.hrmOrange.page.admin.AdminPage - Selected Status: Enabled
[2025-10-12 23:44:21] [main] INFO  org.example.hrmOrange.testcase.ui.admin.OrangeHRM_Admin_TC3_SearchByStatusEnabled - Clicking Search button...
[2025-10-12 23:44:21] [main] INFO  org.example.hrmOrange.page.admin.AdminPage - Clicked Search button
[2025-10-12 23:44:22] [main] INFO  org.example.hrmOrange.testcase.ui.admin.OrangeHRM_Admin_TC3_SearchByStatusEnabled - Verifying that at least one Enabled account is displayed...
[2025-10-12 23:44:22] [main] INFO  org.example.hrmOrange.page.admin.AdminPage - Found 1 record(s) with username = Enabled
[2025-10-12 23:44:22] [main] INFO  org.example.hrmOrange.testcase.ui.admin.OrangeHRM_Admin_TC3_SearchByStatusEnabled - Testcase passed: Admin search by Status 'Enabled' returns correct data
[2025-10-12 23:44:31] [main] DEBUG org.testng.TestNG - suiteXmlPath: "C:\Users\mytie\AppData\Local\JetBrains\IntelliJIdea2025.2\temp-testng-customsuite.xml"
[2025-10-12 23:44:31] [main] INFO  org.testng.internal.Utils - [TestNG] Running:
  C:\Users\mytie\AppData\Local\JetBrains\IntelliJIdea2025.2\temp-testng-customsuite.xml

[2025-10-12 23:44:42] [main] INFO  org.example.hrmOrange.testcase.ui.admin.OrangeHRM_Admin_TC2_SearchByUserRoleAdmin - Navigating to login page...
[2025-10-12 23:44:42] [main] INFO  org.example.hrmOrange.testcase.ui.admin.OrangeHRM_Admin_TC2_SearchByUserRoleAdmin - Performing login with username='Admin' and password='admin123'
[2025-10-12 23:44:45] [main] INFO  org.example.hrmOrange.testcase.ui.admin.OrangeHRM_Admin_TC2_SearchByUserRoleAdmin - Verifying dashboard is visible...
[2025-10-12 23:44:46] [main] INFO  org.example.hrmOrange.testcase.ui.admin.OrangeHRM_Admin_TC2_SearchByUserRoleAdmin - Navigating to Admin page...
[2025-10-12 23:44:48] [main] INFO  org.example.hrmOrange.page.admin.AdminPage - Navigated to Admin page
[2025-10-12 23:44:48] [main] INFO  org.example.hrmOrange.testcase.ui.admin.OrangeHRM_Admin_TC2_SearchByUserRoleAdmin - Selecting User Role = Admin
[2025-10-12 23:44:48] [main] INFO  org.example.hrmOrange.page.admin.AdminPage - Selected User Role = Admin
[2025-10-12 23:44:48] [main] INFO  org.example.hrmOrange.testcase.ui.admin.OrangeHRM_Admin_TC2_SearchByUserRoleAdmin - Clicking Search button...
[2025-10-12 23:44:48] [main] INFO  org.example.hrmOrange.page.admin.AdminPage - Searched admin by username: 
[2025-10-12 23:44:48] [main] INFO  org.example.hrmOrange.testcase.ui.admin.OrangeHRM_Admin_TC2_SearchByUserRoleAdmin - Verifying at least one admin user is displayed in the result table...
[2025-10-12 23:44:48] [main] INFO  org.example.hrmOrange.page.admin.AdminPage - Found 1 record(s) with username = Admin
[2025-10-12 23:44:48] [main] INFO  org.example.hrmOrange.testcase.ui.admin.OrangeHRM_Admin_TC2_SearchByUserRoleAdmin - Testcase passed: admin search by User Role 'Admin' returns correct data
[2025-10-12 23:49:50] [main] DEBUG org.testng.TestNG - suiteXmlPath: "C:\Users\mytie\AppData\Local\JetBrains\IntelliJIdea2025.2\temp-testng-customsuite.xml"
[2025-10-12 23:49:50] [main] INFO  org.testng.internal.Utils - [TestNG] Running:
  C:\Users\mytie\AppData\Local\JetBrains\IntelliJIdea2025.2\temp-testng-customsuite.xml

[2025-10-12 23:49:55] [main] INFO  org.example.hrmOrange.testcase.ui.admin.OrangeHRM_Admin_TC4_SearchByEmployeeName - Navigating to login page...
[2025-10-12 23:49:55] [main] INFO  org.example.hrmOrange.testcase.ui.admin.OrangeHRM_Admin_TC4_SearchByEmployeeName - Logging in as Admin...
[2025-10-12 23:49:57] [main] INFO  org.example.hrmOrange.testcase.ui.admin.OrangeHRM_Admin_TC4_SearchByEmployeeName - Verifying dashboard visibility...
[2025-10-12 23:49:58] [main] INFO  org.example.hrmOrange.testcase.ui.admin.OrangeHRM_Admin_TC4_SearchByEmployeeName - Navigating to Admin module...
[2025-10-12 23:50:00] [main] INFO  org.example.hrmOrange.page.admin.AdminPage - Navigated to Admin page
[2025-10-12 23:50:00] [main] INFO  org.example.hrmOrange.testcase.ui.admin.OrangeHRM_Admin_TC4_SearchByEmployeeName - Entering employee name: manda user
[2025-10-12 23:53:38] [main] DEBUG org.testng.TestNG - suiteXmlPath: "C:\Users\mytie\AppData\Local\JetBrains\IntelliJIdea2025.2\temp-testng-customsuite.xml"
[2025-10-12 23:53:38] [main] INFO  org.testng.internal.Utils - [TestNG] Running:
  C:\Users\mytie\AppData\Local\JetBrains\IntelliJIdea2025.2\temp-testng-customsuite.xml

[2025-10-12 23:53:46] [main] INFO  org.example.hrmOrange.testcase.ui.admin.OrangeHRM_Admin_TC4_SearchByEmployeeName - Navigating to login page...
[2025-10-12 23:53:47] [main] INFO  org.example.hrmOrange.testcase.ui.admin.OrangeHRM_Admin_TC4_SearchByEmployeeName - Logging in as Admin...
[2025-10-12 23:53:51] [main] INFO  org.example.hrmOrange.testcase.ui.admin.OrangeHRM_Admin_TC4_SearchByEmployeeName - Verifying dashboard visibility...
[2025-10-12 23:53:52] [main] INFO  org.example.hrmOrange.testcase.ui.admin.OrangeHRM_Admin_TC4_SearchByEmployeeName - Navigating to Admin module...
[2025-10-12 23:53:54] [main] INFO  org.example.hrmOrange.page.admin.AdminPage - Navigated to Admin page
[2025-10-12 23:53:54] [main] INFO  org.example.hrmOrange.testcase.ui.admin.OrangeHRM_Admin_TC4_SearchByEmployeeName - Entering employee name: manda user
[2025-10-12 23:53:54] [main] INFO  org.example.hrmOrange.page.admin.AdminPage - Entered Employee Name: manda user
[2025-10-12 23:53:54] [main] INFO  org.example.hrmOrange.testcase.ui.admin.OrangeHRM_Admin_TC4_SearchByEmployeeName - Clicking Search button...
[2025-10-12 23:53:55] [main] INFO  org.example.hrmOrange.page.admin.AdminPage - Clicked Search button
[2025-10-12 23:53:55] [main] INFO  org.example.hrmOrange.testcase.ui.admin.OrangeHRM_Admin_TC4_SearchByEmployeeName - Verifying that employee 'manda user' appears in search result...
[2025-10-12 23:55:39] [main] DEBUG org.testng.TestNG - suiteXmlPath: "C:\Users\mytie\AppData\Local\JetBrains\IntelliJIdea2025.2\temp-testng-customsuite.xml"
[2025-10-12 23:55:39] [main] INFO  org.testng.internal.Utils - [TestNG] Running:
  C:\Users\mytie\AppData\Local\JetBrains\IntelliJIdea2025.2\temp-testng-customsuite.xml

[2025-10-12 23:55:44] [main] INFO  org.example.hrmOrange.testcase.ui.admin.OrangeHRM_Admin_TC4_SearchByEmployeeName - Navigating to login page...
[2025-10-12 23:55:45] [main] INFO  org.example.hrmOrange.testcase.ui.admin.OrangeHRM_Admin_TC4_SearchByEmployeeName - Logging in as Admin...
[2025-10-12 23:55:47] [main] INFO  org.example.hrmOrange.testcase.ui.admin.OrangeHRM_Admin_TC4_SearchByEmployeeName - Verifying dashboard visibility...
[2025-10-12 23:55:48] [main] INFO  org.example.hrmOrange.testcase.ui.admin.OrangeHRM_Admin_TC4_SearchByEmployeeName - Navigating to Admin module...
[2025-10-12 23:55:49] [main] INFO  org.example.hrmOrange.page.admin.AdminPage - Navigated to Admin page
[2025-10-12 23:55:49] [main] INFO  org.example.hrmOrange.testcase.ui.admin.OrangeHRM_Admin_TC4_SearchByEmployeeName - Entering employee name: Paul Collings
[2025-10-12 23:55:49] [main] INFO  org.example.hrmOrange.page.admin.AdminPage - Entered Employee Name: Paul Collings
[2025-10-12 23:55:49] [main] INFO  org.example.hrmOrange.testcase.ui.admin.OrangeHRM_Admin_TC4_SearchByEmployeeName - Clicking Search button...
[2025-10-12 23:55:49] [main] INFO  org.example.hrmOrange.page.admin.AdminPage - Clicked Search button
[2025-10-12 23:55:49] [main] INFO  org.example.hrmOrange.testcase.ui.admin.OrangeHRM_Admin_TC4_SearchByEmployeeName - Verifying that employee 'Paul Collings' appears in search result...
[2025-10-12 23:59:03] [main] DEBUG org.testng.TestNG - suiteXmlPath: "C:\Users\mytie\AppData\Local\JetBrains\IntelliJIdea2025.2\temp-testng-customsuite.xml"
[2025-10-12 23:59:04] [main] INFO  org.testng.internal.Utils - [TestNG] Running:
  C:\Users\mytie\AppData\Local\JetBrains\IntelliJIdea2025.2\temp-testng-customsuite.xml

[2025-10-12 23:59:09] [main] INFO  org.example.hrmOrange.testcase.ui.admin.OrangeHRM_Admin_TC4_SearchByEmployeeName - Navigating to login page...
[2025-10-12 23:59:09] [main] INFO  org.example.hrmOrange.testcase.ui.admin.OrangeHRM_Admin_TC4_SearchByEmployeeName - Logging in as Admin...
[2025-10-12 23:59:12] [main] INFO  org.example.hrmOrange.testcase.ui.admin.OrangeHRM_Admin_TC4_SearchByEmployeeName - Verifying dashboard visibility...
[2025-10-12 23:59:13] [main] INFO  org.example.hrmOrange.testcase.ui.admin.OrangeHRM_Admin_TC4_SearchByEmployeeName - Navigating to Admin module...
[2025-10-12 23:59:15] [main] INFO  org.example.hrmOrange.page.admin.AdminPage - Navigated to Admin page
[2025-10-12 23:59:15] [main] INFO  org.example.hrmOrange.testcase.ui.admin.OrangeHRM_Admin_TC4_SearchByEmployeeName - Entering employee name: manda akhil user
[2025-10-12 23:59:15] [main] INFO  org.example.hrmOrange.page.admin.AdminPage - Entered Employee Name: manda akhil user
[2025-10-12 23:59:15] [main] INFO  org.example.hrmOrange.testcase.ui.admin.OrangeHRM_Admin_TC4_SearchByEmployeeName - Clicking Search button...
[2025-10-12 23:59:15] [main] INFO  org.example.hrmOrange.page.admin.AdminPage - Clicked Search button
[2025-10-12 23:59:15] [main] INFO  org.example.hrmOrange.testcase.ui.admin.OrangeHRM_Admin_TC4_SearchByEmployeeName - Verifying that employee 'manda akhil user' appears in search result...
[2025-10-13 00:07:30] [main] DEBUG org.testng.TestNG - suiteXmlPath: "C:\Users\mytie\AppData\Local\JetBrains\IntelliJIdea2025.2\temp-testng-customsuite.xml"
[2025-10-13 00:07:31] [main] INFO  org.testng.internal.Utils - [TestNG] Running:
  C:\Users\mytie\AppData\Local\JetBrains\IntelliJIdea2025.2\temp-testng-customsuite.xml

[2025-10-13 00:07:36] [main] INFO  org.example.hrmOrange.testcase.ui.admin.OrangeHRM_Admin_TC4_SearchByEmployeeName - Navigating to login page...
[2025-10-13 00:07:36] [main] INFO  org.example.hrmOrange.testcase.ui.admin.OrangeHRM_Admin_TC4_SearchByEmployeeName - Performing login with username='Admin' and password='admin123'
[2025-10-13 00:07:38] [main] INFO  org.example.hrmOrange.testcase.ui.admin.OrangeHRM_Admin_TC4_SearchByEmployeeName - Verifying dashboard is visible...
[2025-10-13 00:07:39] [main] INFO  org.example.hrmOrange.testcase.ui.admin.OrangeHRM_Admin_TC4_SearchByEmployeeName - Navigating to Admin page...
[2025-10-13 00:07:41] [main] INFO  org.example.hrmOrange.page.admin.AdminPage - Navigated to Admin page
[2025-10-13 00:07:41] [main] INFO  org.example.hrmOrange.testcase.ui.admin.OrangeHRM_Admin_TC4_SearchByEmployeeName - Entering Employee Name = manda akhil user
[2025-10-13 00:07:41] [main] INFO  org.example.hrmOrange.page.admin.AdminPage - Entered Employee Name: manda akhil user
[2025-10-13 00:07:41] [main] INFO  org.example.hrmOrange.testcase.ui.admin.OrangeHRM_Admin_TC4_SearchByEmployeeName - Clicking Search button...
[2025-10-13 00:07:41] [main] INFO  org.example.hrmOrange.page.admin.AdminPage - Clicked Search button
[2025-10-13 00:07:41] [main] INFO  org.example.hrmOrange.testcase.ui.admin.OrangeHRM_Admin_TC4_SearchByEmployeeName - Verifying result contains employee 'manda user'...
[2025-10-13 00:09:44] [main] DEBUG org.testng.TestNG - suiteXmlPath: "C:\Users\mytie\AppData\Local\JetBrains\IntelliJIdea2025.2\temp-testng-customsuite.xml"
[2025-10-13 00:09:44] [main] INFO  org.testng.internal.Utils - [TestNG] Running:
  C:\Users\mytie\AppData\Local\JetBrains\IntelliJIdea2025.2\temp-testng-customsuite.xml

[2025-10-13 00:09:48] [main] INFO  org.example.hrmOrange.testcase.ui.admin.OrangeHRM_Admin_TC4_SearchByEmployeeName - Navigating to login page...
[2025-10-13 00:09:49] [main] INFO  org.example.hrmOrange.testcase.ui.admin.OrangeHRM_Admin_TC4_SearchByEmployeeName - Performing login with username='Admin' and password='admin123'
[2025-10-13 00:09:51] [main] INFO  org.example.hrmOrange.testcase.ui.admin.OrangeHRM_Admin_TC4_SearchByEmployeeName - Verifying dashboard is visible...
[2025-10-13 00:09:51] [main] INFO  org.example.hrmOrange.testcase.ui.admin.OrangeHRM_Admin_TC4_SearchByEmployeeName - Navigating to Admin page...
[2025-10-13 00:09:54] [main] INFO  org.example.hrmOrange.page.admin.AdminPage - Navigated to Admin page
[2025-10-13 00:09:54] [main] INFO  org.example.hrmOrange.testcase.ui.admin.OrangeHRM_Admin_TC4_SearchByEmployeeName - Entering Employee Name = manda akhil user
[2025-10-13 00:09:54] [main] INFO  org.example.hrmOrange.page.admin.AdminPage - Entered Employee Name: manda akhil user
[2025-10-13 00:09:54] [main] INFO  org.example.hrmOrange.testcase.ui.admin.OrangeHRM_Admin_TC4_SearchByEmployeeName - Clicking Search button...
[2025-10-13 00:09:54] [main] INFO  org.example.hrmOrange.page.admin.AdminPage - Clicked Search button
[2025-10-13 00:09:54] [main] INFO  org.example.hrmOrange.testcase.ui.admin.OrangeHRM_Admin_TC4_SearchByEmployeeName - Verifying result contains employee 'manda user'...
[2025-10-13 00:10:04] [main] ERROR org.example.hrmOrange.page.admin.AdminPage - Error verifying employee name: Error {
  message='Timeout 10000ms exceeded.
  name='TimeoutError
  stack='TimeoutError: Timeout 10000ms exceeded.
    at ProgressController.run (C:\Users\mytie\AppData\Local\Temp\playwright-java-5828940821246876093\package\lib\server\progress.js:78:26)
    at Frame.waitForSelector (C:\Users\mytie\AppData\Local\Temp\playwright-java-5828940821246876093\package\lib\server\frames.js:619:23)
    at FrameDispatcher.waitForSelector (C:\Users\mytie\AppData\Local\Temp\playwright-java-5828940821246876093\package\lib\server\dispatchers\frameDispatcher.js:105:103)
    at FrameDispatcher._handleCommand (C:\Users\mytie\AppData\Local\Temp\playwright-java-5828940821246876093\package\lib\server\dispatchers\dispatcher.js:94:40)
    at DispatcherConnection.dispatch (C:\Users\mytie\AppData\Local\Temp\playwright-java-5828940821246876093\package\lib\server\dispatchers\dispatcher.js:361:39)
}
Call log:
- waiting for locator("//div[@role='rowgroup']//div[@role='row']//div[@role='cell' and normalize-space(text())='manda user']").first() to be visible

[2025-10-13 00:15:48] [main] DEBUG org.testng.TestNG - suiteXmlPath: "C:\Users\mytie\AppData\Local\JetBrains\IntelliJIdea2025.2\temp-testng-customsuite.xml"
[2025-10-13 00:15:48] [main] INFO  org.testng.internal.Utils - [TestNG] Running:
  C:\Users\mytie\AppData\Local\JetBrains\IntelliJIdea2025.2\temp-testng-customsuite.xml

[2025-10-13 00:15:54] [main] INFO  org.example.hrmOrange.testcase.ui.admin.OrangeHRM_Admin_TC4_SearchByEmployeeName - Navigating to login page...
[2025-10-13 00:15:54] [main] INFO  org.example.hrmOrange.testcase.ui.admin.OrangeHRM_Admin_TC4_SearchByEmployeeName - Performing login with username='Admin' and password='admin123'
[2025-10-13 00:15:56] [main] INFO  org.example.hrmOrange.testcase.ui.admin.OrangeHRM_Admin_TC4_SearchByEmployeeName - Verifying dashboard is visible...
[2025-10-13 00:15:57] [main] INFO  org.example.hrmOrange.testcase.ui.admin.OrangeHRM_Admin_TC4_SearchByEmployeeName - Navigating to Admin page...
[2025-10-13 00:15:59] [main] INFO  org.example.hrmOrange.page.admin.AdminPage - Navigated to Admin page
[2025-10-13 00:15:59] [main] INFO  org.example.hrmOrange.testcase.ui.admin.OrangeHRM_Admin_TC4_SearchByEmployeeName - Entering Employee Name = manda akhil user
[2025-10-13 00:15:59] [main] INFO  org.example.hrmOrange.page.admin.AdminPage - Entered Employee Name: manda
[2025-10-13 00:15:59] [main] INFO  org.example.hrmOrange.testcase.ui.admin.OrangeHRM_Admin_TC4_SearchByEmployeeName - Clicking Search button...
[2025-10-13 00:15:59] [main] INFO  org.example.hrmOrange.page.admin.AdminPage - Clicked Search button
[2025-10-13 00:15:59] [main] INFO  org.example.hrmOrange.testcase.ui.admin.OrangeHRM_Admin_TC4_SearchByEmployeeName - Verifying result contains employee 'manda user'...
[2025-10-13 00:16:09] [main] ERROR org.example.hrmOrange.page.admin.AdminPage - Error verifying employee name: Error {
  message='Timeout 10000ms exceeded.
  name='TimeoutError
  stack='TimeoutError: Timeout 10000ms exceeded.
    at ProgressController.run (C:\Users\mytie\AppData\Local\Temp\playwright-java-12158135458479937982\package\lib\server\progress.js:78:26)
    at Frame.waitForSelector (C:\Users\mytie\AppData\Local\Temp\playwright-java-12158135458479937982\package\lib\server\frames.js:619:23)
    at FrameDispatcher.waitForSelector (C:\Users\mytie\AppData\Local\Temp\playwright-java-12158135458479937982\package\lib\server\dispatchers\frameDispatcher.js:105:103)
    at FrameDispatcher._handleCommand (C:\Users\mytie\AppData\Local\Temp\playwright-java-12158135458479937982\package\lib\server\dispatchers\dispatcher.js:94:40)
    at DispatcherConnection.dispatch (C:\Users\mytie\AppData\Local\Temp\playwright-java-12158135458479937982\package\lib\server\dispatchers\dispatcher.js:361:39)
}
Call log:
- waiting for locator("//div[@role='rowgroup']//div[@role='row']//div[@role='cell' and normalize-space(text())='manda user']").first() to be visible

[2025-10-13 00:20:10] [main] DEBUG org.testng.TestNG - suiteXmlPath: "C:\Users\mytie\AppData\Local\JetBrains\IntelliJIdea2025.2\temp-testng-customsuite.xml"
[2025-10-13 00:20:10] [main] INFO  org.testng.internal.Utils - [TestNG] Running:
  C:\Users\mytie\AppData\Local\JetBrains\IntelliJIdea2025.2\temp-testng-customsuite.xml

[2025-10-13 00:20:16] [main] INFO  org.example.hrmOrange.testcase.ui.admin.OrangeHRM_Admin_TC4_SearchByEmployeeName - Navigating to login page...
[2025-10-13 00:20:18] [main] INFO  org.example.hrmOrange.testcase.ui.admin.OrangeHRM_Admin_TC4_SearchByEmployeeName - Performing login with username='Admin' and password='admin123'
[2025-10-13 00:20:19] [main] INFO  org.example.hrmOrange.testcase.ui.admin.OrangeHRM_Admin_TC4_SearchByEmployeeName - Verifying dashboard is visible...
[2025-10-13 00:20:20] [main] INFO  org.example.hrmOrange.testcase.ui.admin.OrangeHRM_Admin_TC4_SearchByEmployeeName - Navigating to Admin page...
[2025-10-13 00:20:21] [main] INFO  org.example.hrmOrange.page.admin.AdminPage - Navigated to Admin page
[2025-10-13 00:20:21] [main] INFO  org.example.hrmOrange.testcase.ui.admin.OrangeHRM_Admin_TC4_SearchByEmployeeName - Entering Employee Name = manda akhil user
[2025-10-13 00:20:21] [main] INFO  org.example.hrmOrange.page.admin.AdminPage - Entered Employee Name: manda
[2025-10-13 00:20:21] [main] INFO  org.example.hrmOrange.testcase.ui.admin.OrangeHRM_Admin_TC4_SearchByEmployeeName - Clicking Search button...
[2025-10-13 00:20:22] [main] INFO  org.example.hrmOrange.page.admin.AdminPage - Clicked Search button
[2025-10-13 00:20:22] [main] INFO  org.example.hrmOrange.testcase.ui.admin.OrangeHRM_Admin_TC4_SearchByEmployeeName - Verifying result contains employee 'manda user'...
[2025-10-13 00:20:22] [main] INFO  org.example.hrmOrange.page.admin.AdminPage - Found employee name matching: manda user
[2025-10-13 00:20:22] [main] INFO  org.example.hrmOrange.testcase.ui.admin.OrangeHRM_Admin_TC4_SearchByEmployeeName - Testcase passed: search by Employee Name returns correct result
[2025-10-13 00:37:36] [main] DEBUG org.testng.TestNG - suiteXmlPath: "C:\Users\mytie\AppData\Local\JetBrains\IntelliJIdea2025.2\temp-testng-customsuite.xml"
[2025-10-13 00:37:37] [main] INFO  org.testng.internal.Utils - [TestNG] Running:
  C:\Users\mytie\AppData\Local\JetBrains\IntelliJIdea2025.2\temp-testng-customsuite.xml

[2025-10-13 00:37:42] [main] INFO  org.example.hrmOrange.testcase.ui.admin.OrangeHRM_Admin_TC6_SearchByMultipleConditions - Navigating to login page...
[2025-10-13 00:37:42] [main] INFO  org.example.hrmOrange.testcase.ui.admin.OrangeHRM_Admin_TC6_SearchByMultipleConditions - Logging in with Admin credentials...
[2025-10-13 00:37:44] [main] INFO  org.example.hrmOrange.testcase.ui.admin.OrangeHRM_Admin_TC6_SearchByMultipleConditions - Verifying dashboard visibility...
[2025-10-13 00:37:45] [main] INFO  org.example.hrmOrange.testcase.ui.admin.OrangeHRM_Admin_TC6_SearchByMultipleConditions - Navigating to Admin page...
[2025-10-13 00:37:47] [main] INFO  org.example.hrmOrange.page.admin.AdminPage - Navigated to Admin page
[2025-10-13 00:37:47] [main] INFO  org.example.hrmOrange.testcase.ui.admin.OrangeHRM_Admin_TC6_SearchByMultipleConditions - Filling search fields: username='Admin', role='Admin', status='Enabled'
[2025-10-13 00:37:48] [main] INFO  org.example.hrmOrange.page.admin.AdminPage - Searched admin by username: Admin
[2025-10-13 00:37:48] [main] INFO  org.example.hrmOrange.page.admin.AdminPage - Selected User Role = Admin
[2025-10-13 00:37:48] [main] INFO  org.example.hrmOrange.page.admin.AdminPage - Selected Status: Enabled
[2025-10-13 00:37:48] [main] INFO  org.example.hrmOrange.testcase.ui.admin.OrangeHRM_Admin_TC6_SearchByMultipleConditions - Clicking Search button...
[2025-10-13 00:37:48] [main] INFO  org.example.hrmOrange.page.admin.AdminPage - Clicked Search button
[2025-10-13 00:37:48] [main] INFO  org.example.hrmOrange.testcase.ui.admin.OrangeHRM_Admin_TC6_SearchByMultipleConditions - Verifying result contains user 'Admin' with role 'Admin' and status 'Enabled'
[2025-10-13 00:37:48] [main] INFO  org.example.hrmOrange.page.admin.AdminPage - Found 1 record(s) with username = Admin
[2025-10-13 00:37:49] [main] INFO  org.example.hrmOrange.page.admin.AdminPage - Found employee name matching: Admin
[2025-10-13 00:37:49] [main] INFO  org.example.hrmOrange.page.admin.AdminPage - Found 2 record(s) with username = Enabled
[2025-10-13 00:37:49] [main] INFO  org.example.hrmOrange.testcase.ui.admin.OrangeHRM_Admin_TC6_SearchByMultipleConditions - ✅ Testcase passed: Search by Username + Role + Status works correctly.
[2025-10-13 00:45:59] [main] DEBUG org.testng.TestNG - suiteXmlPath: "C:\Users\mytie\AppData\Local\JetBrains\IntelliJIdea2025.2\temp-testng-customsuite.xml"
[2025-10-13 00:45:59] [main] INFO  org.testng.internal.Utils - [TestNG] Running:
  C:\Users\mytie\AppData\Local\JetBrains\IntelliJIdea2025.2\temp-testng-customsuite.xml

[2025-10-13 00:46:05] [main] INFO  org.example.hrmOrange.testcase.ui.admin.OrangeHRM_Admin_TC5_SearchWithInvalidEmployee - Navigating to login page...
[2025-10-13 00:46:05] [main] INFO  org.example.hrmOrange.testcase.ui.admin.OrangeHRM_Admin_TC5_SearchWithInvalidEmployee - Logging in as Admin...
[2025-10-13 00:46:08] [main] INFO  org.example.hrmOrange.testcase.ui.admin.OrangeHRM_Admin_TC5_SearchWithInvalidEmployee - Navigating to Admin page...
[2025-10-13 00:46:10] [main] INFO  org.example.hrmOrange.page.admin.AdminPage - Navigated to Admin page
[2025-10-13 00:46:10] [main] INFO  org.example.hrmOrange.testcase.ui.admin.OrangeHRM_Admin_TC5_SearchWithInvalidEmployee - Entering invalid employee name...
[2025-10-13 00:49:06] [main] DEBUG org.testng.TestNG - suiteXmlPath: "C:\Users\mytie\AppData\Local\JetBrains\IntelliJIdea2025.2\temp-testng-customsuite.xml"
[2025-10-13 00:49:06] [main] INFO  org.testng.internal.Utils - [TestNG] Running:
  C:\Users\mytie\AppData\Local\JetBrains\IntelliJIdea2025.2\temp-testng-customsuite.xml

[2025-10-13 00:49:11] [main] INFO  org.example.hrmOrange.testcase.ui.admin.OrangeHRM_Admin_TC5_SearchWithInvalidEmployee - Navigating to login page...
[2025-10-13 00:49:12] [main] INFO  org.example.hrmOrange.testcase.ui.admin.OrangeHRM_Admin_TC5_SearchWithInvalidEmployee - Logging in as Admin...
[2025-10-13 00:49:15] [main] INFO  org.example.hrmOrange.testcase.ui.admin.OrangeHRM_Admin_TC5_SearchWithInvalidEmployee - Navigating to Admin page...
[2025-10-13 00:49:17] [main] INFO  org.example.hrmOrange.page.admin.AdminPage - Navigated to Admin page
[2025-10-13 00:49:17] [main] INFO  org.example.hrmOrange.testcase.ui.admin.OrangeHRM_Admin_TC5_SearchWithInvalidEmployee - Entering invalid employee name...
[2025-10-13 00:49:17] [main] INFO  org.example.hrmOrange.page.admin.AdminPage - Clicked Search button
[2025-10-13 00:49:17] [main] INFO  org.example.hrmOrange.testcase.ui.admin.OrangeHRM_Admin_TC5_SearchWithInvalidEmployee - Clicking Search...
[2025-10-13 00:49:17] [main] INFO  org.example.hrmOrange.page.admin.AdminPage - Clicked Search button
[2025-10-13 00:49:17] [main] INFO  org.example.hrmOrange.testcase.ui.admin.OrangeHRM_Admin_TC5_SearchWithInvalidEmployee - Verifying no results found...
[2025-10-13 00:49:17] [main] INFO  org.example.hrmOrange.testcase.ui.admin.OrangeHRM_Admin_TC5_SearchWithInvalidEmployee - Testcase passed: Searching with invalid employee name shows no data.
[2025-10-13 00:49:28] [main] DEBUG org.testng.TestNG - suiteXmlPath: "C:\Users\mytie\AppData\Local\JetBrains\IntelliJIdea2025.2\temp-testng-customsuite.xml"
[2025-10-13 00:49:28] [main] INFO  org.testng.internal.Utils - [TestNG] Running:
  C:\Users\mytie\AppData\Local\JetBrains\IntelliJIdea2025.2\temp-testng-customsuite.xml

[2025-10-13 00:49:34] [main] INFO  org.example.hrmOrange.testcase.ui.admin.OrangeHRM_Admin_TC6_SearchByMultipleConditions - Navigating to login page...
[2025-10-13 00:49:34] [main] INFO  org.example.hrmOrange.testcase.ui.admin.OrangeHRM_Admin_TC6_SearchByMultipleConditions - Logging in with Admin credentials...
[2025-10-13 00:49:36] [main] INFO  org.example.hrmOrange.testcase.ui.admin.OrangeHRM_Admin_TC6_SearchByMultipleConditions - Verifying dashboard visibility...
[2025-10-13 00:49:37] [main] INFO  org.example.hrmOrange.testcase.ui.admin.OrangeHRM_Admin_TC6_SearchByMultipleConditions - Navigating to Admin page...
[2025-10-13 00:49:38] [main] INFO  org.example.hrmOrange.page.admin.AdminPage - Navigated to Admin page
[2025-10-13 00:49:38] [main] INFO  org.example.hrmOrange.testcase.ui.admin.OrangeHRM_Admin_TC6_SearchByMultipleConditions - Filling search fields: username='Admin', role='Admin', status='Enabled'
[2025-10-13 00:49:39] [main] INFO  org.example.hrmOrange.page.admin.AdminPage - Clicked Search button
[2025-10-13 00:49:39] [main] INFO  org.example.hrmOrange.page.admin.AdminPage - Selected User Role = Admin
[2025-10-13 00:49:39] [main] INFO  org.example.hrmOrange.page.admin.AdminPage - Selected Status: Enabled
[2025-10-13 00:49:39] [main] INFO  org.example.hrmOrange.testcase.ui.admin.OrangeHRM_Admin_TC6_SearchByMultipleConditions - Clicking Search button...
[2025-10-13 00:49:39] [main] INFO  org.example.hrmOrange.page.admin.AdminPage - Clicked Search button
[2025-10-13 00:49:39] [main] INFO  org.example.hrmOrange.testcase.ui.admin.OrangeHRM_Admin_TC6_SearchByMultipleConditions - Verifying result contains user 'Admin' with role 'Admin' and status 'Enabled'
[2025-10-13 00:49:39] [main] INFO  org.example.hrmOrange.page.admin.AdminPage - Found 1 record(s) with username = Admin
[2025-10-13 00:49:39] [main] INFO  org.example.hrmOrange.page.admin.AdminPage - Found employee name matching: Admin
[2025-10-13 00:49:39] [main] INFO  org.example.hrmOrange.page.admin.AdminPage - Found 2 record(s) with username = Enabled
[2025-10-13 00:49:39] [main] INFO  org.example.hrmOrange.testcase.ui.admin.OrangeHRM_Admin_TC6_SearchByMultipleConditions - ✅ Testcase passed: Search by Username + Role + Status works correctly.
[2025-10-13 01:05:58] [main] DEBUG org.testng.TestNG - suiteXmlPath: "C:\Users\mytie\AppData\Local\JetBrains\IntelliJIdea2025.2\temp-testng-customsuite.xml"
[2025-10-13 01:05:58] [main] INFO  org.testng.internal.Utils - [TestNG] Running:
  C:\Users\mytie\AppData\Local\JetBrains\IntelliJIdea2025.2\temp-testng-customsuite.xml

[2025-10-13 01:06:03] [main] INFO  org.example.hrmOrange.testcase.ui.admin.OrangeHRM_Admin_TC5_SearchWithInvalidEmployee - Navigating to login page...
[2025-10-13 01:06:04] [main] INFO  org.example.hrmOrange.testcase.ui.admin.OrangeHRM_Admin_TC5_SearchWithInvalidEmployee - Logging in as Admin...
[2025-10-13 01:06:07] [main] INFO  org.example.hrmOrange.testcase.ui.admin.OrangeHRM_Admin_TC5_SearchWithInvalidEmployee - Navigating to Admin page...
[2025-10-13 01:06:08] [main] INFO  org.example.hrmOrange.page.admin.AdminPage - Navigated to Admin page
[2025-10-13 01:06:08] [main] INFO  org.example.hrmOrange.testcase.ui.admin.OrangeHRM_Admin_TC5_SearchWithInvalidEmployee - Entering Employee Name = manda akhil user
[2025-10-13 01:06:08] [main] INFO  org.example.hrmOrange.page.admin.AdminPage - Entered Employee Name: Invalid Employee XYZ
[2025-10-13 01:06:08] [main] INFO  org.example.hrmOrange.testcase.ui.admin.OrangeHRM_Admin_TC5_SearchWithInvalidEmployee - Clicking Search...
[2025-10-13 01:06:08] [main] INFO  org.example.hrmOrange.page.admin.AdminPage - Clicked Search button
[2025-10-13 01:06:08] [main] INFO  org.example.hrmOrange.testcase.ui.admin.OrangeHRM_Admin_TC5_SearchWithInvalidEmployee - Verifying no results found...
[2025-10-13 01:06:13] [main] ERROR org.example.hrmOrange.page.admin.AdminPage - No 'No Records Found' message detected.
com.microsoft.playwright.TimeoutError: Error {
  message='Timeout 5000ms exceeded.
  name='TimeoutError
  stack='TimeoutError: Timeout 5000ms exceeded.
    at ProgressController.run (C:\Users\mytie\AppData\Local\Temp\playwright-java-8248063497506775059\package\lib\server\progress.js:78:26)
    at Frame.waitForSelector (C:\Users\mytie\AppData\Local\Temp\playwright-java-8248063497506775059\package\lib\server\frames.js:619:23)
    at FrameDispatcher.waitForSelector (C:\Users\mytie\AppData\Local\Temp\playwright-java-8248063497506775059\package\lib\server\dispatchers\frameDispatcher.js:105:103)
    at FrameDispatcher._handleCommand (C:\Users\mytie\AppData\Local\Temp\playwright-java-8248063497506775059\package\lib\server\dispatchers\dispatcher.js:94:40)
    at DispatcherConnection.dispatch (C:\Users\mytie\AppData\Local\Temp\playwright-java-8248063497506775059\package\lib\server\dispatchers\dispatcher.js:361:39)
}
Call log:
- waiting for locator("//span[normalize-space()='No Records Found']") to be visible

	at com.microsoft.playwright.impl.WaitableResult.get(WaitableResult.java:52) ~[playwright-1.46.0.jar:1.46.0]
	at com.microsoft.playwright.impl.ChannelOwner.runUntil(ChannelOwner.java:120) ~[playwright-1.46.0.jar:1.46.0]
	at com.microsoft.playwright.impl.Connection.sendMessage(Connection.java:130) ~[playwright-1.46.0.jar:1.46.0]
	at com.microsoft.playwright.impl.ChannelOwner.sendMessage(ChannelOwner.java:106) ~[playwright-1.46.0.jar:1.46.0]
	at com.microsoft.playwright.impl.FrameImpl.waitForSelectorImpl(FrameImpl.java:1060) ~[playwright-1.46.0.jar:1.46.0]
	at com.microsoft.playwright.impl.LocatorImpl.lambda$waitForImpl$7(LocatorImpl.java:619) ~[playwright-1.46.0.jar:1.46.0]
	at com.microsoft.playwright.impl.LoggingSupport.withLogging(LoggingSupport.java:47) ~[playwright-1.46.0.jar:1.46.0]
	at com.microsoft.playwright.impl.ChannelOwner.withLogging(ChannelOwner.java:89) ~[playwright-1.46.0.jar:1.46.0]
	at com.microsoft.playwright.impl.LocatorImpl.waitForImpl(LocatorImpl.java:619) ~[playwright-1.46.0.jar:1.46.0]
	at com.microsoft.playwright.impl.LocatorImpl.waitFor(LocatorImpl.java:615) ~[playwright-1.46.0.jar:1.46.0]
	at org.example.hrmOrange.page.admin.AdminPage.isNoRecordFound(AdminPage.java:140) [test-classes/:?]
	at org.example.hrmOrange.testcase.ui.admin.OrangeHRM_Admin_TC5_SearchWithInvalidEmployee.searchWithInvalidEmployee(OrangeHRM_Admin_TC5_SearchWithInvalidEmployee.java:57) [test-classes/:?]
	at java.base/jdk.internal.reflect.DirectMethodHandleAccessor.invoke(DirectMethodHandleAccessor.java:104) ~[?:?]
	at java.base/java.lang.reflect.Method.invoke(Method.java:565) ~[?:?]
	at org.testng.internal.invokers.MethodInvocationHelper.invokeMethod(MethodInvocationHelper.java:141) [testng-7.10.2.jar:7.10.2]
	at org.testng.internal.invokers.TestInvoker.invokeMethod(TestInvoker.java:686) [testng-7.10.2.jar:7.10.2]
	at org.testng.internal.invokers.TestInvoker.invokeTestMethod(TestInvoker.java:230) [testng-7.10.2.jar:7.10.2]
	at org.testng.internal.invokers.MethodRunner.runInSequence(MethodRunner.java:63) [testng-7.10.2.jar:7.10.2]
	at org.testng.internal.invokers.TestInvoker$MethodInvocationAgent.invoke(TestInvoker.java:992) [testng-7.10.2.jar:7.10.2]
	at org.testng.internal.invokers.TestInvoker.invokeTestMethods(TestInvoker.java:203) [testng-7.10.2.jar:7.10.2]
	at org.testng.internal.invokers.TestMethodWorker.invokeTestMethods(TestMethodWorker.java:154) [testng-7.10.2.jar:7.10.2]
	at org.testng.internal.invokers.TestMethodWorker.run(TestMethodWorker.java:134) [testng-7.10.2.jar:7.10.2]
	at java.base/java.util.ArrayList.forEach(ArrayList.java:1604) [?:?]
	at org.testng.TestRunner.privateRun(TestRunner.java:739) [testng-7.10.2.jar:7.10.2]
	at org.testng.TestRunner.run(TestRunner.java:614) [testng-7.10.2.jar:7.10.2]
	at org.testng.SuiteRunner.runTest(SuiteRunner.java:421) [testng-7.10.2.jar:7.10.2]
	at org.testng.SuiteRunner.runSequentially(SuiteRunner.java:413) [testng-7.10.2.jar:7.10.2]
	at org.testng.SuiteRunner.privateRun(SuiteRunner.java:373) [testng-7.10.2.jar:7.10.2]
	at org.testng.SuiteRunner.run(SuiteRunner.java:312) [testng-7.10.2.jar:7.10.2]
	at org.testng.SuiteRunnerWorker.runSuite(SuiteRunnerWorker.java:52) [testng-7.10.2.jar:7.10.2]
	at org.testng.SuiteRunnerWorker.run(SuiteRunnerWorker.java:95) [testng-7.10.2.jar:7.10.2]
	at org.testng.TestNG.runSuitesSequentially(TestNG.java:1274) [testng-7.10.2.jar:7.10.2]
	at org.testng.TestNG.runSuitesLocally(TestNG.java:1208) [testng-7.10.2.jar:7.10.2]
	at org.testng.TestNG.runSuites(TestNG.java:1112) [testng-7.10.2.jar:7.10.2]
	at org.testng.TestNG.run(TestNG.java:1079) [testng-7.10.2.jar:7.10.2]
	at com.intellij.rt.testng.IDEARemoteTestNG.run(IDEARemoteTestNG.java:65) [testng-rt.jar:?]
	at com.intellij.rt.testng.RemoteTestNGStarter.main(RemoteTestNGStarter.java:105) [testng-rt.jar:?]
Caused by: com.microsoft.playwright.TimeoutError: Error {
  message='Timeout 5000ms exceeded.
  name='TimeoutError
  stack='TimeoutError: Timeout 5000ms exceeded.
    at ProgressController.run (C:\Users\mytie\AppData\Local\Temp\playwright-java-8248063497506775059\package\lib\server\progress.js:78:26)
    at Frame.waitForSelector (C:\Users\mytie\AppData\Local\Temp\playwright-java-8248063497506775059\package\lib\server\frames.js:619:23)
    at FrameDispatcher.waitForSelector (C:\Users\mytie\AppData\Local\Temp\playwright-java-8248063497506775059\package\lib\server\dispatchers\frameDispatcher.js:105:103)
    at FrameDispatcher._handleCommand (C:\Users\mytie\AppData\Local\Temp\playwright-java-8248063497506775059\package\lib\server\dispatchers\dispatcher.js:94:40)
    at DispatcherConnection.dispatch (C:\Users\mytie\AppData\Local\Temp\playwright-java-8248063497506775059\package\lib\server\dispatchers\dispatcher.js:361:39)
}
Call log:
- waiting for locator("//span[normalize-space()='No Records Found']") to be visible

	at com.microsoft.playwright.impl.Connection.dispatch(Connection.java:254) ~[playwright-1.46.0.jar:1.46.0]
	at com.microsoft.playwright.impl.Connection.processOneMessage(Connection.java:211) ~[playwright-1.46.0.jar:1.46.0]
	at com.microsoft.playwright.impl.ChannelOwner.runUntil(ChannelOwner.java:118) ~[playwright-1.46.0.jar:1.46.0]
	... 35 more
[2025-10-13 01:08:15] [main] DEBUG org.testng.TestNG - suiteXmlPath: "C:\Users\mytie\AppData\Local\JetBrains\IntelliJIdea2025.2\temp-testng-customsuite.xml"
[2025-10-13 01:08:15] [main] INFO  org.testng.internal.Utils - [TestNG] Running:
  C:\Users\mytie\AppData\Local\JetBrains\IntelliJIdea2025.2\temp-testng-customsuite.xml

[2025-10-13 01:08:20] [main] INFO  org.example.hrmOrange.testcase.ui.admin.OrangeHRM_Admin_TC5_SearchWithInvalidEmployee - Navigating to login page...
[2025-10-13 01:08:21] [main] INFO  org.example.hrmOrange.testcase.ui.admin.OrangeHRM_Admin_TC5_SearchWithInvalidEmployee - Logging in as Admin...
[2025-10-13 01:08:23] [main] INFO  org.example.hrmOrange.testcase.ui.admin.OrangeHRM_Admin_TC5_SearchWithInvalidEmployee - Navigating to Admin page...
[2025-10-13 01:08:25] [main] INFO  org.example.hrmOrange.page.admin.AdminPage - Navigated to Admin page
[2025-10-13 01:08:25] [main] INFO  org.example.hrmOrange.testcase.ui.admin.OrangeHRM_Admin_TC5_SearchWithInvalidEmployee - Entering Employee Name = manda akhil user
[2025-10-13 01:08:25] [main] INFO  org.example.hrmOrange.page.admin.AdminPage - Entered Employee Name: Invalid Employee XYZ
[2025-10-13 01:08:25] [main] INFO  org.example.hrmOrange.testcase.ui.admin.OrangeHRM_Admin_TC5_SearchWithInvalidEmployee - Clicking Search...
[2025-10-13 01:08:25] [main] INFO  org.example.hrmOrange.page.admin.AdminPage - Clicked Search button
[2025-10-13 01:08:25] [main] INFO  org.example.hrmOrange.testcase.ui.admin.OrangeHRM_Admin_TC5_SearchWithInvalidEmployee - Verifying invalid employee name message displayed...
[2025-10-13 01:08:25] [main] INFO  org.example.hrmOrange.testcase.ui.admin.OrangeHRM_Admin_TC5_SearchWithInvalidEmployee - Testcase passed: Searching with invalid employee name shows no data.
[2025-10-13 01:11:54] [main] DEBUG org.testng.TestNG - suiteXmlPath: "C:\Users\mytie\AppData\Local\JetBrains\IntelliJIdea2025.2\temp-testng-customsuite.xml"
[2025-10-13 01:11:54] [main] INFO  org.testng.internal.Utils - [TestNG] Running:
  C:\Users\mytie\AppData\Local\JetBrains\IntelliJIdea2025.2\temp-testng-customsuite.xml

[2025-10-13 01:11:59] [main] INFO  org.example.hrmOrange.testcase.ui.admin.OrangeHRM_Admin_TC8_SearchWithInvalidUserRole - Navigating to login page...
[2025-10-13 01:12:00] [main] INFO  org.example.hrmOrange.testcase.ui.admin.OrangeHRM_Admin_TC8_SearchWithInvalidUserRole - Logging in as Admin...
[2025-10-13 01:12:03] [main] INFO  org.example.hrmOrange.testcase.ui.admin.OrangeHRM_Admin_TC8_SearchWithInvalidUserRole - Navigating to Admin page...
[2025-10-13 01:12:04] [main] INFO  org.example.hrmOrange.page.admin.AdminPage - Navigated to Admin page
[2025-10-13 01:12:04] [main] INFO  org.example.hrmOrange.testcase.ui.admin.OrangeHRM_Admin_TC8_SearchWithInvalidUserRole - Selecting invalid User Role (ESS)...
[2025-10-13 01:12:04] [main] INFO  org.example.hrmOrange.page.admin.AdminPage - Selected User Role = ESS
[2025-10-13 01:12:04] [main] INFO  org.example.hrmOrange.testcase.ui.admin.OrangeHRM_Admin_TC8_SearchWithInvalidUserRole - Clicking Search...
[2025-10-13 01:12:04] [main] INFO  org.example.hrmOrange.page.admin.AdminPage - Clicked Search button
[2025-10-13 01:12:04] [main] INFO  org.example.hrmOrange.testcase.ui.admin.OrangeHRM_Admin_TC8_SearchWithInvalidUserRole - Verifying no records found...
[2025-10-13 01:12:09] [main] ERROR org.example.hrmOrange.page.admin.AdminPage - No 'No Records Found' message detected.
com.microsoft.playwright.TimeoutError: Error {
  message='Timeout 5000ms exceeded.
  name='TimeoutError
  stack='TimeoutError: Timeout 5000ms exceeded.
    at ProgressController.run (C:\Users\mytie\AppData\Local\Temp\playwright-java-16415091382190099488\package\lib\server\progress.js:78:26)
    at Frame.waitForSelector (C:\Users\mytie\AppData\Local\Temp\playwright-java-16415091382190099488\package\lib\server\frames.js:619:23)
    at FrameDispatcher.waitForSelector (C:\Users\mytie\AppData\Local\Temp\playwright-java-16415091382190099488\package\lib\server\dispatchers\frameDispatcher.js:105:103)
    at FrameDispatcher._handleCommand (C:\Users\mytie\AppData\Local\Temp\playwright-java-16415091382190099488\package\lib\server\dispatchers\dispatcher.js:94:40)
    at DispatcherConnection.dispatch (C:\Users\mytie\AppData\Local\Temp\playwright-java-16415091382190099488\package\lib\server\dispatchers\dispatcher.js:361:39)
}
Call log:
- waiting for locator("//span[normalize-space()='No Records Found']") to be visible

	at com.microsoft.playwright.impl.WaitableResult.get(WaitableResult.java:52) ~[playwright-1.46.0.jar:1.46.0]
	at com.microsoft.playwright.impl.ChannelOwner.runUntil(ChannelOwner.java:120) ~[playwright-1.46.0.jar:1.46.0]
	at com.microsoft.playwright.impl.Connection.sendMessage(Connection.java:130) ~[playwright-1.46.0.jar:1.46.0]
	at com.microsoft.playwright.impl.ChannelOwner.sendMessage(ChannelOwner.java:106) ~[playwright-1.46.0.jar:1.46.0]
	at com.microsoft.playwright.impl.FrameImpl.waitForSelectorImpl(FrameImpl.java:1060) ~[playwright-1.46.0.jar:1.46.0]
	at com.microsoft.playwright.impl.LocatorImpl.lambda$waitForImpl$7(LocatorImpl.java:619) ~[playwright-1.46.0.jar:1.46.0]
	at com.microsoft.playwright.impl.LoggingSupport.withLogging(LoggingSupport.java:47) ~[playwright-1.46.0.jar:1.46.0]
	at com.microsoft.playwright.impl.ChannelOwner.withLogging(ChannelOwner.java:89) ~[playwright-1.46.0.jar:1.46.0]
	at com.microsoft.playwright.impl.LocatorImpl.waitForImpl(LocatorImpl.java:619) ~[playwright-1.46.0.jar:1.46.0]
	at com.microsoft.playwright.impl.LocatorImpl.waitFor(LocatorImpl.java:615) ~[playwright-1.46.0.jar:1.46.0]
	at org.example.hrmOrange.page.admin.AdminPage.isNoRecordFound(AdminPage.java:140) [test-classes/:?]
	at org.example.hrmOrange.testcase.ui.admin.OrangeHRM_Admin_TC8_SearchWithInvalidUserRole.searchWithInvalidUserRole(OrangeHRM_Admin_TC8_SearchWithInvalidUserRole.java:50) [test-classes/:?]
	at java.base/jdk.internal.reflect.DirectMethodHandleAccessor.invoke(DirectMethodHandleAccessor.java:104) ~[?:?]
	at java.base/java.lang.reflect.Method.invoke(Method.java:565) ~[?:?]
	at org.testng.internal.invokers.MethodInvocationHelper.invokeMethod(MethodInvocationHelper.java:141) [testng-7.10.2.jar:7.10.2]
	at org.testng.internal.invokers.TestInvoker.invokeMethod(TestInvoker.java:686) [testng-7.10.2.jar:7.10.2]
	at org.testng.internal.invokers.TestInvoker.invokeTestMethod(TestInvoker.java:230) [testng-7.10.2.jar:7.10.2]
	at org.testng.internal.invokers.MethodRunner.runInSequence(MethodRunner.java:63) [testng-7.10.2.jar:7.10.2]
	at org.testng.internal.invokers.TestInvoker$MethodInvocationAgent.invoke(TestInvoker.java:992) [testng-7.10.2.jar:7.10.2]
	at org.testng.internal.invokers.TestInvoker.invokeTestMethods(TestInvoker.java:203) [testng-7.10.2.jar:7.10.2]
	at org.testng.internal.invokers.TestMethodWorker.invokeTestMethods(TestMethodWorker.java:154) [testng-7.10.2.jar:7.10.2]
	at org.testng.internal.invokers.TestMethodWorker.run(TestMethodWorker.java:134) [testng-7.10.2.jar:7.10.2]
	at java.base/java.util.ArrayList.forEach(ArrayList.java:1604) [?:?]
	at org.testng.TestRunner.privateRun(TestRunner.java:739) [testng-7.10.2.jar:7.10.2]
	at org.testng.TestRunner.run(TestRunner.java:614) [testng-7.10.2.jar:7.10.2]
	at org.testng.SuiteRunner.runTest(SuiteRunner.java:421) [testng-7.10.2.jar:7.10.2]
	at org.testng.SuiteRunner.runSequentially(SuiteRunner.java:413) [testng-7.10.2.jar:7.10.2]
	at org.testng.SuiteRunner.privateRun(SuiteRunner.java:373) [testng-7.10.2.jar:7.10.2]
	at org.testng.SuiteRunner.run(SuiteRunner.java:312) [testng-7.10.2.jar:7.10.2]
	at org.testng.SuiteRunnerWorker.runSuite(SuiteRunnerWorker.java:52) [testng-7.10.2.jar:7.10.2]
	at org.testng.SuiteRunnerWorker.run(SuiteRunnerWorker.java:95) [testng-7.10.2.jar:7.10.2]
	at org.testng.TestNG.runSuitesSequentially(TestNG.java:1274) [testng-7.10.2.jar:7.10.2]
	at org.testng.TestNG.runSuitesLocally(TestNG.java:1208) [testng-7.10.2.jar:7.10.2]
	at org.testng.TestNG.runSuites(TestNG.java:1112) [testng-7.10.2.jar:7.10.2]
	at org.testng.TestNG.run(TestNG.java:1079) [testng-7.10.2.jar:7.10.2]
	at com.intellij.rt.testng.IDEARemoteTestNG.run(IDEARemoteTestNG.java:65) [testng-rt.jar:?]
	at com.intellij.rt.testng.RemoteTestNGStarter.main(RemoteTestNGStarter.java:105) [testng-rt.jar:?]
Caused by: com.microsoft.playwright.TimeoutError: Error {
  message='Timeout 5000ms exceeded.
  name='TimeoutError
  stack='TimeoutError: Timeout 5000ms exceeded.
    at ProgressController.run (C:\Users\mytie\AppData\Local\Temp\playwright-java-16415091382190099488\package\lib\server\progress.js:78:26)
    at Frame.waitForSelector (C:\Users\mytie\AppData\Local\Temp\playwright-java-16415091382190099488\package\lib\server\frames.js:619:23)
    at FrameDispatcher.waitForSelector (C:\Users\mytie\AppData\Local\Temp\playwright-java-16415091382190099488\package\lib\server\dispatchers\frameDispatcher.js:105:103)
    at FrameDispatcher._handleCommand (C:\Users\mytie\AppData\Local\Temp\playwright-java-16415091382190099488\package\lib\server\dispatchers\dispatcher.js:94:40)
    at DispatcherConnection.dispatch (C:\Users\mytie\AppData\Local\Temp\playwright-java-16415091382190099488\package\lib\server\dispatchers\dispatcher.js:361:39)
}
Call log:
- waiting for locator("//span[normalize-space()='No Records Found']") to be visible

	at com.microsoft.playwright.impl.Connection.dispatch(Connection.java:254) ~[playwright-1.46.0.jar:1.46.0]
	at com.microsoft.playwright.impl.Connection.processOneMessage(Connection.java:211) ~[playwright-1.46.0.jar:1.46.0]
	at com.microsoft.playwright.impl.ChannelOwner.runUntil(ChannelOwner.java:118) ~[playwright-1.46.0.jar:1.46.0]
	... 35 more
[2025-10-13 01:20:47] [main] DEBUG org.testng.TestNG - suiteXmlPath: "C:\Users\mytie\AppData\Local\JetBrains\IntelliJIdea2025.2\temp-testng-customsuite.xml"
[2025-10-13 01:20:47] [main] INFO  org.testng.internal.Utils - [TestNG] Running:
  C:\Users\mytie\AppData\Local\JetBrains\IntelliJIdea2025.2\temp-testng-customsuite.xml

[2025-10-13 01:20:52] [main] INFO  org.example.hrmOrange.testcase.ui.admin.OrangeHRM_Admin_TC8_VerifyResetButtonClearsFilters - Navigating to login page...
[2025-10-13 01:20:52] [main] INFO  org.example.hrmOrange.testcase.ui.admin.OrangeHRM_Admin_TC8_VerifyResetButtonClearsFilters - Logging in as Admin...
[2025-10-13 01:20:55] [main] INFO  org.example.hrmOrange.testcase.ui.admin.OrangeHRM_Admin_TC8_VerifyResetButtonClearsFilters - Navigating to Admin page...
[2025-10-13 01:20:57] [main] INFO  org.example.hrmOrange.page.admin.AdminPage - Navigated to Admin page
[2025-10-13 01:20:57] [main] INFO  org.example.hrmOrange.testcase.ui.admin.OrangeHRM_Admin_TC8_VerifyResetButtonClearsFilters - Filling search filters...
[2025-10-13 01:20:57] [main] INFO  org.example.hrmOrange.page.admin.AdminPage - Clicked Search button
[2025-10-13 01:20:57] [main] INFO  org.example.hrmOrange.page.admin.AdminPage - Selected User Role = ESS
[2025-10-13 01:20:57] [main] INFO  org.example.hrmOrange.page.admin.AdminPage - Entered Employee Name: manda user
[2025-10-13 01:20:57] [main] INFO  org.example.hrmOrange.page.admin.AdminPage - Selected Status: Enabled
[2025-10-13 01:20:57] [main] INFO  org.example.hrmOrange.testcase.ui.admin.OrangeHRM_Admin_TC8_VerifyResetButtonClearsFilters - Clicking Reset button...
[2025-10-13 01:20:57] [main] INFO  org.example.hrmOrange.page.admin.AdminPage - Clicked Reset button
[2025-10-13 01:20:57] [main] INFO  org.example.hrmOrange.testcase.ui.admin.OrangeHRM_Admin_TC8_VerifyResetButtonClearsFilters - Verifying that all filters are cleared...
[2025-10-13 01:20:57] [main] INFO  org.example.hrmOrange.page.admin.AdminPage - Filters cleared check -> Username: '', Employee: '', Role: '-- Select --', Status: '-- Select --'
[2025-10-13 01:20:57] [main] INFO  org.example.hrmOrange.testcase.ui.admin.OrangeHRM_Admin_TC8_VerifyResetButtonClearsFilters - Testcase passed: Reset button clears all filters successfully.
[2025-10-13 01:22:33] [main] DEBUG org.testng.TestNG - suiteXmlPath: "C:\Users\mytie\AppData\Local\JetBrains\IntelliJIdea2025.2\temp-testng-customsuite.xml"
[2025-10-13 01:22:33] [main] INFO  org.testng.internal.Utils - [TestNG] Running:
  C:\Users\mytie\AppData\Local\JetBrains\IntelliJIdea2025.2\temp-testng-customsuite.xml

[2025-10-13 01:22:38] [main] INFO  org.example.hrmOrange.testcase.ui.admin.OrangeHRM_Admin_TC9_SearchWithoutFilters - Navigating to login page...
[2025-10-13 01:22:39] [main] INFO  org.example.hrmOrange.testcase.ui.admin.OrangeHRM_Admin_TC9_SearchWithoutFilters - Logging in as Admin...
[2025-10-13 01:22:41] [main] INFO  org.example.hrmOrange.testcase.ui.admin.OrangeHRM_Admin_TC9_SearchWithoutFilters - Navigating to Admin page...
[2025-10-13 01:22:43] [main] INFO  org.example.hrmOrange.page.admin.AdminPage - Navigated to Admin page
[2025-10-13 01:22:43] [main] INFO  org.example.hrmOrange.testcase.ui.admin.OrangeHRM_Admin_TC9_SearchWithoutFilters - Clicking Search without entering any filters...
[2025-10-13 01:22:43] [main] INFO  org.example.hrmOrange.page.admin.AdminPage - Clicked Search button
[2025-10-13 01:22:43] [main] INFO  org.example.hrmOrange.testcase.ui.admin.OrangeHRM_Admin_TC9_SearchWithoutFilters - Verifying that user list is displayed...
[2025-10-13 01:22:48] [main] ERROR org.example.hrmOrange.page.admin.AdminPage - No 'Invalid' message detected.
[2025-10-13 01:25:42] [main] DEBUG org.testng.TestNG - suiteXmlPath: "C:\Users\mytie\AppData\Local\JetBrains\IntelliJIdea2025.2\temp-testng-customsuite.xml"
[2025-10-13 01:25:43] [main] INFO  org.testng.internal.Utils - [TestNG] Running:
  C:\Users\mytie\AppData\Local\JetBrains\IntelliJIdea2025.2\temp-testng-customsuite.xml

[2025-10-13 01:25:48] [main] INFO  org.example.hrmOrange.testcase.ui.admin.OrangeHRM_Admin_TC9_SearchWithoutFilters - Navigating to login page...
[2025-10-13 01:25:48] [main] INFO  org.example.hrmOrange.testcase.ui.admin.OrangeHRM_Admin_TC9_SearchWithoutFilters - Logging in as Admin...
[2025-10-13 01:25:51] [main] INFO  org.example.hrmOrange.testcase.ui.admin.OrangeHRM_Admin_TC9_SearchWithoutFilters - Navigating to Admin page...
[2025-10-13 01:25:53] [main] INFO  org.example.hrmOrange.page.admin.AdminPage - Navigated to Admin page
[2025-10-13 01:25:53] [main] INFO  org.example.hrmOrange.testcase.ui.admin.OrangeHRM_Admin_TC9_SearchWithoutFilters - Clicking Search without entering any filters...
[2025-10-13 01:25:53] [main] INFO  org.example.hrmOrange.page.admin.AdminPage - Clicked Search button
[2025-10-13 01:25:53] [main] INFO  org.example.hrmOrange.testcase.ui.admin.OrangeHRM_Admin_TC9_SearchWithoutFilters - Verifying that user list is displayed...
[2025-10-13 01:25:53] [main] INFO  org.example.hrmOrange.testcase.ui.admin.OrangeHRM_Admin_TC9_SearchWithoutFilters - Testcase passed: Search without filters displays all users.
[2025-10-13 01:28:51] [main] DEBUG org.testng.TestNG - suiteXmlPath: "C:\Users\mytie\AppData\Local\JetBrains\IntelliJIdea2025.2\temp-testng-customsuite.xml"
[2025-10-13 01:28:51] [main] INFO  org.testng.internal.Utils - [TestNG] Running:
  C:\Users\mytie\AppData\Local\JetBrains\IntelliJIdea2025.2\temp-testng-customsuite.xml

[2025-10-13 01:28:57] [main] INFO  org.example.hrmOrange.testcase.ui.admin.OrangeHRM_Admin_TC10_SearchWithValidUsernameAndInvalidRole - Navigating to login page...
[2025-10-13 01:28:57] [main] INFO  org.example.hrmOrange.testcase.ui.admin.OrangeHRM_Admin_TC10_SearchWithValidUsernameAndInvalidRole - Logging in as Admin...
[2025-10-13 01:29:01] [main] INFO  org.example.hrmOrange.testcase.ui.admin.OrangeHRM_Admin_TC10_SearchWithValidUsernameAndInvalidRole - Navigating to Admin page...
[2025-10-13 01:29:02] [main] INFO  org.example.hrmOrange.page.admin.AdminPage - Navigated to Admin page
[2025-10-13 01:29:02] [main] INFO  org.example.hrmOrange.testcase.ui.admin.OrangeHRM_Admin_TC10_SearchWithValidUsernameAndInvalidRole - Entering valid username = 'Admin'...
[2025-10-13 01:29:03] [main] INFO  org.example.hrmOrange.page.admin.AdminPage - Clicked Search button
[2025-10-13 01:29:03] [main] INFO  org.example.hrmOrange.testcase.ui.admin.OrangeHRM_Admin_TC10_SearchWithValidUsernameAndInvalidRole - Selecting invalid role = 'ESS'...
[2025-10-13 01:29:03] [main] INFO  org.example.hrmOrange.page.admin.AdminPage - Selected User Role = ESS
[2025-10-13 01:29:03] [main] INFO  org.example.hrmOrange.testcase.ui.admin.OrangeHRM_Admin_TC10_SearchWithValidUsernameAndInvalidRole - Clicking Search button...
[2025-10-13 01:29:03] [main] INFO  org.example.hrmOrange.page.admin.AdminPage - Clicked Search button
[2025-10-13 01:29:03] [main] INFO  org.example.hrmOrange.testcase.ui.admin.OrangeHRM_Admin_TC10_SearchWithValidUsernameAndInvalidRole - Verifying that no records are found...
[2025-10-13 01:29:03] [main] INFO  org.example.hrmOrange.testcase.ui.admin.OrangeHRM_Admin_TC10_SearchWithValidUsernameAndInvalidRole - Testcase passed: Searching with valid username and invalid role shows no results.
[2025-10-13 01:32:02] [main] DEBUG org.testng.TestNG - suiteXmlPath: "C:\Users\mytie\AppData\Local\JetBrains\IntelliJIdea2025.2\temp-testng-customsuite.xml"
[2025-10-13 01:32:03] [main] INFO  org.testng.internal.Utils - [TestNG] Running:
  C:\Users\mytie\AppData\Local\JetBrains\IntelliJIdea2025.2\temp-testng-customsuite.xml

[2025-10-13 01:32:08] [main] INFO  org.example.hrmOrange.testcase.ui.admin.OrangeHRM_Admin_TC1_VerifySearchAdminByUsername - Navigating to login page...
[2025-10-13 01:32:08] [main] INFO  org.example.hrmOrange.testcase.ui.admin.OrangeHRM_Admin_TC1_VerifySearchAdminByUsername - Performing login with username='Admin' and password='admin123'
[2025-10-13 01:32:11] [main] INFO  org.example.hrmOrange.testcase.ui.admin.OrangeHRM_Admin_TC1_VerifySearchAdminByUsername - Verifying dashboard is visible...
[2025-10-13 01:32:12] [main] INFO  org.example.hrmOrange.testcase.ui.admin.OrangeHRM_Admin_TC1_VerifySearchAdminByUsername - Navigating to Admin page...
[2025-10-13 01:32:13] [main] INFO  org.example.hrmOrange.page.admin.AdminPage - Navigated to Admin page
[2025-10-13 01:32:13] [main] INFO  org.example.hrmOrange.testcase.ui.admin.OrangeHRM_Admin_TC1_VerifySearchAdminByUsername - Searching for admin user...
[2025-10-13 01:32:13] [main] INFO  org.example.hrmOrange.page.admin.AdminPage - Clicked Search button
[2025-10-13 01:32:13] [main] INFO  org.example.hrmOrange.testcase.ui.admin.OrangeHRM_Admin_TC1_VerifySearchAdminByUsername - Verifying admin user is displayed in the result table...
[2025-10-13 01:32:14] [main] INFO  org.example.hrmOrange.page.admin.AdminPage - Found 2 record(s) with username = Admin
[2025-10-13 01:32:14] [main] INFO  org.example.hrmOrange.testcase.ui.admin.OrangeHRM_Admin_TC1_VerifySearchAdminByUsername - Testcase passed: admin search by username 'Admin' returns correct data
[2025-10-13 01:32:23] [main] DEBUG org.testng.TestNG - suiteXmlPath: "C:\Users\mytie\IdeaProjects\Playwright_demo\src\test\resources\suites\OrangeHRM_SearchFunction.xml"
[2025-10-13 01:32:23] [main] WARN  org.testng.xml.TestNGContentHandler - It is strongly recommended to add "<!DOCTYPE suite SYSTEM "https://testng.org/testng-1.1.dtd" >" at the top of the suite file [C:\Users\mytie\IdeaProjects\Playwright_demo\src\test\resources\suites\OrangeHRM_SearchFunction.xml] otherwise TestNG may fail or not work as expected.
[2025-10-13 01:32:23] [main] INFO  org.testng.internal.Utils - [XmlSuite] [WARN] 'parallel' value 'false' is no longer valid, defaulting to 'none'.
[2025-10-13 01:32:23] [main] INFO  org.testng.internal.Utils - [TestNG] Running:
  C:\Users\mytie\IdeaProjects\Playwright_demo\src\test\resources\suites\OrangeHRM_SearchFunction.xml

[2025-10-13 01:32:28] [main] INFO  org.example.hrmOrange.testcase.ui.admin.OrangeHRM_Admin_TC10_SearchWithValidUsernameAndInvalidRole - Navigating to login page...
[2025-10-13 01:32:28] [main] INFO  org.example.hrmOrange.testcase.ui.admin.OrangeHRM_Admin_TC10_SearchWithValidUsernameAndInvalidRole - Logging in as Admin...
[2025-10-13 01:32:31] [main] INFO  org.example.hrmOrange.testcase.ui.admin.OrangeHRM_Admin_TC10_SearchWithValidUsernameAndInvalidRole - Navigating to Admin page...
[2025-10-13 01:32:33] [main] INFO  org.example.hrmOrange.page.admin.AdminPage - Navigated to Admin page
[2025-10-13 01:32:33] [main] INFO  org.example.hrmOrange.testcase.ui.admin.OrangeHRM_Admin_TC10_SearchWithValidUsernameAndInvalidRole - Entering valid username = 'Admin'...
[2025-10-13 01:32:33] [main] INFO  org.example.hrmOrange.page.admin.AdminPage - Clicked Search button
[2025-10-13 01:32:33] [main] INFO  org.example.hrmOrange.testcase.ui.admin.OrangeHRM_Admin_TC10_SearchWithValidUsernameAndInvalidRole - Selecting invalid role = 'ESS'...
[2025-10-13 01:32:33] [main] INFO  org.example.hrmOrange.page.admin.AdminPage - Selected User Role = ESS
[2025-10-13 01:32:33] [main] INFO  org.example.hrmOrange.testcase.ui.admin.OrangeHRM_Admin_TC10_SearchWithValidUsernameAndInvalidRole - Clicking Search button...
[2025-10-13 01:32:33] [main] INFO  org.example.hrmOrange.page.admin.AdminPage - Clicked Search button
[2025-10-13 01:32:33] [main] INFO  org.example.hrmOrange.testcase.ui.admin.OrangeHRM_Admin_TC10_SearchWithValidUsernameAndInvalidRole - Verifying that no records are found...
[2025-10-13 01:32:34] [main] INFO  org.example.hrmOrange.testcase.ui.admin.OrangeHRM_Admin_TC10_SearchWithValidUsernameAndInvalidRole - Testcase passed: Searching with valid username and invalid role shows no results.
[2025-10-13 01:32:38] [main] INFO  org.example.hrmOrange.testcase.ui.admin.OrangeHRM_Admin_TC1_VerifySearchAdminByUsername - Navigating to login page...
[2025-10-13 01:32:38] [main] INFO  org.example.hrmOrange.testcase.ui.admin.OrangeHRM_Admin_TC1_VerifySearchAdminByUsername - Performing login with username='Admin' and password='admin123'
[2025-10-13 01:32:40] [main] INFO  org.example.hrmOrange.testcase.ui.admin.OrangeHRM_Admin_TC1_VerifySearchAdminByUsername - Verifying dashboard is visible...
[2025-10-13 01:32:41] [main] INFO  org.example.hrmOrange.testcase.ui.admin.OrangeHRM_Admin_TC1_VerifySearchAdminByUsername - Navigating to Admin page...
[2025-10-13 01:32:42] [main] INFO  org.example.hrmOrange.page.admin.AdminPage - Navigated to Admin page
[2025-10-13 01:32:42] [main] INFO  org.example.hrmOrange.testcase.ui.admin.OrangeHRM_Admin_TC1_VerifySearchAdminByUsername - Searching for admin user...
[2025-10-13 01:32:42] [main] INFO  org.example.hrmOrange.page.admin.AdminPage - Clicked Search button
[2025-10-13 01:32:42] [main] INFO  org.example.hrmOrange.testcase.ui.admin.OrangeHRM_Admin_TC1_VerifySearchAdminByUsername - Verifying admin user is displayed in the result table...
[2025-10-13 01:32:43] [main] INFO  org.example.hrmOrange.page.admin.AdminPage - Found 2 record(s) with username = Admin
[2025-10-13 01:32:43] [main] INFO  org.example.hrmOrange.testcase.ui.admin.OrangeHRM_Admin_TC1_VerifySearchAdminByUsername - Testcase passed: admin search by username 'Admin' returns correct data
[2025-10-13 01:32:47] [main] INFO  org.example.hrmOrange.testcase.ui.admin.OrangeHRM_Admin_TC2_SearchByUserRoleAdmin - Navigating to login page...
[2025-10-13 01:32:48] [main] INFO  org.example.hrmOrange.testcase.ui.admin.OrangeHRM_Admin_TC2_SearchByUserRoleAdmin - Performing login with username='Admin' and password='admin123'
[2025-10-13 01:32:50] [main] INFO  org.example.hrmOrange.testcase.ui.admin.OrangeHRM_Admin_TC2_SearchByUserRoleAdmin - Verifying dashboard is visible...
[2025-10-13 01:32:51] [main] INFO  org.example.hrmOrange.testcase.ui.admin.OrangeHRM_Admin_TC2_SearchByUserRoleAdmin - Navigating to Admin page...
[2025-10-13 01:32:52] [main] INFO  org.example.hrmOrange.page.admin.AdminPage - Navigated to Admin page
[2025-10-13 01:32:52] [main] INFO  org.example.hrmOrange.testcase.ui.admin.OrangeHRM_Admin_TC2_SearchByUserRoleAdmin - Selecting User Role = Admin
[2025-10-13 01:32:52] [main] INFO  org.example.hrmOrange.page.admin.AdminPage - Selected User Role = Admin
[2025-10-13 01:32:52] [main] INFO  org.example.hrmOrange.testcase.ui.admin.OrangeHRM_Admin_TC2_SearchByUserRoleAdmin - Clicking Search button...
[2025-10-13 01:32:52] [main] INFO  org.example.hrmOrange.page.admin.AdminPage - Clicked Search button
[2025-10-13 01:32:52] [main] INFO  org.example.hrmOrange.testcase.ui.admin.OrangeHRM_Admin_TC2_SearchByUserRoleAdmin - Verifying at least one admin user is displayed in the result table...
[2025-10-13 01:32:52] [main] INFO  org.example.hrmOrange.page.admin.AdminPage - Found 1 record(s) with username = Admin
[2025-10-13 01:32:52] [main] INFO  org.example.hrmOrange.testcase.ui.admin.OrangeHRM_Admin_TC2_SearchByUserRoleAdmin - Testcase passed: admin search by User Role 'Admin' returns correct data
[2025-10-13 01:32:56] [main] INFO  org.example.hrmOrange.testcase.ui.admin.OrangeHRM_Admin_TC3_SearchByStatusEnabled - Navigating to login page...
[2025-10-13 01:32:56] [main] INFO  org.example.hrmOrange.testcase.ui.admin.OrangeHRM_Admin_TC3_SearchByStatusEnabled - Logging in with username='Admin' and password='admin123'
[2025-10-13 01:32:59] [main] INFO  org.example.hrmOrange.testcase.ui.admin.OrangeHRM_Admin_TC3_SearchByStatusEnabled - Dashboard is visible
[2025-10-13 01:32:59] [main] INFO  org.example.hrmOrange.testcase.ui.admin.OrangeHRM_Admin_TC3_SearchByStatusEnabled - Navigating to Admin page...
[2025-10-13 01:33:00] [main] INFO  org.example.hrmOrange.page.admin.AdminPage - Navigated to Admin page
[2025-10-13 01:33:00] [main] INFO  org.example.hrmOrange.testcase.ui.admin.OrangeHRM_Admin_TC3_SearchByStatusEnabled - Selecting Status = Enabled...
[2025-10-13 01:33:00] [main] INFO  org.example.hrmOrange.page.admin.AdminPage - Selected Status: Enabled
[2025-10-13 01:33:00] [main] INFO  org.example.hrmOrange.testcase.ui.admin.OrangeHRM_Admin_TC3_SearchByStatusEnabled - Clicking Search button...
[2025-10-13 01:33:00] [main] INFO  org.example.hrmOrange.page.admin.AdminPage - Clicked Search button
[2025-10-13 01:33:00] [main] INFO  org.example.hrmOrange.testcase.ui.admin.OrangeHRM_Admin_TC3_SearchByStatusEnabled - Verifying that at least one Enabled account is displayed...
[2025-10-13 01:33:01] [main] INFO  org.example.hrmOrange.page.admin.AdminPage - Found 1 record(s) with username = Enabled
[2025-10-13 01:33:01] [main] INFO  org.example.hrmOrange.testcase.ui.admin.OrangeHRM_Admin_TC3_SearchByStatusEnabled - Testcase passed: Admin search by Status 'Enabled' returns correct data
[2025-10-13 01:33:05] [main] INFO  org.example.hrmOrange.testcase.ui.admin.OrangeHRM_Admin_TC4_SearchByEmployeeName - Navigating to login page...
[2025-10-13 01:33:05] [main] INFO  org.example.hrmOrange.testcase.ui.admin.OrangeHRM_Admin_TC4_SearchByEmployeeName - Performing login with username='Admin' and password='admin123'
[2025-10-13 01:33:07] [main] INFO  org.example.hrmOrange.testcase.ui.admin.OrangeHRM_Admin_TC4_SearchByEmployeeName - Verifying dashboard is visible...
[2025-10-13 01:33:08] [main] INFO  org.example.hrmOrange.testcase.ui.admin.OrangeHRM_Admin_TC4_SearchByEmployeeName - Navigating to Admin page...
[2025-10-13 01:33:10] [main] INFO  org.example.hrmOrange.page.admin.AdminPage - Navigated to Admin page
[2025-10-13 01:33:10] [main] INFO  org.example.hrmOrange.testcase.ui.admin.OrangeHRM_Admin_TC4_SearchByEmployeeName - Entering Employee Name = manda akhil user
[2025-10-13 01:33:10] [main] INFO  org.example.hrmOrange.page.admin.AdminPage - Entered Employee Name: manda
[2025-10-13 01:33:10] [main] INFO  org.example.hrmOrange.testcase.ui.admin.OrangeHRM_Admin_TC4_SearchByEmployeeName - Clicking Search button...
[2025-10-13 01:33:10] [main] INFO  org.example.hrmOrange.page.admin.AdminPage - Clicked Search button
[2025-10-13 01:33:10] [main] INFO  org.example.hrmOrange.testcase.ui.admin.OrangeHRM_Admin_TC4_SearchByEmployeeName - Verifying result contains employee 'manda user'...
[2025-10-13 01:33:20] [main] ERROR org.example.hrmOrange.page.admin.AdminPage - Error verifying employee name: Error {
  message='Timeout 10000ms exceeded.
  name='TimeoutError
  stack='TimeoutError: Timeout 10000ms exceeded.
    at ProgressController.run (C:\Users\mytie\AppData\Local\Temp\playwright-java-6952385444115626204\package\lib\server\progress.js:78:26)
    at Frame.waitForSelector (C:\Users\mytie\AppData\Local\Temp\playwright-java-6952385444115626204\package\lib\server\frames.js:619:23)
    at FrameDispatcher.waitForSelector (C:\Users\mytie\AppData\Local\Temp\playwright-java-6952385444115626204\package\lib\server\dispatchers\frameDispatcher.js:105:103)
    at FrameDispatcher._handleCommand (C:\Users\mytie\AppData\Local\Temp\playwright-java-6952385444115626204\package\lib\server\dispatchers\dispatcher.js:94:40)
    at DispatcherConnection.dispatch (C:\Users\mytie\AppData\Local\Temp\playwright-java-6952385444115626204\package\lib\server\dispatchers\dispatcher.js:361:39)
}
Call log:
- waiting for locator("//div[@role='rowgroup']//div[@role='row']//div[@role='cell' and contains(translate(normalize-space(.), 'ABCDEFGHIJKLMNOPQRSTUVWXYZ', 'abcdefghijklmnopqrstuvwxyz'), 'manda user')]").first() to be visible

[2025-10-13 01:33:24] [main] INFO  org.example.hrmOrange.testcase.ui.admin.OrangeHRM_Admin_TC5_SearchWithInvalidEmployee - Navigating to login page...
[2025-10-13 01:33:24] [main] INFO  org.example.hrmOrange.testcase.ui.admin.OrangeHRM_Admin_TC5_SearchWithInvalidEmployee - Logging in as Admin...
[2025-10-13 01:33:28] [main] INFO  org.example.hrmOrange.testcase.ui.admin.OrangeHRM_Admin_TC5_SearchWithInvalidEmployee - Navigating to Admin page...
[2025-10-13 01:33:29] [main] INFO  org.example.hrmOrange.page.admin.AdminPage - Navigated to Admin page
[2025-10-13 01:33:29] [main] INFO  org.example.hrmOrange.testcase.ui.admin.OrangeHRM_Admin_TC5_SearchWithInvalidEmployee - Entering Employee Name = manda akhil user
[2025-10-13 01:33:29] [main] INFO  org.example.hrmOrange.page.admin.AdminPage - Entered Employee Name: Invalid Employee XYZ
[2025-10-13 01:33:29] [main] INFO  org.example.hrmOrange.testcase.ui.admin.OrangeHRM_Admin_TC5_SearchWithInvalidEmployee - Clicking Search...
[2025-10-13 01:33:29] [main] INFO  org.example.hrmOrange.page.admin.AdminPage - Clicked Search button
[2025-10-13 01:33:29] [main] INFO  org.example.hrmOrange.testcase.ui.admin.OrangeHRM_Admin_TC5_SearchWithInvalidEmployee - Verifying invalid employee name message displayed...
[2025-10-13 01:33:29] [main] INFO  org.example.hrmOrange.testcase.ui.admin.OrangeHRM_Admin_TC5_SearchWithInvalidEmployee - Testcase passed: Searching with invalid employee name shows no data.
[2025-10-13 01:33:33] [main] INFO  org.example.hrmOrange.testcase.ui.admin.OrangeHRM_Admin_TC6_SearchByMultipleConditions - Navigating to login page...
[2025-10-13 01:33:34] [main] INFO  org.example.hrmOrange.testcase.ui.admin.OrangeHRM_Admin_TC6_SearchByMultipleConditions - Logging in with Admin credentials...
[2025-10-13 01:33:36] [main] INFO  org.example.hrmOrange.testcase.ui.admin.OrangeHRM_Admin_TC6_SearchByMultipleConditions - Verifying dashboard visibility...
[2025-10-13 01:33:36] [main] INFO  org.example.hrmOrange.testcase.ui.admin.OrangeHRM_Admin_TC6_SearchByMultipleConditions - Navigating to Admin page...
[2025-10-13 01:33:38] [main] INFO  org.example.hrmOrange.page.admin.AdminPage - Navigated to Admin page
[2025-10-13 01:33:38] [main] INFO  org.example.hrmOrange.testcase.ui.admin.OrangeHRM_Admin_TC6_SearchByMultipleConditions - Filling search fields: username='Admin', role='Admin', status='Enabled'
[2025-10-13 01:33:38] [main] INFO  org.example.hrmOrange.page.admin.AdminPage - Clicked Search button
[2025-10-13 01:33:38] [main] INFO  org.example.hrmOrange.page.admin.AdminPage - Selected User Role = Admin
[2025-10-13 01:33:38] [main] INFO  org.example.hrmOrange.page.admin.AdminPage - Selected Status: Enabled
[2025-10-13 01:33:38] [main] INFO  org.example.hrmOrange.testcase.ui.admin.OrangeHRM_Admin_TC6_SearchByMultipleConditions - Clicking Search button...
[2025-10-13 01:33:38] [main] INFO  org.example.hrmOrange.page.admin.AdminPage - Clicked Search button
[2025-10-13 01:33:38] [main] INFO  org.example.hrmOrange.testcase.ui.admin.OrangeHRM_Admin_TC6_SearchByMultipleConditions - Verifying result contains user 'Admin' with role 'Admin' and status 'Enabled'
[2025-10-13 01:33:38] [main] INFO  org.example.hrmOrange.page.admin.AdminPage - Found 1 record(s) with username = Admin
[2025-10-13 01:33:39] [main] INFO  org.example.hrmOrange.page.admin.AdminPage - Found employee name matching: Admin
[2025-10-13 01:33:39] [main] INFO  org.example.hrmOrange.page.admin.AdminPage - Found 2 record(s) with username = Enabled
[2025-10-13 01:33:39] [main] INFO  org.example.hrmOrange.testcase.ui.admin.OrangeHRM_Admin_TC6_SearchByMultipleConditions - ✅ Testcase passed: Search by Username + Role + Status works correctly.
[2025-10-13 01:33:43] [main] INFO  org.example.hrmOrange.testcase.ui.admin.OrangeHRM_Admin_TC7_SearchWithInvalidUserName - Navigating to login page...
[2025-10-13 01:33:43] [main] INFO  org.example.hrmOrange.testcase.ui.admin.OrangeHRM_Admin_TC7_SearchWithInvalidUserName - Logging in as Admin...
[2025-10-13 01:33:46] [main] INFO  org.example.hrmOrange.testcase.ui.admin.OrangeHRM_Admin_TC7_SearchWithInvalidUserName - Navigating to Admin page...
[2025-10-13 01:33:48] [main] INFO  org.example.hrmOrange.page.admin.AdminPage - Navigated to Admin page
[2025-10-13 01:33:48] [main] INFO  org.example.hrmOrange.testcase.ui.admin.OrangeHRM_Admin_TC7_SearchWithInvalidUserName - Entering invalid employee name...
[2025-10-13 01:33:48] [main] INFO  org.example.hrmOrange.page.admin.AdminPage - Clicked Search button
[2025-10-13 01:33:48] [main] INFO  org.example.hrmOrange.testcase.ui.admin.OrangeHRM_Admin_TC7_SearchWithInvalidUserName - Clicking Search...
[2025-10-13 01:33:48] [main] INFO  org.example.hrmOrange.page.admin.AdminPage - Clicked Search button
[2025-10-13 01:33:48] [main] INFO  org.example.hrmOrange.testcase.ui.admin.OrangeHRM_Admin_TC7_SearchWithInvalidUserName - Verifying no results found...
[2025-10-13 01:33:48] [main] INFO  org.example.hrmOrange.testcase.ui.admin.OrangeHRM_Admin_TC7_SearchWithInvalidUserName - Testcase passed: Searching with invalid employee name shows no data.
[2025-10-13 01:33:52] [main] INFO  org.example.hrmOrange.testcase.ui.admin.OrangeHRM_Admin_TC8_VerifyResetButtonClearsFilters - Navigating to login page...
[2025-10-13 01:33:52] [main] INFO  org.example.hrmOrange.testcase.ui.admin.OrangeHRM_Admin_TC8_VerifyResetButtonClearsFilters - Logging in as Admin...
[2025-10-13 01:33:55] [main] INFO  org.example.hrmOrange.testcase.ui.admin.OrangeHRM_Admin_TC8_VerifyResetButtonClearsFilters - Navigating to Admin page...
[2025-10-13 01:33:57] [main] INFO  org.example.hrmOrange.page.admin.AdminPage - Navigated to Admin page
[2025-10-13 01:33:57] [main] INFO  org.example.hrmOrange.testcase.ui.admin.OrangeHRM_Admin_TC8_VerifyResetButtonClearsFilters - Filling search filters...
[2025-10-13 01:33:57] [main] INFO  org.example.hrmOrange.page.admin.AdminPage - Clicked Search button
[2025-10-13 01:33:57] [main] INFO  org.example.hrmOrange.page.admin.AdminPage - Selected User Role = ESS
[2025-10-13 01:33:57] [main] INFO  org.example.hrmOrange.page.admin.AdminPage - Entered Employee Name: manda user
[2025-10-13 01:33:57] [main] INFO  org.example.hrmOrange.page.admin.AdminPage - Selected Status: Enabled
[2025-10-13 01:33:57] [main] INFO  org.example.hrmOrange.testcase.ui.admin.OrangeHRM_Admin_TC8_VerifyResetButtonClearsFilters - Clicking Reset button...
[2025-10-13 01:33:57] [main] INFO  org.example.hrmOrange.page.admin.AdminPage - Clicked Reset button
[2025-10-13 01:33:57] [main] INFO  org.example.hrmOrange.testcase.ui.admin.OrangeHRM_Admin_TC8_VerifyResetButtonClearsFilters - Verifying that all filters are cleared...
[2025-10-13 01:33:57] [main] INFO  org.example.hrmOrange.page.admin.AdminPage - Filters cleared check -> Username: '', Employee: '', Role: '-- Select --', Status: '-- Select --'
[2025-10-13 01:33:57] [main] INFO  org.example.hrmOrange.testcase.ui.admin.OrangeHRM_Admin_TC8_VerifyResetButtonClearsFilters - Testcase passed: Reset button clears all filters successfully.
[2025-10-13 01:34:01] [main] INFO  org.example.hrmOrange.testcase.ui.admin.OrangeHRM_Admin_TC9_SearchWithoutFilters - Navigating to login page...
[2025-10-13 01:34:01] [main] INFO  org.example.hrmOrange.testcase.ui.admin.OrangeHRM_Admin_TC9_SearchWithoutFilters - Logging in as Admin...
[2025-10-13 01:34:04] [main] INFO  org.example.hrmOrange.testcase.ui.admin.OrangeHRM_Admin_TC9_SearchWithoutFilters - Navigating to Admin page...
[2025-10-13 01:34:05] [main] INFO  org.example.hrmOrange.page.admin.AdminPage - Navigated to Admin page
[2025-10-13 01:34:05] [main] INFO  org.example.hrmOrange.testcase.ui.admin.OrangeHRM_Admin_TC9_SearchWithoutFilters - Clicking Search without entering any filters...
[2025-10-13 01:34:05] [main] INFO  org.example.hrmOrange.page.admin.AdminPage - Clicked Search button
[2025-10-13 01:34:05] [main] INFO  org.example.hrmOrange.testcase.ui.admin.OrangeHRM_Admin_TC9_SearchWithoutFilters - Verifying that user list is displayed...
[2025-10-13 01:34:05] [main] INFO  org.example.hrmOrange.testcase.ui.admin.OrangeHRM_Admin_TC9_SearchWithoutFilters - Testcase passed: Search without filters displays all users.
[2025-10-13 01:34:47] [main] DEBUG org.testng.TestNG - suiteXmlPath: "C:\Users\mytie\AppData\Local\JetBrains\IntelliJIdea2025.2\temp-testng-customsuite.xml"
[2025-10-13 01:34:47] [main] INFO  org.testng.internal.Utils - [TestNG] Running:
  C:\Users\mytie\AppData\Local\JetBrains\IntelliJIdea2025.2\temp-testng-customsuite.xml

[2025-10-13 01:34:52] [main] INFO  org.example.hrmOrange.testcase.ui.login.OrangeHRM_Login_TC4_VerifyLoginFailsWithInvalidData - Navigating to login page...
[2025-10-13 01:34:53] [main] INFO  org.example.hrmOrange.testcase.ui.login.OrangeHRM_Login_TC4_VerifyLoginFailsWithInvalidData - Performing login with invalid username='wrongUser' and invalid password='wrongPass'
[2025-10-13 01:34:55] [main] INFO  org.example.hrmOrange.testcase.ui.login.OrangeHRM_Login_TC4_VerifyLoginFailsWithInvalidData - Getting error message from login page...
[2025-10-13 01:34:55] [main] INFO  org.example.hrmOrange.testcase.ui.login.OrangeHRM_Login_TC4_VerifyLoginFailsWithInvalidData - Verifying error message...
[2025-10-13 01:34:55] [main] INFO  org.example.hrmOrange.testcase.ui.login.OrangeHRM_Login_TC4_VerifyLoginFailsWithInvalidData - Testcase passed: login failed with invalid username and password
[2025-10-13 01:35:11] [main] DEBUG org.testng.TestNG - suiteXmlPath: "C:\Users\mytie\AppData\Local\JetBrains\IntelliJIdea2025.2\temp-testng-customsuite.xml"
[2025-10-13 01:35:11] [main] INFO  org.testng.internal.Utils - [TestNG] Running:
  C:\Users\mytie\AppData\Local\JetBrains\IntelliJIdea2025.2\temp-testng-customsuite.xml

[2025-10-13 01:35:16] [main] INFO  org.example.hrmOrange.testcase.ui.admin.OrangeHRM_Admin_TC4_SearchByEmployeeName - Navigating to login page...
[2025-10-13 01:35:18] [main] INFO  org.example.hrmOrange.testcase.ui.admin.OrangeHRM_Admin_TC4_SearchByEmployeeName - Performing login with username='Admin' and password='admin123'
[2025-10-13 01:35:19] [main] INFO  org.example.hrmOrange.testcase.ui.admin.OrangeHRM_Admin_TC4_SearchByEmployeeName - Verifying dashboard is visible...
[2025-10-13 01:35:20] [main] INFO  org.example.hrmOrange.testcase.ui.admin.OrangeHRM_Admin_TC4_SearchByEmployeeName - Navigating to Admin page...
[2025-10-13 01:35:21] [main] INFO  org.example.hrmOrange.page.admin.AdminPage - Navigated to Admin page
[2025-10-13 01:35:21] [main] INFO  org.example.hrmOrange.testcase.ui.admin.OrangeHRM_Admin_TC4_SearchByEmployeeName - Entering Employee Name = manda akhil user
[2025-10-13 01:35:21] [main] INFO  org.example.hrmOrange.page.admin.AdminPage - Entered Employee Name: manda
[2025-10-13 01:35:21] [main] INFO  org.example.hrmOrange.testcase.ui.admin.OrangeHRM_Admin_TC4_SearchByEmployeeName - Clicking Search button...
[2025-10-13 01:35:21] [main] INFO  org.example.hrmOrange.page.admin.AdminPage - Clicked Search button
[2025-10-13 01:35:21] [main] INFO  org.example.hrmOrange.testcase.ui.admin.OrangeHRM_Admin_TC4_SearchByEmployeeName - Verifying result contains employee 'manda user'...
[2025-10-13 01:35:31] [main] ERROR org.example.hrmOrange.page.admin.AdminPage - Error verifying employee name: Error {
  message='Timeout 10000ms exceeded.
  name='TimeoutError
  stack='TimeoutError: Timeout 10000ms exceeded.
    at ProgressController.run (C:\Users\mytie\AppData\Local\Temp\playwright-java-15810577705574823987\package\lib\server\progress.js:78:26)
    at Frame.waitForSelector (C:\Users\mytie\AppData\Local\Temp\playwright-java-15810577705574823987\package\lib\server\frames.js:619:23)
    at FrameDispatcher.waitForSelector (C:\Users\mytie\AppData\Local\Temp\playwright-java-15810577705574823987\package\lib\server\dispatchers\frameDispatcher.js:105:103)
    at FrameDispatcher._handleCommand (C:\Users\mytie\AppData\Local\Temp\playwright-java-15810577705574823987\package\lib\server\dispatchers\dispatcher.js:94:40)
    at DispatcherConnection.dispatch (C:\Users\mytie\AppData\Local\Temp\playwright-java-15810577705574823987\package\lib\server\dispatchers\dispatcher.js:361:39)
}
Call log:
- waiting for locator("//div[@role='rowgroup']//div[@role='row']//div[@role='cell' and contains(translate(normalize-space(.), 'ABCDEFGHIJKLMNOPQRSTUVWXYZ', 'abcdefghijklmnopqrstuvwxyz'), 'manda user')]").first() to be visible

[2025-10-13 01:38:07] [main] DEBUG org.testng.TestNG - suiteXmlPath: "C:\Users\mytie\AppData\Local\JetBrains\IntelliJIdea2025.2\temp-testng-customsuite.xml"
[2025-10-13 01:38:07] [main] INFO  org.testng.internal.Utils - [TestNG] Running:
  C:\Users\mytie\AppData\Local\JetBrains\IntelliJIdea2025.2\temp-testng-customsuite.xml

[2025-10-13 01:38:12] [main] INFO  org.example.hrmOrange.testcase.ui.admin.OrangeHRM_Admin_TC4_SearchByEmployeeName - Navigating to login page...
[2025-10-13 01:38:13] [main] INFO  org.example.hrmOrange.testcase.ui.admin.OrangeHRM_Admin_TC4_SearchByEmployeeName - Performing login with username='Admin' and password='admin123'
[2025-10-13 01:38:15] [main] INFO  org.example.hrmOrange.testcase.ui.admin.OrangeHRM_Admin_TC4_SearchByEmployeeName - Verifying dashboard is visible...
[2025-10-13 01:38:16] [main] INFO  org.example.hrmOrange.testcase.ui.admin.OrangeHRM_Admin_TC4_SearchByEmployeeName - Navigating to Admin page...
[2025-10-13 01:38:18] [main] INFO  org.example.hrmOrange.page.admin.AdminPage - Navigated to Admin page
[2025-10-13 01:38:18] [main] INFO  org.example.hrmOrange.testcase.ui.admin.OrangeHRM_Admin_TC4_SearchByEmployeeName - Entering Employee Name = manda akhil user
[2025-10-13 01:38:18] [main] INFO  org.example.hrmOrange.page.admin.AdminPage - Entered Employee Name: manda
[2025-10-13 01:38:18] [main] INFO  org.example.hrmOrange.testcase.ui.admin.OrangeHRM_Admin_TC4_SearchByEmployeeName - Clicking Search button...
[2025-10-13 01:38:18] [main] INFO  org.example.hrmOrange.page.admin.AdminPage - Clicked Search button
[2025-10-13 01:38:18] [main] INFO  org.example.hrmOrange.testcase.ui.admin.OrangeHRM_Admin_TC4_SearchByEmployeeName - Verifying result contains employee 'manda user'...
[2025-10-13 01:38:28] [main] ERROR org.example.hrmOrange.page.admin.AdminPage - Error verifying employee name: Error {
  message='Timeout 10000ms exceeded.
  name='TimeoutError
  stack='TimeoutError: Timeout 10000ms exceeded.
    at ProgressController.run (C:\Users\mytie\AppData\Local\Temp\playwright-java-7954710861971797132\package\lib\server\progress.js:78:26)
    at Frame.waitForSelector (C:\Users\mytie\AppData\Local\Temp\playwright-java-7954710861971797132\package\lib\server\frames.js:619:23)
    at FrameDispatcher.waitForSelector (C:\Users\mytie\AppData\Local\Temp\playwright-java-7954710861971797132\package\lib\server\dispatchers\frameDispatcher.js:105:103)
    at FrameDispatcher._handleCommand (C:\Users\mytie\AppData\Local\Temp\playwright-java-7954710861971797132\package\lib\server\dispatchers\dispatcher.js:94:40)
    at DispatcherConnection.dispatch (C:\Users\mytie\AppData\Local\Temp\playwright-java-7954710861971797132\package\lib\server\dispatchers\dispatcher.js:361:39)
}
Call log:
- waiting for locator("//div[@role='rowgroup']//div[@role='row']//div[@role='cell' and contains(translate(normalize-space(.), 'ABCDEFGHIJKLMNOPQRSTUVWXYZ', 'abcdefghijklmnopqrstuvwxyz'), 'manda')]").first() to be visible

[2025-10-13 01:42:21] [main] DEBUG org.testng.TestNG - suiteXmlPath: "C:\Users\mytie\AppData\Local\JetBrains\IntelliJIdea2025.2\temp-testng-customsuite.xml"
[2025-10-13 01:42:21] [main] INFO  org.testng.internal.Utils - [TestNG] Running:
  C:\Users\mytie\AppData\Local\JetBrains\IntelliJIdea2025.2\temp-testng-customsuite.xml

[2025-10-13 01:42:26] [main] INFO  org.example.hrmOrange.testcase.ui.admin.OrangeHRM_Admin_TC4_SearchByEmployeeName - Navigating to login page...
[2025-10-13 01:42:27] [main] INFO  org.example.hrmOrange.testcase.ui.admin.OrangeHRM_Admin_TC4_SearchByEmployeeName - Performing login with username='Admin' and password='admin123'
[2025-10-13 01:42:29] [main] INFO  org.example.hrmOrange.testcase.ui.admin.OrangeHRM_Admin_TC4_SearchByEmployeeName - Verifying dashboard is visible...
[2025-10-13 01:42:30] [main] INFO  org.example.hrmOrange.testcase.ui.admin.OrangeHRM_Admin_TC4_SearchByEmployeeName - Navigating to Admin page...
[2025-10-13 01:42:31] [main] INFO  org.example.hrmOrange.page.admin.AdminPage - Navigated to Admin page
[2025-10-13 01:42:31] [main] INFO  org.example.hrmOrange.testcase.ui.admin.OrangeHRM_Admin_TC4_SearchByEmployeeName - Entering Employee Name = manda akhil user
[2025-10-13 01:44:30] [main] DEBUG org.testng.TestNG - suiteXmlPath: "C:\Users\mytie\AppData\Local\JetBrains\IntelliJIdea2025.2\temp-testng-customsuite.xml"
[2025-10-13 01:44:30] [main] INFO  org.testng.internal.Utils - [TestNG] Running:
  C:\Users\mytie\AppData\Local\JetBrains\IntelliJIdea2025.2\temp-testng-customsuite.xml

[2025-10-13 01:44:35] [main] INFO  org.example.hrmOrange.testcase.ui.admin.OrangeHRM_Admin_TC4_SearchByEmployeeName - Navigating to login page...
[2025-10-13 01:44:36] [main] INFO  org.example.hrmOrange.testcase.ui.admin.OrangeHRM_Admin_TC4_SearchByEmployeeName - Performing login with username='Admin' and password='admin123'
[2025-10-13 01:44:38] [main] INFO  org.example.hrmOrange.testcase.ui.admin.OrangeHRM_Admin_TC4_SearchByEmployeeName - Verifying dashboard is visible...
[2025-10-13 01:44:38] [main] INFO  org.example.hrmOrange.testcase.ui.admin.OrangeHRM_Admin_TC4_SearchByEmployeeName - Navigating to Admin page...
[2025-10-13 01:44:40] [main] INFO  org.example.hrmOrange.page.admin.AdminPage - Navigated to Admin page
[2025-10-13 01:44:40] [main] INFO  org.example.hrmOrange.testcase.ui.admin.OrangeHRM_Admin_TC4_SearchByEmployeeName - Entering Employee Name = test
[2025-10-13 01:44:42] [main] INFO  org.example.hrmOrange.page.admin.AdminPage - Selected employee suggestion: test
[2025-10-13 01:44:42] [main] INFO  org.example.hrmOrange.testcase.ui.admin.OrangeHRM_Admin_TC4_SearchByEmployeeName - Clicking Search button...
[2025-10-13 01:44:42] [main] INFO  org.example.hrmOrange.page.admin.AdminPage - Clicked Search button
[2025-10-13 01:44:42] [main] INFO  org.example.hrmOrange.testcase.ui.admin.OrangeHRM_Admin_TC4_SearchByEmployeeName - Verifying result contains employee 'TestFirstName TestLastName'...
[2025-10-13 01:44:42] [main] INFO  org.example.hrmOrange.page.admin.AdminPage - Employee name found in result table: TestFirstName
[2025-10-13 01:44:42] [main] INFO  org.example.hrmOrange.testcase.ui.admin.OrangeHRM_Admin_TC4_SearchByEmployeeName - Testcase passed: search by Employee Name returns correct result
[2025-10-13 01:44:57] [main] DEBUG org.testng.TestNG - suiteXmlPath: "C:\Users\mytie\IdeaProjects\Playwright_demo\src\test\resources\suites\OrangeHRM_SearchFunction.xml"
[2025-10-13 01:44:57] [main] WARN  org.testng.xml.TestNGContentHandler - It is strongly recommended to add "<!DOCTYPE suite SYSTEM "https://testng.org/testng-1.1.dtd" >" at the top of the suite file [C:\Users\mytie\IdeaProjects\Playwright_demo\src\test\resources\suites\OrangeHRM_SearchFunction.xml] otherwise TestNG may fail or not work as expected.
[2025-10-13 01:44:57] [main] INFO  org.testng.internal.Utils - [XmlSuite] [WARN] 'parallel' value 'false' is no longer valid, defaulting to 'none'.
[2025-10-13 01:44:57] [main] INFO  org.testng.internal.Utils - [TestNG] Running:
  C:\Users\mytie\IdeaProjects\Playwright_demo\src\test\resources\suites\OrangeHRM_SearchFunction.xml

[2025-10-13 01:45:02] [main] INFO  org.example.hrmOrange.testcase.ui.admin.OrangeHRM_Admin_TC10_SearchWithValidUsernameAndInvalidRole - Navigating to login page...
[2025-10-13 01:45:03] [main] INFO  org.example.hrmOrange.testcase.ui.admin.OrangeHRM_Admin_TC10_SearchWithValidUsernameAndInvalidRole - Logging in as Admin...
[2025-10-13 01:45:06] [main] INFO  org.example.hrmOrange.testcase.ui.admin.OrangeHRM_Admin_TC10_SearchWithValidUsernameAndInvalidRole - Navigating to Admin page...
[2025-10-13 01:45:07] [main] INFO  org.example.hrmOrange.page.admin.AdminPage - Navigated to Admin page
[2025-10-13 01:45:07] [main] INFO  org.example.hrmOrange.testcase.ui.admin.OrangeHRM_Admin_TC10_SearchWithValidUsernameAndInvalidRole - Entering valid username = 'Admin'...
[2025-10-13 01:45:07] [main] INFO  org.example.hrmOrange.page.admin.AdminPage - Clicked Search button
[2025-10-13 01:45:07] [main] INFO  org.example.hrmOrange.testcase.ui.admin.OrangeHRM_Admin_TC10_SearchWithValidUsernameAndInvalidRole - Selecting invalid role = 'ESS'...
[2025-10-13 01:45:07] [main] INFO  org.example.hrmOrange.page.admin.AdminPage - Selected User Role = ESS
[2025-10-13 01:45:07] [main] INFO  org.example.hrmOrange.testcase.ui.admin.OrangeHRM_Admin_TC10_SearchWithValidUsernameAndInvalidRole - Clicking Search button...
[2025-10-13 01:45:07] [main] INFO  org.example.hrmOrange.page.admin.AdminPage - Clicked Search button
[2025-10-13 01:45:07] [main] INFO  org.example.hrmOrange.testcase.ui.admin.OrangeHRM_Admin_TC10_SearchWithValidUsernameAndInvalidRole - Verifying that no records are found...
[2025-10-13 01:45:08] [main] INFO  org.example.hrmOrange.testcase.ui.admin.OrangeHRM_Admin_TC10_SearchWithValidUsernameAndInvalidRole - Testcase passed: Searching with valid username and invalid role shows no results.
[2025-10-13 01:45:12] [main] INFO  org.example.hrmOrange.testcase.ui.admin.OrangeHRM_Admin_TC1_VerifySearchAdminByUsername - Navigating to login page...
[2025-10-13 01:45:13] [main] INFO  org.example.hrmOrange.testcase.ui.admin.OrangeHRM_Admin_TC1_VerifySearchAdminByUsername - Performing login with username='Admin' and password='admin123'
[2025-10-13 01:45:15] [main] INFO  org.example.hrmOrange.testcase.ui.admin.OrangeHRM_Admin_TC1_VerifySearchAdminByUsername - Verifying dashboard is visible...
[2025-10-13 01:45:15] [main] INFO  org.example.hrmOrange.testcase.ui.admin.OrangeHRM_Admin_TC1_VerifySearchAdminByUsername - Navigating to Admin page...
[2025-10-13 01:45:17] [main] INFO  org.example.hrmOrange.page.admin.AdminPage - Navigated to Admin page
[2025-10-13 01:45:17] [main] INFO  org.example.hrmOrange.testcase.ui.admin.OrangeHRM_Admin_TC1_VerifySearchAdminByUsername - Searching for admin user...
[2025-10-13 01:45:17] [main] INFO  org.example.hrmOrange.page.admin.AdminPage - Clicked Search button
[2025-10-13 01:45:17] [main] INFO  org.example.hrmOrange.testcase.ui.admin.OrangeHRM_Admin_TC1_VerifySearchAdminByUsername - Verifying admin user is displayed in the result table...
[2025-10-13 01:45:18] [main] INFO  org.example.hrmOrange.page.admin.AdminPage - Found 2 record(s) with username = Admin
[2025-10-13 01:45:18] [main] INFO  org.example.hrmOrange.testcase.ui.admin.OrangeHRM_Admin_TC1_VerifySearchAdminByUsername - Testcase passed: admin search by username 'Admin' returns correct data
[2025-10-13 01:45:23] [main] INFO  org.example.hrmOrange.testcase.ui.admin.OrangeHRM_Admin_TC2_SearchByUserRoleAdmin - Navigating to login page...
[2025-10-13 01:45:24] [main] INFO  org.example.hrmOrange.testcase.ui.admin.OrangeHRM_Admin_TC2_SearchByUserRoleAdmin - Performing login with username='Admin' and password='admin123'
[2025-10-13 01:45:26] [main] INFO  org.example.hrmOrange.testcase.ui.admin.OrangeHRM_Admin_TC2_SearchByUserRoleAdmin - Verifying dashboard is visible...
[2025-10-13 01:45:26] [main] INFO  org.example.hrmOrange.testcase.ui.admin.OrangeHRM_Admin_TC2_SearchByUserRoleAdmin - Navigating to Admin page...
[2025-10-13 01:45:28] [main] INFO  org.example.hrmOrange.page.admin.AdminPage - Navigated to Admin page
[2025-10-13 01:45:28] [main] INFO  org.example.hrmOrange.testcase.ui.admin.OrangeHRM_Admin_TC2_SearchByUserRoleAdmin - Selecting User Role = Admin
[2025-10-13 01:45:28] [main] INFO  org.example.hrmOrange.page.admin.AdminPage - Selected User Role = Admin
[2025-10-13 01:45:28] [main] INFO  org.example.hrmOrange.testcase.ui.admin.OrangeHRM_Admin_TC2_SearchByUserRoleAdmin - Clicking Search button...
[2025-10-13 01:45:28] [main] INFO  org.example.hrmOrange.page.admin.AdminPage - Clicked Search button
[2025-10-13 01:45:28] [main] INFO  org.example.hrmOrange.testcase.ui.admin.OrangeHRM_Admin_TC2_SearchByUserRoleAdmin - Verifying at least one admin user is displayed in the result table...
[2025-10-13 01:45:28] [main] INFO  org.example.hrmOrange.page.admin.AdminPage - Found 1 record(s) with username = Admin
[2025-10-13 01:45:28] [main] INFO  org.example.hrmOrange.testcase.ui.admin.OrangeHRM_Admin_TC2_SearchByUserRoleAdmin - Testcase passed: admin search by User Role 'Admin' returns correct data
[2025-10-13 01:45:32] [main] INFO  org.example.hrmOrange.testcase.ui.admin.OrangeHRM_Admin_TC3_SearchByStatusEnabled - Navigating to login page...
[2025-10-13 01:45:33] [main] INFO  org.example.hrmOrange.testcase.ui.admin.OrangeHRM_Admin_TC3_SearchByStatusEnabled - Logging in with username='Admin' and password='admin123'
[2025-10-13 01:45:36] [main] INFO  org.example.hrmOrange.testcase.ui.admin.OrangeHRM_Admin_TC3_SearchByStatusEnabled - Dashboard is visible
[2025-10-13 01:45:36] [main] INFO  org.example.hrmOrange.testcase.ui.admin.OrangeHRM_Admin_TC3_SearchByStatusEnabled - Navigating to Admin page...
[2025-10-13 01:45:37] [main] INFO  org.example.hrmOrange.page.admin.AdminPage - Navigated to Admin page
[2025-10-13 01:45:37] [main] INFO  org.example.hrmOrange.testcase.ui.admin.OrangeHRM_Admin_TC3_SearchByStatusEnabled - Selecting Status = Enabled...
[2025-10-13 01:45:37] [main] INFO  org.example.hrmOrange.page.admin.AdminPage - Selected Status: Enabled
[2025-10-13 01:45:37] [main] INFO  org.example.hrmOrange.testcase.ui.admin.OrangeHRM_Admin_TC3_SearchByStatusEnabled - Clicking Search button...
[2025-10-13 01:45:37] [main] INFO  org.example.hrmOrange.page.admin.AdminPage - Clicked Search button
[2025-10-13 01:45:37] [main] INFO  org.example.hrmOrange.testcase.ui.admin.OrangeHRM_Admin_TC3_SearchByStatusEnabled - Verifying that at least one Enabled account is displayed...
[2025-10-13 01:45:37] [main] INFO  org.example.hrmOrange.page.admin.AdminPage - Found 1 record(s) with username = Enabled
[2025-10-13 01:45:37] [main] INFO  org.example.hrmOrange.testcase.ui.admin.OrangeHRM_Admin_TC3_SearchByStatusEnabled - Testcase passed: Admin search by Status 'Enabled' returns correct data
[2025-10-13 01:45:41] [main] INFO  org.example.hrmOrange.testcase.ui.admin.OrangeHRM_Admin_TC4_SearchByEmployeeName - Navigating to login page...
[2025-10-13 01:45:42] [main] INFO  org.example.hrmOrange.testcase.ui.admin.OrangeHRM_Admin_TC4_SearchByEmployeeName - Performing login with username='Admin' and password='admin123'
[2025-10-13 01:45:43] [main] INFO  org.example.hrmOrange.testcase.ui.admin.OrangeHRM_Admin_TC4_SearchByEmployeeName - Verifying dashboard is visible...
[2025-10-13 01:45:44] [main] INFO  org.example.hrmOrange.testcase.ui.admin.OrangeHRM_Admin_TC4_SearchByEmployeeName - Navigating to Admin page...
[2025-10-13 01:45:46] [main] INFO  org.example.hrmOrange.page.admin.AdminPage - Navigated to Admin page
[2025-10-13 01:45:46] [main] INFO  org.example.hrmOrange.testcase.ui.admin.OrangeHRM_Admin_TC4_SearchByEmployeeName - Entering Employee Name = test
[2025-10-13 01:45:47] [main] INFO  org.example.hrmOrange.page.admin.AdminPage - Selected employee suggestion: test
[2025-10-13 01:45:47] [main] INFO  org.example.hrmOrange.testcase.ui.admin.OrangeHRM_Admin_TC4_SearchByEmployeeName - Clicking Search button...
[2025-10-13 01:45:47] [main] INFO  org.example.hrmOrange.page.admin.AdminPage - Clicked Search button
[2025-10-13 01:45:47] [main] INFO  org.example.hrmOrange.testcase.ui.admin.OrangeHRM_Admin_TC4_SearchByEmployeeName - Verifying result contains employee 'TestFirstName TestLastName'...
[2025-10-13 01:45:48] [main] INFO  org.example.hrmOrange.page.admin.AdminPage - Employee name found in result table: TestFirstName
[2025-10-13 01:45:48] [main] INFO  org.example.hrmOrange.testcase.ui.admin.OrangeHRM_Admin_TC4_SearchByEmployeeName - Testcase passed: search by Employee Name returns correct result
[2025-10-13 01:45:52] [main] INFO  org.example.hrmOrange.testcase.ui.admin.OrangeHRM_Admin_TC5_SearchWithInvalidEmployee - Navigating to login page...
[2025-10-13 01:45:54] [main] INFO  org.example.hrmOrange.testcase.ui.admin.OrangeHRM_Admin_TC5_SearchWithInvalidEmployee - Logging in as Admin...
[2025-10-13 01:45:56] [main] INFO  org.example.hrmOrange.testcase.ui.admin.OrangeHRM_Admin_TC5_SearchWithInvalidEmployee - Navigating to Admin page...
[2025-10-13 01:45:58] [main] INFO  org.example.hrmOrange.page.admin.AdminPage - Navigated to Admin page
[2025-10-13 01:45:58] [main] INFO  org.example.hrmOrange.testcase.ui.admin.OrangeHRM_Admin_TC5_SearchWithInvalidEmployee - Entering Employee Name = manda akhil user
[2025-10-13 01:46:32] [main] INFO  org.example.hrmOrange.testcase.ui.admin.OrangeHRM_Admin_TC6_SearchByMultipleConditions - Navigating to login page...
[2025-10-13 01:46:32] [main] INFO  org.example.hrmOrange.testcase.ui.admin.OrangeHRM_Admin_TC6_SearchByMultipleConditions - Logging in with Admin credentials...
[2025-10-13 01:46:34] [main] INFO  org.example.hrmOrange.testcase.ui.admin.OrangeHRM_Admin_TC6_SearchByMultipleConditions - Verifying dashboard visibility...
[2025-10-13 01:46:35] [main] INFO  org.example.hrmOrange.testcase.ui.admin.OrangeHRM_Admin_TC6_SearchByMultipleConditions - Navigating to Admin page...
[2025-10-13 01:46:37] [main] INFO  org.example.hrmOrange.page.admin.AdminPage - Navigated to Admin page
[2025-10-13 01:46:37] [main] INFO  org.example.hrmOrange.testcase.ui.admin.OrangeHRM_Admin_TC6_SearchByMultipleConditions - Filling search fields: username='Admin', role='Admin', status='Enabled'
[2025-10-13 01:46:37] [main] INFO  org.example.hrmOrange.page.admin.AdminPage - Clicked Search button
[2025-10-13 01:46:37] [main] INFO  org.example.hrmOrange.page.admin.AdminPage - Selected User Role = Admin
[2025-10-13 01:46:37] [main] INFO  org.example.hrmOrange.page.admin.AdminPage - Selected Status: Enabled
[2025-10-13 01:46:37] [main] INFO  org.example.hrmOrange.testcase.ui.admin.OrangeHRM_Admin_TC6_SearchByMultipleConditions - Clicking Search button...
[2025-10-13 01:46:37] [main] INFO  org.example.hrmOrange.page.admin.AdminPage - Clicked Search button
[2025-10-13 01:46:37] [main] INFO  org.example.hrmOrange.testcase.ui.admin.OrangeHRM_Admin_TC6_SearchByMultipleConditions - Verifying result contains user 'Admin' with role 'Admin' and status 'Enabled'
[2025-10-13 01:46:37] [main] INFO  org.example.hrmOrange.page.admin.AdminPage - Found 1 record(s) with username = Admin
[2025-10-13 01:46:37] [main] INFO  org.example.hrmOrange.page.admin.AdminPage - Found employee name matching: Admin
[2025-10-13 01:46:37] [main] INFO  org.example.hrmOrange.page.admin.AdminPage - Found 2 record(s) with username = Enabled
[2025-10-13 01:46:37] [main] INFO  org.example.hrmOrange.testcase.ui.admin.OrangeHRM_Admin_TC6_SearchByMultipleConditions - ✅ Testcase passed: Search by Username + Role + Status works correctly.
[2025-10-13 01:46:41] [main] INFO  org.example.hrmOrange.testcase.ui.admin.OrangeHRM_Admin_TC7_SearchWithInvalidUserName - Navigating to login page...
[2025-10-13 01:46:42] [main] INFO  org.example.hrmOrange.testcase.ui.admin.OrangeHRM_Admin_TC7_SearchWithInvalidUserName - Logging in as Admin...
[2025-10-13 01:46:45] [main] INFO  org.example.hrmOrange.testcase.ui.admin.OrangeHRM_Admin_TC7_SearchWithInvalidUserName - Navigating to Admin page...
[2025-10-13 01:46:47] [main] INFO  org.example.hrmOrange.page.admin.AdminPage - Navigated to Admin page
[2025-10-13 01:46:47] [main] INFO  org.example.hrmOrange.testcase.ui.admin.OrangeHRM_Admin_TC7_SearchWithInvalidUserName - Entering invalid employee name...
[2025-10-13 01:46:47] [main] INFO  org.example.hrmOrange.page.admin.AdminPage - Clicked Search button
[2025-10-13 01:46:47] [main] INFO  org.example.hrmOrange.testcase.ui.admin.OrangeHRM_Admin_TC7_SearchWithInvalidUserName - Clicking Search...
[2025-10-13 01:46:47] [main] INFO  org.example.hrmOrange.page.admin.AdminPage - Clicked Search button
[2025-10-13 01:46:47] [main] INFO  org.example.hrmOrange.testcase.ui.admin.OrangeHRM_Admin_TC7_SearchWithInvalidUserName - Verifying no results found...
[2025-10-13 01:46:47] [main] INFO  org.example.hrmOrange.testcase.ui.admin.OrangeHRM_Admin_TC7_SearchWithInvalidUserName - Testcase passed: Searching with invalid employee name shows no data.
[2025-10-13 01:46:51] [main] INFO  org.example.hrmOrange.testcase.ui.admin.OrangeHRM_Admin_TC8_VerifyResetButtonClearsFilters - Navigating to login page...
[2025-10-13 01:46:52] [main] INFO  org.example.hrmOrange.testcase.ui.admin.OrangeHRM_Admin_TC8_VerifyResetButtonClearsFilters - Logging in as Admin...
[2025-10-13 01:46:54] [main] INFO  org.example.hrmOrange.testcase.ui.admin.OrangeHRM_Admin_TC8_VerifyResetButtonClearsFilters - Navigating to Admin page...
[2025-10-13 01:46:56] [main] INFO  org.example.hrmOrange.page.admin.AdminPage - Navigated to Admin page
[2025-10-13 01:46:56] [main] INFO  org.example.hrmOrange.testcase.ui.admin.OrangeHRM_Admin_TC8_VerifyResetButtonClearsFilters - Filling search filters...
[2025-10-13 01:46:56] [main] INFO  org.example.hrmOrange.page.admin.AdminPage - Clicked Search button
[2025-10-13 01:46:56] [main] INFO  org.example.hrmOrange.page.admin.AdminPage - Selected User Role = ESS
[2025-10-13 01:47:30] [main] INFO  org.example.hrmOrange.testcase.ui.admin.OrangeHRM_Admin_TC9_SearchWithoutFilters - Navigating to login page...
[2025-10-13 01:47:31] [main] INFO  org.example.hrmOrange.testcase.ui.admin.OrangeHRM_Admin_TC9_SearchWithoutFilters - Logging in as Admin...
[2025-10-13 01:47:34] [main] INFO  org.example.hrmOrange.testcase.ui.admin.OrangeHRM_Admin_TC9_SearchWithoutFilters - Navigating to Admin page...
[2025-10-13 01:47:35] [main] INFO  org.example.hrmOrange.page.admin.AdminPage - Navigated to Admin page
[2025-10-13 01:47:35] [main] INFO  org.example.hrmOrange.testcase.ui.admin.OrangeHRM_Admin_TC9_SearchWithoutFilters - Clicking Search without entering any filters...
[2025-10-13 01:47:36] [main] INFO  org.example.hrmOrange.page.admin.AdminPage - Clicked Search button
[2025-10-13 01:47:36] [main] INFO  org.example.hrmOrange.testcase.ui.admin.OrangeHRM_Admin_TC9_SearchWithoutFilters - Verifying that user list is displayed...
[2025-10-13 01:47:36] [main] INFO  org.example.hrmOrange.testcase.ui.admin.OrangeHRM_Admin_TC9_SearchWithoutFilters - Testcase passed: Search without filters displays all users.
[2025-10-13 01:58:04] [main] DEBUG org.testng.TestNG - suiteXmlPath: "C:\Users\mytie\AppData\Local\JetBrains\IntelliJIdea2025.2\temp-testng-customsuite.xml"
[2025-10-13 01:58:04] [main] INFO  org.testng.internal.Utils - [TestNG] Running:
  C:\Users\mytie\AppData\Local\JetBrains\IntelliJIdea2025.2\temp-testng-customsuite.xml

[2025-10-13 01:58:09] [main] INFO  org.example.hrmOrange.testcase.ui.admin.OrangeHRM_Admin_TC5_SearchWithInvalidEmployee - Navigating to login page...
[2025-10-13 01:58:09] [main] INFO  org.example.hrmOrange.testcase.ui.admin.OrangeHRM_Admin_TC5_SearchWithInvalidEmployee - Logging in as Admin...
[2025-10-13 01:58:12] [main] INFO  org.example.hrmOrange.testcase.ui.admin.OrangeHRM_Admin_TC5_SearchWithInvalidEmployee - Navigating to Admin page...
[2025-10-13 01:58:14] [main] INFO  org.example.hrmOrange.page.admin.AdminPage - Navigated to Admin page
[2025-10-13 01:58:14] [main] INFO  org.example.hrmOrange.testcase.ui.admin.OrangeHRM_Admin_TC5_SearchWithInvalidEmployee - Entering Employee Name = manda akhil user
[2025-10-13 02:01:13] [main] DEBUG org.testng.TestNG - suiteXmlPath: "C:\Users\mytie\AppData\Local\JetBrains\IntelliJIdea2025.2\temp-testng-customsuite.xml"
[2025-10-13 02:01:13] [main] INFO  org.testng.internal.Utils - [TestNG] Running:
  C:\Users\mytie\AppData\Local\JetBrains\IntelliJIdea2025.2\temp-testng-customsuite.xml

[2025-10-13 02:01:18] [main] INFO  org.example.hrmOrange.testcase.ui.admin.OrangeHRM_Admin_TC5_SearchWithInvalidEmployee - Navigating to login page...
[2025-10-13 02:01:18] [main] INFO  org.example.hrmOrange.testcase.ui.admin.OrangeHRM_Admin_TC5_SearchWithInvalidEmployee - Logging in as Admin...
[2025-10-13 02:01:22] [main] INFO  org.example.hrmOrange.testcase.ui.admin.OrangeHRM_Admin_TC5_SearchWithInvalidEmployee - Navigating to Admin page...
[2025-10-13 02:01:24] [main] INFO  org.example.hrmOrange.page.admin.AdminPage - Navigated to Admin page
[2025-10-13 02:01:24] [main] INFO  org.example.hrmOrange.testcase.ui.admin.OrangeHRM_Admin_TC5_SearchWithInvalidEmployee - Entering Employee Name = manda akhil user
[2025-10-13 02:01:24] [main] WARN  org.example.hrmOrange.page.admin.AdminPage - No suggestion found for employee name: Invalid Employee XYZ
[2025-10-13 02:01:24] [main] INFO  org.example.hrmOrange.testcase.ui.admin.OrangeHRM_Admin_TC5_SearchWithInvalidEmployee - Clicking Search...
[2025-10-13 02:01:24] [main] INFO  org.example.hrmOrange.page.admin.AdminPage - Clicked Search button
[2025-10-13 02:01:24] [main] INFO  org.example.hrmOrange.testcase.ui.admin.OrangeHRM_Admin_TC5_SearchWithInvalidEmployee - Verifying invalid employee name message displayed...
[2025-10-13 02:01:24] [main] INFO  org.example.hrmOrange.testcase.ui.admin.OrangeHRM_Admin_TC5_SearchWithInvalidEmployee - Testcase passed: Searching with invalid employee name shows no data.
[2025-10-13 02:01:30] [main] DEBUG org.testng.TestNG - suiteXmlPath: "C:\Users\mytie\AppData\Local\JetBrains\IntelliJIdea2025.2\temp-testng-customsuite.xml"
[2025-10-13 02:01:30] [main] INFO  org.testng.internal.Utils - [TestNG] Running:
  C:\Users\mytie\AppData\Local\JetBrains\IntelliJIdea2025.2\temp-testng-customsuite.xml

[2025-10-13 02:01:35] [main] INFO  org.example.hrmOrange.testcase.ui.admin.OrangeHRM_Admin_TC4_SearchByEmployeeName - Navigating to login page...
[2025-10-13 02:01:36] [main] INFO  org.example.hrmOrange.testcase.ui.admin.OrangeHRM_Admin_TC4_SearchByEmployeeName - Performing login with username='Admin' and password='admin123'
[2025-10-13 02:01:38] [main] INFO  org.example.hrmOrange.testcase.ui.admin.OrangeHRM_Admin_TC4_SearchByEmployeeName - Verifying dashboard is visible...
[2025-10-13 02:01:39] [main] INFO  org.example.hrmOrange.testcase.ui.admin.OrangeHRM_Admin_TC4_SearchByEmployeeName - Navigating to Admin page...
[2025-10-13 02:01:41] [main] INFO  org.example.hrmOrange.page.admin.AdminPage - Navigated to Admin page
[2025-10-13 02:01:41] [main] INFO  org.example.hrmOrange.testcase.ui.admin.OrangeHRM_Admin_TC4_SearchByEmployeeName - Entering Employee Name = test
[2025-10-13 02:01:41] [main] WARN  org.example.hrmOrange.page.admin.AdminPage - No suggestion found for employee name: test
[2025-10-13 02:01:41] [main] INFO  org.example.hrmOrange.testcase.ui.admin.OrangeHRM_Admin_TC4_SearchByEmployeeName - Clicking Search button...
[2025-10-13 02:01:41] [main] INFO  org.example.hrmOrange.page.admin.AdminPage - Clicked Search button
[2025-10-13 02:01:41] [main] INFO  org.example.hrmOrange.testcase.ui.admin.OrangeHRM_Admin_TC4_SearchByEmployeeName - Verifying result contains employee 'TestFirstName TestLastName'...
[2025-10-13 02:01:41] [main] INFO  org.example.hrmOrange.page.admin.AdminPage - Employee name found in result table: TestFirstName
[2025-10-13 02:01:41] [main] INFO  org.example.hrmOrange.testcase.ui.admin.OrangeHRM_Admin_TC4_SearchByEmployeeName - Testcase passed: search by Employee Name returns correct result
[2025-10-13 02:01:48] [main] DEBUG org.testng.TestNG - suiteXmlPath: "C:\Users\mytie\AppData\Local\JetBrains\IntelliJIdea2025.2\temp-testng-customsuite.xml"
[2025-10-13 02:01:48] [main] INFO  org.testng.internal.Utils - [TestNG] Running:
  C:\Users\mytie\AppData\Local\JetBrains\IntelliJIdea2025.2\temp-testng-customsuite.xml

[2025-10-13 02:01:53] [main] INFO  org.example.hrmOrange.testcase.ui.admin.OrangeHRM_Admin_TC8_VerifyResetButtonClearsFilters - Navigating to login page...
[2025-10-13 02:01:54] [main] INFO  org.example.hrmOrange.testcase.ui.admin.OrangeHRM_Admin_TC8_VerifyResetButtonClearsFilters - Logging in as Admin...
[2025-10-13 02:01:57] [main] INFO  org.example.hrmOrange.testcase.ui.admin.OrangeHRM_Admin_TC8_VerifyResetButtonClearsFilters - Navigating to Admin page...
[2025-10-13 02:01:58] [main] INFO  org.example.hrmOrange.page.admin.AdminPage - Navigated to Admin page
[2025-10-13 02:01:58] [main] INFO  org.example.hrmOrange.testcase.ui.admin.OrangeHRM_Admin_TC8_VerifyResetButtonClearsFilters - Filling search filters...
[2025-10-13 02:01:58] [main] INFO  org.example.hrmOrange.page.admin.AdminPage - Clicked Search button
[2025-10-13 02:01:59] [main] INFO  org.example.hrmOrange.page.admin.AdminPage - Selected User Role = ESS
[2025-10-13 02:01:59] [main] WARN  org.example.hrmOrange.page.admin.AdminPage - No suggestion found for employee name: manda user
[2025-10-13 02:01:59] [main] INFO  org.example.hrmOrange.page.admin.AdminPage - Selected Status: Enabled
[2025-10-13 02:01:59] [main] INFO  org.example.hrmOrange.testcase.ui.admin.OrangeHRM_Admin_TC8_VerifyResetButtonClearsFilters - Clicking Reset button...
[2025-10-13 02:01:59] [main] INFO  org.example.hrmOrange.page.admin.AdminPage - Clicked Reset button
[2025-10-13 02:01:59] [main] INFO  org.example.hrmOrange.testcase.ui.admin.OrangeHRM_Admin_TC8_VerifyResetButtonClearsFilters - Verifying that all filters are cleared...
[2025-10-13 02:01:59] [main] INFO  org.example.hrmOrange.page.admin.AdminPage - Filters cleared check -> Username: '', Employee: '', Role: '-- Select --', Status: '-- Select --'
[2025-10-13 02:01:59] [main] INFO  org.example.hrmOrange.testcase.ui.admin.OrangeHRM_Admin_TC8_VerifyResetButtonClearsFilters - Testcase passed: Reset button clears all filters successfully.
[2025-10-13 02:02:08] [main] DEBUG org.testng.TestNG - suiteXmlPath: "C:\Users\mytie\IdeaProjects\Playwright_demo\src\test\resources\suites\OrangeHRM_SearchFunction.xml"
[2025-10-13 02:02:08] [main] WARN  org.testng.xml.TestNGContentHandler - It is strongly recommended to add "<!DOCTYPE suite SYSTEM "https://testng.org/testng-1.1.dtd" >" at the top of the suite file [C:\Users\mytie\IdeaProjects\Playwright_demo\src\test\resources\suites\OrangeHRM_SearchFunction.xml] otherwise TestNG may fail or not work as expected.
[2025-10-13 02:02:08] [main] INFO  org.testng.internal.Utils - [XmlSuite] [WARN] 'parallel' value 'false' is no longer valid, defaulting to 'none'.
[2025-10-13 02:02:08] [main] INFO  org.testng.internal.Utils - [TestNG] Running:
  C:\Users\mytie\IdeaProjects\Playwright_demo\src\test\resources\suites\OrangeHRM_SearchFunction.xml

[2025-10-13 02:02:14] [main] INFO  org.example.hrmOrange.testcase.ui.admin.OrangeHRM_Admin_TC10_SearchWithValidUsernameAndInvalidRole - Navigating to login page...
[2025-10-13 02:02:14] [main] INFO  org.example.hrmOrange.testcase.ui.admin.OrangeHRM_Admin_TC10_SearchWithValidUsernameAndInvalidRole - Logging in as Admin...
[2025-10-13 02:02:18] [main] INFO  org.example.hrmOrange.testcase.ui.admin.OrangeHRM_Admin_TC10_SearchWithValidUsernameAndInvalidRole - Navigating to Admin page...
[2025-10-13 02:02:19] [main] INFO  org.example.hrmOrange.page.admin.AdminPage - Navigated to Admin page
[2025-10-13 02:02:19] [main] INFO  org.example.hrmOrange.testcase.ui.admin.OrangeHRM_Admin_TC10_SearchWithValidUsernameAndInvalidRole - Entering valid username = 'Admin'...
[2025-10-13 02:02:20] [main] INFO  org.example.hrmOrange.page.admin.AdminPage - Clicked Search button
[2025-10-13 02:02:20] [main] INFO  org.example.hrmOrange.testcase.ui.admin.OrangeHRM_Admin_TC10_SearchWithValidUsernameAndInvalidRole - Selecting invalid role = 'ESS'...
[2025-10-13 02:02:20] [main] INFO  org.example.hrmOrange.page.admin.AdminPage - Selected User Role = ESS
[2025-10-13 02:02:20] [main] INFO  org.example.hrmOrange.testcase.ui.admin.OrangeHRM_Admin_TC10_SearchWithValidUsernameAndInvalidRole - Clicking Search button...
[2025-10-13 02:02:20] [main] INFO  org.example.hrmOrange.page.admin.AdminPage - Clicked Search button
[2025-10-13 02:02:20] [main] INFO  org.example.hrmOrange.testcase.ui.admin.OrangeHRM_Admin_TC10_SearchWithValidUsernameAndInvalidRole - Verifying that no records are found...
[2025-10-13 02:02:20] [main] INFO  org.example.hrmOrange.testcase.ui.admin.OrangeHRM_Admin_TC10_SearchWithValidUsernameAndInvalidRole - Testcase passed: Searching with valid username and invalid role shows no results.
[2025-10-13 02:02:25] [main] INFO  org.example.hrmOrange.testcase.ui.admin.OrangeHRM_Admin_TC1_VerifySearchAdminByUsername - Navigating to login page...
[2025-10-13 02:02:25] [main] INFO  org.example.hrmOrange.testcase.ui.admin.OrangeHRM_Admin_TC1_VerifySearchAdminByUsername - Performing login with username='Admin' and password='admin123'
[2025-10-13 02:02:27] [main] INFO  org.example.hrmOrange.testcase.ui.admin.OrangeHRM_Admin_TC1_VerifySearchAdminByUsername - Verifying dashboard is visible...
[2025-10-13 02:02:28] [main] INFO  org.example.hrmOrange.testcase.ui.admin.OrangeHRM_Admin_TC1_VerifySearchAdminByUsername - Navigating to Admin page...
[2025-10-13 02:02:30] [main] INFO  org.example.hrmOrange.page.admin.AdminPage - Navigated to Admin page
[2025-10-13 02:02:30] [main] INFO  org.example.hrmOrange.testcase.ui.admin.OrangeHRM_Admin_TC1_VerifySearchAdminByUsername - Searching for admin user...
[2025-10-13 02:02:30] [main] INFO  org.example.hrmOrange.page.admin.AdminPage - Clicked Search button
[2025-10-13 02:02:30] [main] INFO  org.example.hrmOrange.testcase.ui.admin.OrangeHRM_Admin_TC1_VerifySearchAdminByUsername - Verifying admin user is displayed in the result table...
[2025-10-13 02:02:30] [main] INFO  org.example.hrmOrange.page.admin.AdminPage - Found 3 record(s) with username = Admin
[2025-10-13 02:02:30] [main] INFO  org.example.hrmOrange.testcase.ui.admin.OrangeHRM_Admin_TC1_VerifySearchAdminByUsername - Testcase passed: admin search by username 'Admin' returns correct data
[2025-10-13 02:02:33] [main] INFO  org.example.hrmOrange.testcase.ui.admin.OrangeHRM_Admin_TC2_SearchByUserRoleAdmin - Navigating to login page...
[2025-10-13 02:02:34] [main] INFO  org.example.hrmOrange.testcase.ui.admin.OrangeHRM_Admin_TC2_SearchByUserRoleAdmin - Performing login with username='Admin' and password='admin123'
[2025-10-13 02:02:36] [main] INFO  org.example.hrmOrange.testcase.ui.admin.OrangeHRM_Admin_TC2_SearchByUserRoleAdmin - Verifying dashboard is visible...
[2025-10-13 02:02:37] [main] INFO  org.example.hrmOrange.testcase.ui.admin.OrangeHRM_Admin_TC2_SearchByUserRoleAdmin - Navigating to Admin page...
[2025-10-13 02:02:38] [main] INFO  org.example.hrmOrange.page.admin.AdminPage - Navigated to Admin page
[2025-10-13 02:02:38] [main] INFO  org.example.hrmOrange.testcase.ui.admin.OrangeHRM_Admin_TC2_SearchByUserRoleAdmin - Selecting User Role = Admin
[2025-10-13 02:02:38] [main] INFO  org.example.hrmOrange.page.admin.AdminPage - Selected User Role = Admin
[2025-10-13 02:02:38] [main] INFO  org.example.hrmOrange.testcase.ui.admin.OrangeHRM_Admin_TC2_SearchByUserRoleAdmin - Clicking Search button...
[2025-10-13 02:02:38] [main] INFO  org.example.hrmOrange.page.admin.AdminPage - Clicked Search button
[2025-10-13 02:02:38] [main] INFO  org.example.hrmOrange.testcase.ui.admin.OrangeHRM_Admin_TC2_SearchByUserRoleAdmin - Verifying at least one admin user is displayed in the result table...
[2025-10-13 02:02:38] [main] INFO  org.example.hrmOrange.page.admin.AdminPage - Found 1 record(s) with username = Admin
[2025-10-13 02:02:38] [main] INFO  org.example.hrmOrange.testcase.ui.admin.OrangeHRM_Admin_TC2_SearchByUserRoleAdmin - Testcase passed: admin search by User Role 'Admin' returns correct data
[2025-10-13 02:02:42] [main] INFO  org.example.hrmOrange.testcase.ui.admin.OrangeHRM_Admin_TC3_SearchByStatusEnabled - Navigating to login page...
[2025-10-13 02:02:43] [main] INFO  org.example.hrmOrange.testcase.ui.admin.OrangeHRM_Admin_TC3_SearchByStatusEnabled - Logging in with username='Admin' and password='admin123'
[2025-10-13 02:02:46] [main] INFO  org.example.hrmOrange.testcase.ui.admin.OrangeHRM_Admin_TC3_SearchByStatusEnabled - Dashboard is visible
[2025-10-13 02:02:46] [main] INFO  org.example.hrmOrange.testcase.ui.admin.OrangeHRM_Admin_TC3_SearchByStatusEnabled - Navigating to Admin page...
[2025-10-13 02:02:48] [main] INFO  org.example.hrmOrange.page.admin.AdminPage - Navigated to Admin page
[2025-10-13 02:02:48] [main] INFO  org.example.hrmOrange.testcase.ui.admin.OrangeHRM_Admin_TC3_SearchByStatusEnabled - Selecting Status = Enabled...
[2025-10-13 02:02:48] [main] INFO  org.example.hrmOrange.page.admin.AdminPage - Selected Status: Enabled
[2025-10-13 02:02:48] [main] INFO  org.example.hrmOrange.testcase.ui.admin.OrangeHRM_Admin_TC3_SearchByStatusEnabled - Clicking Search button...
[2025-10-13 02:02:48] [main] INFO  org.example.hrmOrange.page.admin.AdminPage - Clicked Search button
[2025-10-13 02:02:48] [main] INFO  org.example.hrmOrange.testcase.ui.admin.OrangeHRM_Admin_TC3_SearchByStatusEnabled - Verifying that at least one Enabled account is displayed...
[2025-10-13 02:02:48] [main] INFO  org.example.hrmOrange.page.admin.AdminPage - Found 1 record(s) with username = Enabled
[2025-10-13 02:02:48] [main] INFO  org.example.hrmOrange.testcase.ui.admin.OrangeHRM_Admin_TC3_SearchByStatusEnabled - Testcase passed: Admin search by Status 'Enabled' returns correct data
[2025-10-13 02:02:52] [main] INFO  org.example.hrmOrange.testcase.ui.admin.OrangeHRM_Admin_TC4_SearchByEmployeeName - Navigating to login page...
[2025-10-13 02:02:52] [main] INFO  org.example.hrmOrange.testcase.ui.admin.OrangeHRM_Admin_TC4_SearchByEmployeeName - Performing login with username='Admin' and password='admin123'
[2025-10-13 02:02:54] [main] INFO  org.example.hrmOrange.testcase.ui.admin.OrangeHRM_Admin_TC4_SearchByEmployeeName - Verifying dashboard is visible...
[2025-10-13 02:02:55] [main] INFO  org.example.hrmOrange.testcase.ui.admin.OrangeHRM_Admin_TC4_SearchByEmployeeName - Navigating to Admin page...
[2025-10-13 02:02:57] [main] INFO  org.example.hrmOrange.page.admin.AdminPage - Navigated to Admin page
[2025-10-13 02:02:57] [main] INFO  org.example.hrmOrange.testcase.ui.admin.OrangeHRM_Admin_TC4_SearchByEmployeeName - Entering Employee Name = test
[2025-10-13 02:02:57] [main] WARN  org.example.hrmOrange.page.admin.AdminPage - No suggestion found for employee name: test
[2025-10-13 02:02:57] [main] INFO  org.example.hrmOrange.testcase.ui.admin.OrangeHRM_Admin_TC4_SearchByEmployeeName - Clicking Search button...
[2025-10-13 02:02:57] [main] INFO  org.example.hrmOrange.page.admin.AdminPage - Clicked Search button
[2025-10-13 02:02:57] [main] INFO  org.example.hrmOrange.testcase.ui.admin.OrangeHRM_Admin_TC4_SearchByEmployeeName - Verifying result contains employee 'TestFirstName TestLastName'...
[2025-10-13 02:02:57] [main] INFO  org.example.hrmOrange.page.admin.AdminPage - Employee name found in result table: TestFirstName
[2025-10-13 02:02:57] [main] INFO  org.example.hrmOrange.testcase.ui.admin.OrangeHRM_Admin_TC4_SearchByEmployeeName - Testcase passed: search by Employee Name returns correct result
[2025-10-13 02:03:01] [main] INFO  org.example.hrmOrange.testcase.ui.admin.OrangeHRM_Admin_TC5_SearchWithInvalidEmployee - Navigating to login page...
[2025-10-13 02:03:01] [main] INFO  org.example.hrmOrange.testcase.ui.admin.OrangeHRM_Admin_TC5_SearchWithInvalidEmployee - Logging in as Admin...
[2025-10-13 02:03:05] [main] INFO  org.example.hrmOrange.testcase.ui.admin.OrangeHRM_Admin_TC5_SearchWithInvalidEmployee - Navigating to Admin page...
[2025-10-13 02:03:06] [main] INFO  org.example.hrmOrange.page.admin.AdminPage - Navigated to Admin page
[2025-10-13 02:03:06] [main] INFO  org.example.hrmOrange.testcase.ui.admin.OrangeHRM_Admin_TC5_SearchWithInvalidEmployee - Entering Employee Name = manda akhil user
[2025-10-13 02:03:06] [main] WARN  org.example.hrmOrange.page.admin.AdminPage - No suggestion found for employee name: Invalid Employee XYZ
[2025-10-13 02:03:06] [main] INFO  org.example.hrmOrange.testcase.ui.admin.OrangeHRM_Admin_TC5_SearchWithInvalidEmployee - Clicking Search...
[2025-10-13 02:03:06] [main] INFO  org.example.hrmOrange.page.admin.AdminPage - Clicked Search button
[2025-10-13 02:03:06] [main] INFO  org.example.hrmOrange.testcase.ui.admin.OrangeHRM_Admin_TC5_SearchWithInvalidEmployee - Verifying invalid employee name message displayed...
[2025-10-13 02:03:06] [main] INFO  org.example.hrmOrange.testcase.ui.admin.OrangeHRM_Admin_TC5_SearchWithInvalidEmployee - Testcase passed: Searching with invalid employee name shows no data.
[2025-10-13 02:03:10] [main] INFO  org.example.hrmOrange.testcase.ui.admin.OrangeHRM_Admin_TC6_SearchByMultipleConditions - Navigating to login page...
[2025-10-13 02:03:10] [main] INFO  org.example.hrmOrange.testcase.ui.admin.OrangeHRM_Admin_TC6_SearchByMultipleConditions - Logging in with Admin credentials...
[2025-10-13 02:03:12] [main] INFO  org.example.hrmOrange.testcase.ui.admin.OrangeHRM_Admin_TC6_SearchByMultipleConditions - Verifying dashboard visibility...
[2025-10-13 02:03:13] [main] INFO  org.example.hrmOrange.testcase.ui.admin.OrangeHRM_Admin_TC6_SearchByMultipleConditions - Navigating to Admin page...
[2025-10-13 02:03:15] [main] INFO  org.example.hrmOrange.page.admin.AdminPage - Navigated to Admin page
[2025-10-13 02:03:15] [main] INFO  org.example.hrmOrange.testcase.ui.admin.OrangeHRM_Admin_TC6_SearchByMultipleConditions - Filling search fields: username='Admin', role='Admin', status='Enabled'
[2025-10-13 02:03:15] [main] INFO  org.example.hrmOrange.page.admin.AdminPage - Clicked Search button
[2025-10-13 02:03:15] [main] INFO  org.example.hrmOrange.page.admin.AdminPage - Selected User Role = Admin
[2025-10-13 02:03:15] [main] INFO  org.example.hrmOrange.page.admin.AdminPage - Selected Status: Enabled
[2025-10-13 02:03:15] [main] INFO  org.example.hrmOrange.testcase.ui.admin.OrangeHRM_Admin_TC6_SearchByMultipleConditions - Clicking Search button...
[2025-10-13 02:03:15] [main] INFO  org.example.hrmOrange.page.admin.AdminPage - Clicked Search button
[2025-10-13 02:03:15] [main] INFO  org.example.hrmOrange.testcase.ui.admin.OrangeHRM_Admin_TC6_SearchByMultipleConditions - Verifying result contains user 'Admin' with role 'Admin' and status 'Enabled'
[2025-10-13 02:03:15] [main] INFO  org.example.hrmOrange.page.admin.AdminPage - Found 1 record(s) with username = Admin
[2025-10-13 02:03:15] [main] INFO  org.example.hrmOrange.page.admin.AdminPage - Found employee name matching: Admin
[2025-10-13 02:03:15] [main] INFO  org.example.hrmOrange.page.admin.AdminPage - Found 2 record(s) with username = Enabled
[2025-10-13 02:03:15] [main] INFO  org.example.hrmOrange.testcase.ui.admin.OrangeHRM_Admin_TC6_SearchByMultipleConditions - ✅ Testcase passed: Search by Username + Role + Status works correctly.
[2025-10-13 02:03:19] [main] INFO  org.example.hrmOrange.testcase.ui.admin.OrangeHRM_Admin_TC7_SearchWithInvalidUserName - Navigating to login page...
[2025-10-13 02:03:19] [main] INFO  org.example.hrmOrange.testcase.ui.admin.OrangeHRM_Admin_TC7_SearchWithInvalidUserName - Logging in as Admin...
[2025-10-13 02:03:23] [main] INFO  org.example.hrmOrange.testcase.ui.admin.OrangeHRM_Admin_TC7_SearchWithInvalidUserName - Navigating to Admin page...
[2025-10-13 02:03:24] [main] INFO  org.example.hrmOrange.page.admin.AdminPage - Navigated to Admin page
[2025-10-13 02:03:24] [main] INFO  org.example.hrmOrange.testcase.ui.admin.OrangeHRM_Admin_TC7_SearchWithInvalidUserName - Entering invalid employee name...
[2025-10-13 02:03:25] [main] INFO  org.example.hrmOrange.page.admin.AdminPage - Clicked Search button
[2025-10-13 02:03:25] [main] INFO  org.example.hrmOrange.testcase.ui.admin.OrangeHRM_Admin_TC7_SearchWithInvalidUserName - Clicking Search...
[2025-10-13 02:03:25] [main] INFO  org.example.hrmOrange.page.admin.AdminPage - Clicked Search button
[2025-10-13 02:03:25] [main] INFO  org.example.hrmOrange.testcase.ui.admin.OrangeHRM_Admin_TC7_SearchWithInvalidUserName - Verifying no results found...
[2025-10-13 02:03:25] [main] INFO  org.example.hrmOrange.testcase.ui.admin.OrangeHRM_Admin_TC7_SearchWithInvalidUserName - Testcase passed: Searching with invalid employee name shows no data.
[2025-10-13 02:03:29] [main] INFO  org.example.hrmOrange.testcase.ui.admin.OrangeHRM_Admin_TC8_VerifyResetButtonClearsFilters - Navigating to login page...
[2025-10-13 02:03:29] [main] INFO  org.example.hrmOrange.testcase.ui.admin.OrangeHRM_Admin_TC8_VerifyResetButtonClearsFilters - Logging in as Admin...
[2025-10-13 02:03:32] [main] INFO  org.example.hrmOrange.testcase.ui.admin.OrangeHRM_Admin_TC8_VerifyResetButtonClearsFilters - Navigating to Admin page...
[2025-10-13 02:03:34] [main] INFO  org.example.hrmOrange.page.admin.AdminPage - Navigated to Admin page
[2025-10-13 02:03:34] [main] INFO  org.example.hrmOrange.testcase.ui.admin.OrangeHRM_Admin_TC8_VerifyResetButtonClearsFilters - Filling search filters...
[2025-10-13 02:03:34] [main] INFO  org.example.hrmOrange.page.admin.AdminPage - Clicked Search button
[2025-10-13 02:03:34] [main] INFO  org.example.hrmOrange.page.admin.AdminPage - Selected User Role = ESS
[2025-10-13 02:03:34] [main] WARN  org.example.hrmOrange.page.admin.AdminPage - No suggestion found for employee name: manda user
[2025-10-13 02:03:34] [main] INFO  org.example.hrmOrange.page.admin.AdminPage - Selected Status: Enabled
[2025-10-13 02:03:34] [main] INFO  org.example.hrmOrange.testcase.ui.admin.OrangeHRM_Admin_TC8_VerifyResetButtonClearsFilters - Clicking Reset button...
[2025-10-13 02:03:34] [main] INFO  org.example.hrmOrange.page.admin.AdminPage - Clicked Reset button
[2025-10-13 02:03:34] [main] INFO  org.example.hrmOrange.testcase.ui.admin.OrangeHRM_Admin_TC8_VerifyResetButtonClearsFilters - Verifying that all filters are cleared...
[2025-10-13 02:03:34] [main] INFO  org.example.hrmOrange.page.admin.AdminPage - Filters cleared check -> Username: '', Employee: '', Role: '-- Select --', Status: '-- Select --'
[2025-10-13 02:03:34] [main] INFO  org.example.hrmOrange.testcase.ui.admin.OrangeHRM_Admin_TC8_VerifyResetButtonClearsFilters - Testcase passed: Reset button clears all filters successfully.
[2025-10-13 02:03:38] [main] INFO  org.example.hrmOrange.testcase.ui.admin.OrangeHRM_Admin_TC9_SearchWithoutFilters - Navigating to login page...
[2025-10-13 02:03:38] [main] INFO  org.example.hrmOrange.testcase.ui.admin.OrangeHRM_Admin_TC9_SearchWithoutFilters - Logging in as Admin...
[2025-10-13 02:03:42] [main] INFO  org.example.hrmOrange.testcase.ui.admin.OrangeHRM_Admin_TC9_SearchWithoutFilters - Navigating to Admin page...
[2025-10-13 02:03:43] [main] INFO  org.example.hrmOrange.page.admin.AdminPage - Navigated to Admin page
[2025-10-13 02:03:43] [main] INFO  org.example.hrmOrange.testcase.ui.admin.OrangeHRM_Admin_TC9_SearchWithoutFilters - Clicking Search without entering any filters...
[2025-10-13 02:03:43] [main] INFO  org.example.hrmOrange.page.admin.AdminPage - Clicked Search button
[2025-10-13 02:03:43] [main] INFO  org.example.hrmOrange.testcase.ui.admin.OrangeHRM_Admin_TC9_SearchWithoutFilters - Verifying that user list is displayed...
[2025-10-13 02:03:43] [main] INFO  org.example.hrmOrange.testcase.ui.admin.OrangeHRM_Admin_TC9_SearchWithoutFilters - Testcase passed: Search without filters displays all users.
[37m[2025-11-10 13:55:37] [34m[DEBUG][37m [32morg.testng.TestNG [37m-[37m [32msuiteXmlPath: "C:\Users\mytie\AppData\Local\JetBrains\IntelliJIdea2025.2\temp-testng-customsuite.xml"
[0m[37m[2025-11-10 13:55:37] [34m[WARN ][37m [32morg.testng.internal.Configuration [37m-[37m [32mDetected a static method [org.example.hrmOrange.common.BaseTest.beforeSuite()]. Static configuration methods can cause unexpected behavior.
[0m[37m[2025-11-10 13:55:37] [34m[WARN ][37m [32morg.testng.internal.Configuration [37m-[37m [32mDetected a static method [org.example.hrmOrange.common.BaseTest.afterSuite()]. Static configuration methods can cause unexpected behavior.
[0m[37m[2025-11-10 13:55:37] [34m[INFO ][37m [32morg.testng.internal.Utils [37m-[37m [32m[TestNG] Running:
  C:\Users\mytie\AppData\Local\JetBrains\IntelliJIdea2025.2\temp-testng-customsuite.xml

[0m[37m[2025-11-10 13:55:50] [34m[INFO ][37m [32morg.example.hrmOrange.testcase.ui.login.OrangeHRM_Login_TC1_VerifyThatUserCanLoginWithValidDataSuccessfully [37m-[37m [32mStep 1: Navigate to login page and enter credentials
[0m[37m[2025-11-10 13:55:54] [34m[INFO ][37m [32morg.example.hrmOrange.testcase.ui.login.OrangeHRM_Login_TC1_VerifyThatUserCanLoginWithValidDataSuccessfully [37m-[37m [32mStep 2: Verify successful login
[0m[37m[2025-11-10 13:56:10] [34m[INFO ][37m [32morg.example.hrmOrange.allure.AllureReportUtils [37m-[37m [32mStarting Allure report generation...
[0m[37m[2025-11-10 13:56:10] [34m[INFO ][37m [32morg.example.hrmOrange.allure.AllureReportUtils [37m-[37m [32mCreated directory reports
[0m[37m[2025-11-10 13:56:10] [34m[INFO ][37m [32morg.example.hrmOrange.allure.AllureReportUtils [37m-[37m [32mRunning: mvn allure:report
[0m[37m[2025-11-10 18:19:32] [34m[DEBUG][37m [32morg.testng.TestNG [37m-[37m [32msuiteXmlPath: "C:\Users\mytie\AppData\Local\JetBrains\IntelliJIdea2025.2\temp-testng-customsuite.xml"
[0m[37m[2025-11-10 18:19:32] [34m[WARN ][37m [32morg.testng.internal.Configuration [37m-[37m [32mDetected a static method [org.example.hrmOrange.common.BaseTest.beforeSuite()]. Static configuration methods can cause unexpected behavior.
[0m[37m[2025-11-10 18:19:32] [34m[WARN ][37m [32morg.testng.internal.Configuration [37m-[37m [32mDetected a static method [org.example.hrmOrange.common.BaseTest.afterSuite()]. Static configuration methods can cause unexpected behavior.
[0m[37m[2025-11-10 18:19:32] [34m[INFO ][37m [32morg.testng.internal.Utils [37m-[37m [32m[TestNG] Running:
  C:\Users\mytie\AppData\Local\JetBrains\IntelliJIdea2025.2\temp-testng-customsuite.xml

[0m[37m[2025-11-10 18:19:32] [34m[INFO ][37m [32morg.example.hrmOrange.allure.AllureReportUtils [37m-[37m [32mRemoved old report
[0m[37m[2025-11-10 18:19:38] [34m[INFO ][37m [32morg.example.hrmOrange.testcase.ui.login.OrangeHRM_Login_TC1_VerifyThatUserCanLoginWithValidDataSuccessfully [37m-[37m [32mStep 1: Navigate to login page and enter credentials
[0m[37m[2025-11-10 18:19:41] [34m[INFO ][37m [32morg.example.hrmOrange.testcase.ui.login.OrangeHRM_Login_TC1_VerifyThatUserCanLoginWithValidDataSuccessfully [37m-[37m [32mStep 2: Verify successful login
[0m[37m[2025-11-10 18:19:42] [34m[INFO ][37m [32morg.example.hrmOrange.testcase.ui.login.OrangeHRM_Login_TC1_VerifyThatUserCanLoginWithValidDataSuccessfully [37m-[37m [32mVerification: Check dashboard title
[0m[37m[2025-11-10 18:19:42] [34m[INFO ][37m [32morg.example.hrmOrange.testcase.ui.login.OrangeHRM_Login_TC1_VerifyThatUserCanLoginWithValidDataSuccessfully [37m-[37m [32mVerification passed: Dashboard title is as expected
[0m[37m[2025-11-10 18:19:42] [34m[INFO ][37m [32morg.example.hrmOrange.testcase.ui.login.OrangeHRM_Login_TC1_VerifyThatUserCanLoginWithValidDataSuccessfully [37m-[37m [32mTest case passed: User successfully logged in and dashboard verified
[0m[37m[2025-11-10 18:19:42] [34m[INFO ][37m [32morg.example.hrmOrange.allure.AllureReportUtils [37m-[37m [32mStarting Allure report generation...
[0m[37m[2025-11-10 18:19:42] [34m[INFO ][37m [32morg.example.hrmOrange.allure.AllureReportUtils [37m-[37m [32mRunning: mvn allure:report
[0m[37m[2025-11-10 18:19:48] [34m[INFO ][37m [32morg.example.hrmOrange.allure.AllureReportUtils [37m-[37m [32mLooking for Allure report at: C:\Users\mytie\IdeaProjects\Playwright_demo\target\site\allure-maven-plugin
[0m[37m[2025-11-10 18:19:48] [34m[WARN ][37m [32morg.example.hrmOrange.allure.AllureReportUtils [37m-[37m [32m⚠️ Allure report directory not found at: C:\Users\mytie\IdeaProjects\Playwright_demo\target\site\allure-maven-plugin
[0m[37m[2025-11-10 18:19:48] [34m[INFO ][37m [32morg.example.hrmOrange.allure.AllureReportUtils [37m-[37m [32mChecking alternative location: target/allure-report
[0m[37m[2025-11-10 18:19:48] [34m[INFO ][37m [32morg.example.hrmOrange.allure.AllureReportUtils [37m-[37m [32mFound report at alternative location: C:\Users\mytie\IdeaProjects\Playwright_demo\target\allure-report
[0m[37m[2025-11-10 18:19:48] [34m[INFO ][37m [32morg.example.hrmOrange.allure.AllureReportUtils [37m-[37m [32mCreated directory reports\2025-11-10\common_181948
[0m[37m[2025-11-10 18:19:48] [34m[INFO ][37m [32morg.example.hrmOrange.allure.AllureReportUtils [37m-[37m [32mCopying report from: C:\Users\mytie\IdeaProjects\Playwright_demo\target\allure-report
[0m[37m[2025-11-10 18:19:48] [34m[INFO ][37m [32morg.example.hrmOrange.allure.AllureReportUtils [37m-[37m [32mCopying report to: C:\Users\mytie\IdeaProjects\Playwright_demo\reports\2025-11-10\common_181948
[0m[37m[2025-11-10 18:19:48] [34m[INFO ][37m [32morg.example.hrmOrange.allure.AllureReportUtils [37m-[37m [32m✅ Report copied successfully!
[0m[37m[2025-11-10 18:19:48] [34m[INFO ][37m [32morg.example.hrmOrange.allure.AllureReportUtils [37m-[37m [32mIndex file created at: C:\Users\mytie\IdeaProjects\Playwright_demo\reports\2025-11-10\index.html
[0m[37m[2025-11-10 18:19:48] [34m[INFO ][37m [32morg.example.hrmOrange.allure.AllureReportUtils [37m-[37m [32m✅ Allure Report generated successfully at: C:\Users\mytie\IdeaProjects\Playwright_demo\reports
[0m[37m[2025-11-10 20:35:30] [34m[DEBUG][37m [32morg.testng.TestNG [37m-[37m [32msuiteXmlPath: "C:\Users\mytie\AppData\Local\JetBrains\IntelliJIdea2025.2\temp-testng-customsuite.xml"
[0m[37m[2025-11-10 20:35:31] [34m[WARN ][37m [32morg.testng.internal.Configuration [37m-[37m [32mDetected a static method [org.example.hrmOrange.common.BaseTest.beforeSuite()]. Static configuration methods can cause unexpected behavior.
[0m[37m[2025-11-10 20:35:31] [34m[WARN ][37m [32morg.testng.internal.Configuration [37m-[37m [32mDetected a static method [org.example.hrmOrange.common.BaseTest.afterSuite()]. Static configuration methods can cause unexpected behavior.
[0m[37m[2025-11-10 20:35:31] [34m[INFO ][37m [32morg.testng.internal.Utils [37m-[37m [32m[TestNG] Running:
  C:\Users\mytie\AppData\Local\JetBrains\IntelliJIdea2025.2\temp-testng-customsuite.xml

[0m[37m[2025-11-10 20:35:34] [34m[INFO ][37m [32morg.example.hrmOrange.allure.LogUtils [37m-[37m [32mNavigate to URL: https://opensource-demo.orangehrmlive.com/web/index.php/auth/login
[0m[37m[2025-11-10 20:35:37] [34m[INFO ][37m [32morg.example.hrmOrange.testcase.ui.admin.OrangeHRM_Admin_TC9_SearchWithoutFilters [37m-[37m [32mNavigating to login page...
[0m[37m[2025-11-10 20:35:37] [34m[INFO ][37m [32morg.example.hrmOrange.allure.LogUtils [37m-[37m [32mNavigate to URL: https://opensource-demo.orangehrmlive.com/web/index.php/auth/login
[0m[37m[2025-11-10 20:35:38] [34m[INFO ][37m [32morg.example.hrmOrange.testcase.ui.admin.OrangeHRM_Admin_TC9_SearchWithoutFilters [37m-[37m [32mLogging in as Admin...
[0m[37m[2025-11-10 20:35:38] [34m[INFO ][37m [32morg.example.hrmOrange.allure.LogUtils [37m-[37m [32mWait until visible: //input[@name='username']
[0m[37m[2025-11-10 20:35:39] [34m[INFO ][37m [32morg.example.hrmOrange.allure.LogUtils [37m-[37m [32mFill input //input[@name='username'] with: Admin
[0m[37m[2025-11-10 20:35:39] [34m[INFO ][37m [32morg.example.hrmOrange.allure.LogUtils [37m-[37m [32mFill input //input[@name='password'] with: admin123
[0m[37m[2025-11-10 20:35:39] [34m[INFO ][37m [32morg.example.hrmOrange.allure.LogUtils [37m-[37m [32mClick element: //button[@type='submit']
[0m[37m[2025-11-10 20:35:49] [34m[INFO ][37m [32morg.example.hrmOrange.allure.AllureReportUtils [37m-[37m [32mStarting Allure report generation...
[0m[37m[2025-11-10 20:35:49] [34m[INFO ][37m [32morg.example.hrmOrange.allure.AllureReportUtils [37m-[37m [32mRunning: mvn allure:report
[0m[37m[2025-11-10 20:35:58] [34m[INFO ][37m [32morg.example.hrmOrange.allure.AllureReportUtils [37m-[37m [32mLooking for Allure report at: C:\Users\mytie\IdeaProjects\Playwright_demo\target\site\allure-maven-plugin
[0m[37m[2025-11-10 20:35:58] [34m[WARN ][37m [32morg.example.hrmOrange.allure.AllureReportUtils [37m-[37m [32m⚠️ Allure report directory not found at: C:\Users\mytie\IdeaProjects\Playwright_demo\target\site\allure-maven-plugin
[0m[37m[2025-11-10 20:35:58] [34m[INFO ][37m [32morg.example.hrmOrange.allure.AllureReportUtils [37m-[37m [32mChecking alternative location: target/allure-report
[0m[37m[2025-11-10 20:35:58] [34m[INFO ][37m [32morg.example.hrmOrange.allure.AllureReportUtils [37m-[37m [32mFound report at alternative location: C:\Users\mytie\IdeaProjects\Playwright_demo\target\allure-report
[0m[37m[2025-11-10 20:35:58] [34m[INFO ][37m [32morg.example.hrmOrange.allure.AllureReportUtils [37m-[37m [32mCreated directory reports\2025-11-10\common_203558
[0m[37m[2025-11-10 20:35:58] [34m[INFO ][37m [32morg.example.hrmOrange.allure.AllureReportUtils [37m-[37m [32mCopying report from: C:\Users\mytie\IdeaProjects\Playwright_demo\target\allure-report
[0m[37m[2025-11-10 20:35:58] [34m[INFO ][37m [32morg.example.hrmOrange.allure.AllureReportUtils [37m-[37m [32mCopying report to: C:\Users\mytie\IdeaProjects\Playwright_demo\reports\2025-11-10\common_203558
[0m[37m[2025-11-10 20:35:58] [34m[INFO ][37m [32morg.example.hrmOrange.allure.AllureReportUtils [37m-[37m [32m✅ Report copied successfully!
[0m[37m[2025-11-10 20:35:58] [34m[INFO ][37m [32morg.example.hrmOrange.allure.AllureReportUtils [37m-[37m [32mIndex file created at: C:\Users\mytie\IdeaProjects\Playwright_demo\reports\2025-11-10\index.html
[0m[37m[2025-11-10 20:35:58] [34m[INFO ][37m [32morg.example.hrmOrange.allure.AllureReportUtils [37m-[37m [32m✅ Allure Report generated successfully at: C:\Users\mytie\IdeaProjects\Playwright_demo\reports
[0m[37m[2025-11-10 20:36:33] [34m[DEBUG][37m [32morg.testng.TestNG [37m-[37m [32msuiteXmlPath: "C:\Users\mytie\AppData\Local\JetBrains\IntelliJIdea2025.2\temp-testng-customsuite.xml"
[0m[37m[2025-11-10 20:36:34] [34m[WARN ][37m [32morg.testng.internal.Configuration [37m-[37m [32mDetected a static method [org.example.hrmOrange.common.BaseTest.beforeSuite()]. Static configuration methods can cause unexpected behavior.
[0m[37m[2025-11-10 20:36:34] [34m[WARN ][37m [32morg.testng.internal.Configuration [37m-[37m [32mDetected a static method [org.example.hrmOrange.common.BaseTest.afterSuite()]. Static configuration methods can cause unexpected behavior.
[0m[37m[2025-11-10 20:36:34] [34m[INFO ][37m [32morg.testng.internal.Utils [37m-[37m [32m[TestNG] Running:
  C:\Users\mytie\AppData\Local\JetBrains\IntelliJIdea2025.2\temp-testng-customsuite.xml

[0m[37m[2025-11-10 20:36:34] [34m[INFO ][37m [32morg.example.hrmOrange.allure.AllureReportUtils [37m-[37m [32mRemoved old report
[0m[37m[2025-11-10 20:36:37] [34m[INFO ][37m [32morg.example.hrmOrange.allure.LogUtils [37m-[37m [32mNavigate to URL: https://opensource-demo.orangehrmlive.com/web/index.php/auth/login
[0m[37m[2025-11-10 20:36:44] [34m[INFO ][37m [32morg.example.hrmOrange.testcase.ui.admin.OrangeHRM_Admin_TC9_SearchWithoutFilters [37m-[37m [32mNavigating to login page...
[0m[37m[2025-11-10 20:36:44] [34m[INFO ][37m [32morg.example.hrmOrange.allure.LogUtils [37m-[37m [32mNavigate to URL: https://opensource-demo.orangehrmlive.com/web/index.php/auth/login
[0m[37m[2025-11-10 20:36:45] [34m[INFO ][37m [32morg.example.hrmOrange.testcase.ui.admin.OrangeHRM_Admin_TC9_SearchWithoutFilters [37m-[37m [32mLogging in as Admin...
[0m[37m[2025-11-10 20:36:45] [34m[INFO ][37m [32morg.example.hrmOrange.allure.LogUtils [37m-[37m [32mWait until visible: //input[@name='username']
[0m[37m[2025-11-10 20:36:46] [34m[INFO ][37m [32morg.example.hrmOrange.allure.LogUtils [37m-[37m [32mFill input //input[@name='username'] with: Admin
[0m[37m[2025-11-10 20:36:46] [34m[INFO ][37m [32morg.example.hrmOrange.allure.LogUtils [37m-[37m [32mFill input //input[@name='password'] with: admin123
[0m[37m[2025-11-10 20:36:46] [34m[INFO ][37m [32morg.example.hrmOrange.allure.LogUtils [37m-[37m [32mClick element: //button[@type='submit']
[0m[37m[2025-11-10 20:36:56] [34m[INFO ][37m [32morg.example.hrmOrange.allure.AllureReportUtils [37m-[37m [32mStarting Allure report generation...
[0m[37m[2025-11-10 20:36:56] [34m[INFO ][37m [32morg.example.hrmOrange.allure.AllureReportUtils [37m-[37m [32mRunning: mvn allure:report
[0m[37m[2025-11-10 20:37:01] [34m[INFO ][37m [32morg.example.hrmOrange.allure.AllureReportUtils [37m-[37m [32mLooking for Allure report at: C:\Users\mytie\IdeaProjects\Playwright_demo\target\site\allure-maven-plugin
[0m[37m[2025-11-10 20:37:01] [34m[WARN ][37m [32morg.example.hrmOrange.allure.AllureReportUtils [37m-[37m [32m⚠️ Allure report directory not found at: C:\Users\mytie\IdeaProjects\Playwright_demo\target\site\allure-maven-plugin
[0m[37m[2025-11-10 20:37:01] [34m[INFO ][37m [32morg.example.hrmOrange.allure.AllureReportUtils [37m-[37m [32mChecking alternative location: target/allure-report
[0m[37m[2025-11-10 20:37:01] [34m[INFO ][37m [32morg.example.hrmOrange.allure.AllureReportUtils [37m-[37m [32mFound report at alternative location: C:\Users\mytie\IdeaProjects\Playwright_demo\target\allure-report
[0m[37m[2025-11-10 20:37:01] [34m[INFO ][37m [32morg.example.hrmOrange.allure.AllureReportUtils [37m-[37m [32mCreated directory reports\2025-11-10\common_203701
[0m[37m[2025-11-10 20:37:01] [34m[INFO ][37m [32morg.example.hrmOrange.allure.AllureReportUtils [37m-[37m [32mCopying report from: C:\Users\mytie\IdeaProjects\Playwright_demo\target\allure-report
[0m[37m[2025-11-10 20:37:01] [34m[INFO ][37m [32morg.example.hrmOrange.allure.AllureReportUtils [37m-[37m [32mCopying report to: C:\Users\mytie\IdeaProjects\Playwright_demo\reports\2025-11-10\common_203701
[0m[37m[2025-11-10 20:37:01] [34m[INFO ][37m [32morg.example.hrmOrange.allure.AllureReportUtils [37m-[37m [32m✅ Report copied successfully!
[0m[37m[2025-11-10 20:37:01] [34m[INFO ][37m [32morg.example.hrmOrange.allure.AllureReportUtils [37m-[37m [32mIndex file created at: C:\Users\mytie\IdeaProjects\Playwright_demo\reports\2025-11-10\index.html
[0m[37m[2025-11-10 20:37:01] [34m[INFO ][37m [32morg.example.hrmOrange.allure.AllureReportUtils [37m-[37m [32m✅ Allure Report generated successfully at: C:\Users\mytie\IdeaProjects\Playwright_demo\reports
[0m[37m[2025-11-10 20:39:24] [34m[DEBUG][37m [32morg.testng.TestNG [37m-[37m [32msuiteXmlPath: "C:\Users\mytie\AppData\Local\JetBrains\IntelliJIdea2025.2\temp-testng-customsuite.xml"
[0m[37m[2025-11-10 20:39:24] [34m[WARN ][37m [32morg.testng.internal.Configuration [37m-[37m [32mDetected a static method [org.example.hrmOrange.common.BaseTest.beforeSuite()]. Static configuration methods can cause unexpected behavior.
[0m[37m[2025-11-10 20:39:24] [34m[WARN ][37m [32morg.testng.internal.Configuration [37m-[37m [32mDetected a static method [org.example.hrmOrange.common.BaseTest.afterSuite()]. Static configuration methods can cause unexpected behavior.
[0m[37m[2025-11-10 20:39:24] [34m[INFO ][37m [32morg.testng.internal.Utils [37m-[37m [32m[TestNG] Running:
  C:\Users\mytie\AppData\Local\JetBrains\IntelliJIdea2025.2\temp-testng-customsuite.xml

[0m[37m[2025-11-10 20:39:24] [34m[INFO ][37m [32morg.example.hrmOrange.allure.AllureReportUtils [37m-[37m [32mRemoved old report
[0m[37m[2025-11-10 20:39:28] [34m[INFO ][37m [32morg.example.hrmOrange.allure.LogUtils [37m-[37m [32mNavigate to URL: https://opensource-demo.orangehrmlive.com/web/index.php/auth/login
[0m[37m[2025-11-10 20:39:31] [34m[INFO ][37m [32morg.example.hrmOrange.testcase.ui.admin.OrangeHRM_Admin_TC9_SearchWithoutFilters [37m-[37m [32mNavigating to login page...
[0m[37m[2025-11-10 20:39:31] [34m[INFO ][37m [32morg.example.hrmOrange.allure.LogUtils [37m-[37m [32mNavigate to URL: https://opensource-demo.orangehrmlive.com/web/index.php/auth/login
[0m[37m[2025-11-10 20:39:31] [34m[INFO ][37m [32morg.example.hrmOrange.testcase.ui.admin.OrangeHRM_Admin_TC9_SearchWithoutFilters [37m-[37m [32mLogging in as Admin...
[0m[37m[2025-11-10 20:39:31] [34m[INFO ][37m [32morg.example.hrmOrange.allure.LogUtils [37m-[37m [32mWait until visible: //input[@name='username']
[0m[37m[2025-11-10 20:39:32] [34m[INFO ][37m [32morg.example.hrmOrange.allure.LogUtils [37m-[37m [32mFill input //input[@name='username'] with: Admin
[0m[37m[2025-11-10 20:39:32] [34m[INFO ][37m [32morg.example.hrmOrange.allure.LogUtils [37m-[37m [32mFill input //input[@name='password'] with: admin123
[0m[37m[2025-11-10 20:39:32] [34m[INFO ][37m [32morg.example.hrmOrange.allure.LogUtils [37m-[37m [32mClick element: //button[@type='submit']
[0m[37m[2025-11-10 20:39:42] [34m[INFO ][37m [32morg.example.hrmOrange.allure.AllureReportUtils [37m-[37m [32mStarting Allure report generation...
[0m[37m[2025-11-10 20:39:42] [34m[INFO ][37m [32morg.example.hrmOrange.allure.AllureReportUtils [37m-[37m [32mRunning: mvn allure:report
[0m[37m[2025-11-10 20:39:54] [34m[INFO ][37m [32morg.example.hrmOrange.allure.AllureReportUtils [37m-[37m [32mLooking for Allure report at: C:\Users\mytie\IdeaProjects\Playwright_demo\target\site\allure-maven-plugin
[0m[37m[2025-11-10 20:39:54] [34m[WARN ][37m [32morg.example.hrmOrange.allure.AllureReportUtils [37m-[37m [32m⚠️ Allure report directory not found at: C:\Users\mytie\IdeaProjects\Playwright_demo\target\site\allure-maven-plugin
[0m[37m[2025-11-10 20:39:54] [34m[INFO ][37m [32morg.example.hrmOrange.allure.AllureReportUtils [37m-[37m [32mChecking alternative location: target/allure-report
[0m[37m[2025-11-10 20:39:54] [34m[INFO ][37m [32morg.example.hrmOrange.allure.AllureReportUtils [37m-[37m [32mFound report at alternative location: C:\Users\mytie\IdeaProjects\Playwright_demo\target\allure-report
[0m[37m[2025-11-10 20:39:54] [34m[INFO ][37m [32morg.example.hrmOrange.allure.AllureReportUtils [37m-[37m [32mCreated directory reports\2025-11-10\common_203954
[0m[37m[2025-11-10 20:39:54] [34m[INFO ][37m [32morg.example.hrmOrange.allure.AllureReportUtils [37m-[37m [32mCopying report from: C:\Users\mytie\IdeaProjects\Playwright_demo\target\allure-report
[0m[37m[2025-11-10 20:39:54] [34m[INFO ][37m [32morg.example.hrmOrange.allure.AllureReportUtils [37m-[37m [32mCopying report to: C:\Users\mytie\IdeaProjects\Playwright_demo\reports\2025-11-10\common_203954
[0m[37m[2025-11-10 20:39:54] [34m[INFO ][37m [32morg.example.hrmOrange.allure.AllureReportUtils [37m-[37m [32m✅ Report copied successfully!
[0m[37m[2025-11-10 20:39:54] [34m[INFO ][37m [32morg.example.hrmOrange.allure.AllureReportUtils [37m-[37m [32mIndex file created at: C:\Users\mytie\IdeaProjects\Playwright_demo\reports\2025-11-10\index.html
[0m[37m[2025-11-10 20:39:54] [34m[INFO ][37m [32morg.example.hrmOrange.allure.AllureReportUtils [37m-[37m [32m✅ Allure Report generated successfully at: C:\Users\mytie\IdeaProjects\Playwright_demo\reports
[0m[37m[2025-11-10 20:42:09] [34m[DEBUG][37m [32morg.testng.TestNG [37m-[37m [32msuiteXmlPath: "C:\Users\mytie\AppData\Local\JetBrains\IntelliJIdea2025.2\temp-testng-customsuite.xml"
[0m[37m[2025-11-10 20:42:27] [34m[DEBUG][37m [32morg.testng.TestNG [37m-[37m [32msuiteXmlPath: "C:\Users\mytie\AppData\Local\JetBrains\IntelliJIdea2025.2\temp-testng-customsuite.xml"
[0m[37m[2025-11-10 20:42:35] [34m[DEBUG][37m [32morg.testng.TestNG [37m-[37m [32msuiteXmlPath: "C:\Users\mytie\AppData\Local\JetBrains\IntelliJIdea2025.2\temp-testng-customsuite.xml"
[0m[37m[2025-11-10 20:43:16] [34m[DEBUG][37m [32morg.testng.TestNG [37m-[37m [32msuiteXmlPath: "C:\Users\mytie\AppData\Local\JetBrains\IntelliJIdea2025.2\temp-testng-customsuite.xml"
[0m[37m[2025-11-10 20:44:06] [34m[DEBUG][37m [32morg.testng.TestNG [37m-[37m [32msuiteXmlPath: "C:\Users\mytie\AppData\Local\JetBrains\IntelliJIdea2025.2\temp-testng-customsuite.xml"
[0m[37m[2025-11-10 20:52:25] [34m[DEBUG][37m [32morg.testng.TestNG [37m-[37m [32msuiteXmlPath: "C:\Users\mytie\AppData\Local\JetBrains\IntelliJIdea2025.2\temp-testng-customsuite.xml"
[0m[37m[2025-11-10 20:52:26] [34m[WARN ][37m [32morg.testng.internal.Configuration [37m-[37m [32mDetected a static method [org.example.hrmOrange.common.BaseTest.beforeSuite()]. Static configuration methods can cause unexpected behavior.
[0m[37m[2025-11-10 20:52:26] [34m[WARN ][37m [32morg.testng.internal.Configuration [37m-[37m [32mDetected a static method [org.example.hrmOrange.common.BaseTest.afterSuite()]. Static configuration methods can cause unexpected behavior.
[0m[37m[2025-11-10 20:52:26] [34m[INFO ][37m [32morg.testng.internal.Utils [37m-[37m [32m[TestNG] Running:
  C:\Users\mytie\AppData\Local\JetBrains\IntelliJIdea2025.2\temp-testng-customsuite.xml

[0m[37m[2025-11-10 20:52:29] [34m[INFO ][37m [32morg.example.hrmOrange.allure.LogUtils [37m-[37m [32mNavigate to URL: https://opensource-demo.orangehrmlive.com/web/index.php/auth/login
[0m[37m[2025-11-10 20:52:37] [34m[INFO ][37m [32morg.example.hrmOrange.testcase.ui.login.OrangeHRM_Login_TC1_VerifyThatUserCanLoginWithValidDataSuccessfully [37m-[37m [32mStep 1: Navigate to login page and enter credentials
[0m[37m[2025-11-10 20:52:37] [34m[INFO ][37m [32morg.example.hrmOrange.allure.LogUtils [37m-[37m [32mNavigate to URL: https://opensource-demo.orangehrmlive.com/web/index.php/auth/login
[0m[37m[2025-11-10 20:52:38] [34m[INFO ][37m [32morg.example.hrmOrange.allure.LogUtils [37m-[37m [32mWait until visible: //input[@name='username']
[0m[37m[2025-11-10 20:52:39] [34m[INFO ][37m [32morg.example.hrmOrange.allure.LogUtils [37m-[37m [32mFill input //input[@name='username'] with: Admin
[0m[37m[2025-11-10 20:52:39] [34m[INFO ][37m [32morg.example.hrmOrange.allure.LogUtils [37m-[37m [32mFill input //input[@name='password'] with: admin123
[0m[37m[2025-11-10 20:52:39] [34m[INFO ][37m [32morg.example.hrmOrange.allure.LogUtils [37m-[37m [32mClick element: //button[@type='submit']
[0m[37m[2025-11-10 20:52:40] [34m[INFO ][37m [32morg.example.hrmOrange.testcase.ui.login.OrangeHRM_Login_TC1_VerifyThatUserCanLoginWithValidDataSuccessfully [37m-[37m [32mStep 2: Verify successful login
[0m[37m[2025-11-10 20:52:40] [34m[INFO ][37m [32morg.example.hrmOrange.allure.LogUtils [37m-[37m [32mWait until visible: //h6[normalize-space()='Dashboard']
[0m[37m[2025-11-10 20:52:41] [34m[INFO ][37m [32morg.example.hrmOrange.allure.LogUtils [37m-[37m [32mVerify visible: //h6[normalize-space()='Dashboard'] → true
[0m[37m[2025-11-10 20:52:41] [34m[INFO ][37m [32morg.example.hrmOrange.testcase.ui.login.OrangeHRM_Login_TC1_VerifyThatUserCanLoginWithValidDataSuccessfully [37m-[37m [32mVerification: Check dashboard title
[0m[37m[2025-11-10 20:52:41] [34m[INFO ][37m [32morg.example.hrmOrange.testcase.ui.login.OrangeHRM_Login_TC1_VerifyThatUserCanLoginWithValidDataSuccessfully [37m-[37m [32mVerification passed: Dashboard title is as expected
[0m[37m[2025-11-10 20:52:41] [34m[INFO ][37m [32morg.example.hrmOrange.testcase.ui.login.OrangeHRM_Login_TC1_VerifyThatUserCanLoginWithValidDataSuccessfully [37m-[37m [32mTest case passed: User successfully logged in and dashboard verified
[0m[37m[2025-11-10 20:52:41] [34m[INFO ][37m [32morg.example.hrmOrange.allure.AllureReportUtils [37m-[37m [32mStarting Allure report generation...
[0m[37m[2025-11-10 20:52:41] [34m[INFO ][37m [32morg.example.hrmOrange.allure.AllureReportUtils [37m-[37m [32mRunning: mvn allure:report
[0m[37m[2025-11-10 20:52:47] [34m[INFO ][37m [32morg.example.hrmOrange.allure.AllureReportUtils [37m-[37m [32mLooking for Allure report at: C:\Users\mytie\IdeaProjects\Playwright_demo\target\site\allure-maven-plugin
[0m[37m[2025-11-10 20:52:47] [34m[WARN ][37m [32morg.example.hrmOrange.allure.AllureReportUtils [37m-[37m [32m⚠️ Allure report directory not found at: C:\Users\mytie\IdeaProjects\Playwright_demo\target\site\allure-maven-plugin
[0m[37m[2025-11-10 20:52:47] [34m[INFO ][37m [32morg.example.hrmOrange.allure.AllureReportUtils [37m-[37m [32mChecking alternative location: target/allure-report
[0m[37m[2025-11-10 20:52:47] [34m[INFO ][37m [32morg.example.hrmOrange.allure.AllureReportUtils [37m-[37m [32mFound report at alternative location: C:\Users\mytie\IdeaProjects\Playwright_demo\target\allure-report
[0m[37m[2025-11-10 20:52:47] [34m[INFO ][37m [32morg.example.hrmOrange.allure.AllureReportUtils [37m-[37m [32mCreated directory reports\2025-11-10\common_205247
[0m[37m[2025-11-10 20:52:47] [34m[INFO ][37m [32morg.example.hrmOrange.allure.AllureReportUtils [37m-[37m [32mCopying report from: C:\Users\mytie\IdeaProjects\Playwright_demo\target\allure-report
[0m[37m[2025-11-10 20:52:47] [34m[INFO ][37m [32morg.example.hrmOrange.allure.AllureReportUtils [37m-[37m [32mCopying report to: C:\Users\mytie\IdeaProjects\Playwright_demo\reports\2025-11-10\common_205247
[0m[37m[2025-11-10 20:52:47] [34m[INFO ][37m [32morg.example.hrmOrange.allure.AllureReportUtils [37m-[37m [32m✅ Report copied successfully!
[0m[37m[2025-11-10 20:52:47] [34m[INFO ][37m [32morg.example.hrmOrange.allure.AllureReportUtils [37m-[37m [32mIndex file created at: C:\Users\mytie\IdeaProjects\Playwright_demo\reports\2025-11-10\index.html
[0m[37m[2025-11-10 20:52:47] [34m[INFO ][37m [32morg.example.hrmOrange.allure.AllureReportUtils [37m-[37m [32m✅ Allure Report generated successfully at: C:\Users\mytie\IdeaProjects\Playwright_demo\reports
[0m[37m[2025-11-10 20:53:50] [34m[DEBUG][37m [32morg.testng.TestNG [37m-[37m [32msuiteXmlPath: "C:\Users\mytie\AppData\Local\JetBrains\IntelliJIdea2025.2\temp-testng-customsuite.xml"
[0m[37m[2025-11-10 20:53:50] [34m[WARN ][37m [32morg.testng.internal.Configuration [37m-[37m [32mDetected a static method [org.example.hrmOrange.common.BaseTest.beforeSuite()]. Static configuration methods can cause unexpected behavior.
[0m[37m[2025-11-10 20:53:50] [34m[WARN ][37m [32morg.testng.internal.Configuration [37m-[37m [32mDetected a static method [org.example.hrmOrange.common.BaseTest.afterSuite()]. Static configuration methods can cause unexpected behavior.
[0m[37m[2025-11-10 20:53:50] [34m[INFO ][37m [32morg.testng.internal.Utils [37m-[37m [32m[TestNG] Running:
  C:\Users\mytie\AppData\Local\JetBrains\IntelliJIdea2025.2\temp-testng-customsuite.xml

[0m[37m[2025-11-10 20:53:50] [34m[INFO ][37m [32morg.example.hrmOrange.allure.AllureReportUtils [37m-[37m [32mRemoved old report
[0m[37m[2025-11-10 20:53:53] [34m[INFO ][37m [32morg.example.hrmOrange.allure.LogUtils [37m-[37m [32mNavigate to URL: https://opensource-demo.orangehrmlive.com/web/index.php/auth/login
[0m[37m[2025-11-10 20:53:57] [34m[INFO ][37m [32morg.example.hrmOrange.testcase.ui.login.OrangeHRM_Login_TC2_VerifyLoginFailsWithInvalidPassword [37m-[37m [32mStep 1: Navigate to login page and enter invalid password
[0m[37m[2025-11-10 20:53:57] [34m[INFO ][37m [32morg.example.hrmOrange.allure.LogUtils [37m-[37m [32mNavigate to URL: https://opensource-demo.orangehrmlive.com/web/index.php/auth/login
[0m[37m[2025-11-10 20:53:58] [34m[INFO ][37m [32morg.example.hrmOrange.allure.LogUtils [37m-[37m [32mWait until visible: //input[@name='username']
[0m[37m[2025-11-10 20:53:59] [34m[INFO ][37m [32morg.example.hrmOrange.allure.LogUtils [37m-[37m [32mFill input //input[@name='username'] with: Admin
[0m[37m[2025-11-10 20:53:59] [34m[INFO ][37m [32morg.example.hrmOrange.allure.LogUtils [37m-[37m [32mFill input //input[@name='password'] with: wrongpass
[0m[37m[2025-11-10 20:53:59] [34m[INFO ][37m [32morg.example.hrmOrange.allure.LogUtils [37m-[37m [32mClick element: //button[@type='submit']
[0m[37m[2025-11-10 20:54:00] [34m[INFO ][37m [32morg.example.hrmOrange.testcase.ui.login.OrangeHRM_Login_TC2_VerifyLoginFailsWithInvalidPassword [37m-[37m [32mStep 2: Verify error message is displayed
[0m[37m[2025-11-10 20:54:00] [34m[INFO ][37m [32morg.example.hrmOrange.allure.LogUtils [37m-[37m [32mWait until visible: //div[@role='alert']
[0m[37m[2025-11-10 20:54:01] [34m[INFO ][37m [32morg.example.hrmOrange.allure.LogUtils [37m-[37m [32mText from element [//div[@role='alert']] = Invalid credentials
[0m[37m[2025-11-10 20:54:01] [34m[INFO ][37m [32morg.example.hrmOrange.testcase.ui.login.OrangeHRM_Login_TC2_VerifyLoginFailsWithInvalidPassword [37m-[37m [32mVerification passed: Correct error message is displayed
[0m[37m[2025-11-10 20:54:01] [34m[INFO ][37m [32morg.example.hrmOrange.testcase.ui.login.OrangeHRM_Login_TC2_VerifyLoginFailsWithInvalidPassword [37m-[37m [32mTest case passed: Login failed with invalid password as expected
[0m[37m[2025-11-10 20:54:01] [34m[INFO ][37m [32morg.example.hrmOrange.allure.AllureReportUtils [37m-[37m [32mStarting Allure report generation...
[0m[37m[2025-11-10 20:54:01] [34m[INFO ][37m [32morg.example.hrmOrange.allure.AllureReportUtils [37m-[37m [32mRunning: mvn allure:report
[0m[37m[2025-11-10 20:54:09] [34m[INFO ][37m [32morg.example.hrmOrange.allure.AllureReportUtils [37m-[37m [32mLooking for Allure report at: C:\Users\mytie\IdeaProjects\Playwright_demo\target\site\allure-maven-plugin
[0m[37m[2025-11-10 20:54:09] [34m[WARN ][37m [32morg.example.hrmOrange.allure.AllureReportUtils [37m-[37m [32m⚠️ Allure report directory not found at: C:\Users\mytie\IdeaProjects\Playwright_demo\target\site\allure-maven-plugin
[0m[37m[2025-11-10 20:54:09] [34m[INFO ][37m [32morg.example.hrmOrange.allure.AllureReportUtils [37m-[37m [32mChecking alternative location: target/allure-report
[0m[37m[2025-11-10 20:54:09] [34m[INFO ][37m [32morg.example.hrmOrange.allure.AllureReportUtils [37m-[37m [32mFound report at alternative location: C:\Users\mytie\IdeaProjects\Playwright_demo\target\allure-report
[0m[37m[2025-11-10 20:54:09] [34m[INFO ][37m [32morg.example.hrmOrange.allure.AllureReportUtils [37m-[37m [32mCreated directory reports\2025-11-10\common_205409
[0m[37m[2025-11-10 20:54:09] [34m[INFO ][37m [32morg.example.hrmOrange.allure.AllureReportUtils [37m-[37m [32mCopying report from: C:\Users\mytie\IdeaProjects\Playwright_demo\target\allure-report
[0m[37m[2025-11-10 20:54:09] [34m[INFO ][37m [32morg.example.hrmOrange.allure.AllureReportUtils [37m-[37m [32mCopying report to: C:\Users\mytie\IdeaProjects\Playwright_demo\reports\2025-11-10\common_205409
[0m[37m[2025-11-10 20:54:09] [34m[INFO ][37m [32morg.example.hrmOrange.allure.AllureReportUtils [37m-[37m [32m✅ Report copied successfully!
[0m[37m[2025-11-10 20:54:09] [34m[INFO ][37m [32morg.example.hrmOrange.allure.AllureReportUtils [37m-[37m [32mIndex file created at: C:\Users\mytie\IdeaProjects\Playwright_demo\reports\2025-11-10\index.html
[0m[37m[2025-11-10 20:54:09] [34m[INFO ][37m [32morg.example.hrmOrange.allure.AllureReportUtils [37m-[37m [32m✅ Allure Report generated successfully at: C:\Users\mytie\IdeaProjects\Playwright_demo\reports
[0m[37m[2025-11-10 20:54:33] [34m[DEBUG][37m [32morg.testng.TestNG [37m-[37m [32msuiteXmlPath: "C:\Users\mytie\AppData\Local\JetBrains\IntelliJIdea2025.2\temp-testng-customsuite.xml"
[0m[37m[2025-11-10 20:54:33] [34m[WARN ][37m [32morg.testng.internal.Configuration [37m-[37m [32mDetected a static method [org.example.hrmOrange.common.BaseTest.beforeSuite()]. Static configuration methods can cause unexpected behavior.
[0m[37m[2025-11-10 20:54:33] [34m[WARN ][37m [32morg.testng.internal.Configuration [37m-[37m [32mDetected a static method [org.example.hrmOrange.common.BaseTest.afterSuite()]. Static configuration methods can cause unexpected behavior.
[0m[37m[2025-11-10 20:54:33] [34m[INFO ][37m [32morg.testng.internal.Utils [37m-[37m [32m[TestNG] Running:
  C:\Users\mytie\AppData\Local\JetBrains\IntelliJIdea2025.2\temp-testng-customsuite.xml

[0m[37m[2025-11-10 20:54:33] [34m[INFO ][37m [32morg.example.hrmOrange.allure.AllureReportUtils [37m-[37m [32mRemoved old report
[0m[37m[2025-11-10 20:54:36] [34m[INFO ][37m [32morg.example.hrmOrange.allure.LogUtils [37m-[37m [32mNavigate to URL: https://opensource-demo.orangehrmlive.com/web/index.php/auth/login
[0m[37m[2025-11-10 20:54:39] [34m[INFO ][37m [32morg.example.hrmOrange.testcase.ui.login.OrangeHRM_Login_TC3_VerifyLoginFailsWithInvalidUsername [37m-[37m [32mStep 1: Navigate to login page and enter invalid username
[0m[37m[2025-11-10 20:54:39] [34m[INFO ][37m [32morg.example.hrmOrange.allure.LogUtils [37m-[37m [32mNavigate to URL: https://opensource-demo.orangehrmlive.com/web/index.php/auth/login
[0m[37m[2025-11-10 20:54:39] [34m[INFO ][37m [32morg.example.hrmOrange.allure.LogUtils [37m-[37m [32mWait until visible: //input[@name='username']
[0m[37m[2025-11-10 20:54:40] [34m[INFO ][37m [32morg.example.hrmOrange.allure.LogUtils [37m-[37m [32mFill input //input[@name='username'] with: WrongUser
[0m[37m[2025-11-10 20:54:40] [34m[INFO ][37m [32morg.example.hrmOrange.allure.LogUtils [37m-[37m [32mFill input //input[@name='password'] with: admin123
[0m[37m[2025-11-10 20:54:40] [34m[INFO ][37m [32morg.example.hrmOrange.allure.LogUtils [37m-[37m [32mClick element: //button[@type='submit']
[0m[37m[2025-11-10 20:54:42] [34m[INFO ][37m [32morg.example.hrmOrange.testcase.ui.login.OrangeHRM_Login_TC3_VerifyLoginFailsWithInvalidUsername [37m-[37m [32mStep 2: Verify error message is displayed
[0m[37m[2025-11-10 20:54:42] [34m[INFO ][37m [32morg.example.hrmOrange.allure.LogUtils [37m-[37m [32mWait until visible: //div[@role='alert']
[0m[37m[2025-11-10 20:54:43] [34m[INFO ][37m [32morg.example.hrmOrange.allure.LogUtils [37m-[37m [32mText from element [//div[@role='alert']] = Invalid credentials
[0m[37m[2025-11-10 20:54:43] [34m[INFO ][37m [32morg.example.hrmOrange.testcase.ui.login.OrangeHRM_Login_TC3_VerifyLoginFailsWithInvalidUsername [37m-[37m [32mVerification passed: Correct error message is displayed
[0m[37m[2025-11-10 20:54:43] [34m[INFO ][37m [32morg.example.hrmOrange.testcase.ui.login.OrangeHRM_Login_TC3_VerifyLoginFailsWithInvalidUsername [37m-[37m [32mTest case passed: Login failed with invalid username as expected
[0m[37m[2025-11-10 20:54:43] [34m[INFO ][37m [32morg.example.hrmOrange.allure.AllureReportUtils [37m-[37m [32mStarting Allure report generation...
[0m[37m[2025-11-10 20:54:43] [34m[INFO ][37m [32morg.example.hrmOrange.allure.AllureReportUtils [37m-[37m [32mRunning: mvn allure:report
[0m[37m[2025-11-10 20:54:48] [34m[INFO ][37m [32morg.example.hrmOrange.allure.AllureReportUtils [37m-[37m [32mLooking for Allure report at: C:\Users\mytie\IdeaProjects\Playwright_demo\target\site\allure-maven-plugin
[0m[37m[2025-11-10 20:54:48] [34m[WARN ][37m [32morg.example.hrmOrange.allure.AllureReportUtils [37m-[37m [32m⚠️ Allure report directory not found at: C:\Users\mytie\IdeaProjects\Playwright_demo\target\site\allure-maven-plugin
[0m[37m[2025-11-10 20:54:48] [34m[INFO ][37m [32morg.example.hrmOrange.allure.AllureReportUtils [37m-[37m [32mChecking alternative location: target/allure-report
[0m[37m[2025-11-10 20:54:48] [34m[INFO ][37m [32morg.example.hrmOrange.allure.AllureReportUtils [37m-[37m [32mFound report at alternative location: C:\Users\mytie\IdeaProjects\Playwright_demo\target\allure-report
[0m[37m[2025-11-10 20:54:48] [34m[INFO ][37m [32morg.example.hrmOrange.allure.AllureReportUtils [37m-[37m [32mCreated directory reports\2025-11-10\common_205448
[0m[37m[2025-11-10 20:54:48] [34m[INFO ][37m [32morg.example.hrmOrange.allure.AllureReportUtils [37m-[37m [32mCopying report from: C:\Users\mytie\IdeaProjects\Playwright_demo\target\allure-report
[0m[37m[2025-11-10 20:54:48] [34m[INFO ][37m [32morg.example.hrmOrange.allure.AllureReportUtils [37m-[37m [32mCopying report to: C:\Users\mytie\IdeaProjects\Playwright_demo\reports\2025-11-10\common_205448
[0m[37m[2025-11-10 20:54:48] [34m[INFO ][37m [32morg.example.hrmOrange.allure.AllureReportUtils [37m-[37m [32m✅ Report copied successfully!
[0m[37m[2025-11-10 20:54:48] [34m[INFO ][37m [32morg.example.hrmOrange.allure.AllureReportUtils [37m-[37m [32mIndex file created at: C:\Users\mytie\IdeaProjects\Playwright_demo\reports\2025-11-10\index.html
[0m[37m[2025-11-10 20:54:48] [34m[INFO ][37m [32morg.example.hrmOrange.allure.AllureReportUtils [37m-[37m [32m✅ Allure Report generated successfully at: C:\Users\mytie\IdeaProjects\Playwright_demo\reports
[0m[37m[2025-11-10 20:55:00] [34m[DEBUG][37m [32morg.testng.TestNG [37m-[37m [32msuiteXmlPath: "C:\Users\mytie\AppData\Local\JetBrains\IntelliJIdea2025.2\temp-testng-customsuite.xml"
[0m[37m[2025-11-10 20:55:00] [34m[WARN ][37m [32morg.testng.internal.Configuration [37m-[37m [32mDetected a static method [org.example.hrmOrange.common.BaseTest.beforeSuite()]. Static configuration methods can cause unexpected behavior.
[0m[37m[2025-11-10 20:55:00] [34m[WARN ][37m [32morg.testng.internal.Configuration [37m-[37m [32mDetected a static method [org.example.hrmOrange.common.BaseTest.afterSuite()]. Static configuration methods can cause unexpected behavior.
[0m[37m[2025-11-10 20:55:00] [34m[INFO ][37m [32morg.testng.internal.Utils [37m-[37m [32m[TestNG] Running:
  C:\Users\mytie\AppData\Local\JetBrains\IntelliJIdea2025.2\temp-testng-customsuite.xml

[0m[37m[2025-11-10 20:55:00] [34m[INFO ][37m [32morg.example.hrmOrange.allure.AllureReportUtils [37m-[37m [32mRemoved old report
[0m[37m[2025-11-10 20:55:03] [34m[INFO ][37m [32morg.example.hrmOrange.allure.LogUtils [37m-[37m [32mNavigate to URL: https://opensource-demo.orangehrmlive.com/web/index.php/auth/login
[0m[37m[2025-11-10 20:55:09] [34m[INFO ][37m [32morg.example.hrmOrange.testcase.ui.login.OrangeHRM_Login_TC4_VerifyLoginFailsWithInvalidData [37m-[37m [32mStep 1: Navigate to login page and enter invalid credentials
[0m[37m[2025-11-10 20:55:09] [34m[INFO ][37m [32morg.example.hrmOrange.allure.LogUtils [37m-[37m [32mNavigate to URL: https://opensource-demo.orangehrmlive.com/web/index.php/auth/login
[0m[37m[2025-11-10 20:55:10] [34m[INFO ][37m [32morg.example.hrmOrange.allure.LogUtils [37m-[37m [32mWait until visible: //input[@name='username']
[0m[37m[2025-11-10 20:55:12] [34m[INFO ][37m [32morg.example.hrmOrange.allure.LogUtils [37m-[37m [32mFill input //input[@name='username'] with: wrongUser
[0m[37m[2025-11-10 20:55:12] [34m[INFO ][37m [32morg.example.hrmOrange.allure.LogUtils [37m-[37m [32mFill input //input[@name='password'] with: wrongPass
[0m[37m[2025-11-10 20:55:12] [34m[INFO ][37m [32morg.example.hrmOrange.allure.LogUtils [37m-[37m [32mClick element: //button[@type='submit']
[0m[37m[2025-11-10 20:55:13] [34m[INFO ][37m [32morg.example.hrmOrange.testcase.ui.login.OrangeHRM_Login_TC4_VerifyLoginFailsWithInvalidData [37m-[37m [32mStep 2: Verify error message is displayed
[0m[37m[2025-11-10 20:55:13] [34m[INFO ][37m [32morg.example.hrmOrange.allure.LogUtils [37m-[37m [32mWait until visible: //div[@role='alert']
[0m[37m[2025-11-10 20:55:14] [34m[INFO ][37m [32morg.example.hrmOrange.allure.LogUtils [37m-[37m [32mText from element [//div[@role='alert']] = Invalid credentials
[0m[37m[2025-11-10 20:55:14] [34m[INFO ][37m [32morg.example.hrmOrange.testcase.ui.login.OrangeHRM_Login_TC4_VerifyLoginFailsWithInvalidData [37m-[37m [32mVerification passed: Correct error message is displayed
[0m[37m[2025-11-10 20:55:14] [34m[INFO ][37m [32morg.example.hrmOrange.testcase.ui.login.OrangeHRM_Login_TC4_VerifyLoginFailsWithInvalidData [37m-[37m [32mTest case passed: Login failed with invalid credentials as expected
[0m[37m[2025-11-10 20:55:14] [34m[INFO ][37m [32morg.example.hrmOrange.allure.AllureReportUtils [37m-[37m [32mStarting Allure report generation...
[0m[37m[2025-11-10 20:55:14] [34m[INFO ][37m [32morg.example.hrmOrange.allure.AllureReportUtils [37m-[37m [32mRunning: mvn allure:report
[0m[37m[2025-11-10 20:55:19] [34m[INFO ][37m [32morg.example.hrmOrange.allure.AllureReportUtils [37m-[37m [32mLooking for Allure report at: C:\Users\mytie\IdeaProjects\Playwright_demo\target\site\allure-maven-plugin
[0m[37m[2025-11-10 20:55:19] [34m[WARN ][37m [32morg.example.hrmOrange.allure.AllureReportUtils [37m-[37m [32m⚠️ Allure report directory not found at: C:\Users\mytie\IdeaProjects\Playwright_demo\target\site\allure-maven-plugin
[0m[37m[2025-11-10 20:55:19] [34m[INFO ][37m [32morg.example.hrmOrange.allure.AllureReportUtils [37m-[37m [32mChecking alternative location: target/allure-report
[0m[37m[2025-11-10 20:55:19] [34m[INFO ][37m [32morg.example.hrmOrange.allure.AllureReportUtils [37m-[37m [32mFound report at alternative location: C:\Users\mytie\IdeaProjects\Playwright_demo\target\allure-report
[0m[37m[2025-11-10 20:55:19] [34m[INFO ][37m [32morg.example.hrmOrange.allure.AllureReportUtils [37m-[37m [32mCreated directory reports\2025-11-10\common_205519
[0m[37m[2025-11-10 20:55:19] [34m[INFO ][37m [32morg.example.hrmOrange.allure.AllureReportUtils [37m-[37m [32mCopying report from: C:\Users\mytie\IdeaProjects\Playwright_demo\target\allure-report
[0m[37m[2025-11-10 20:55:19] [34m[INFO ][37m [32morg.example.hrmOrange.allure.AllureReportUtils [37m-[37m [32mCopying report to: C:\Users\mytie\IdeaProjects\Playwright_demo\reports\2025-11-10\common_205519
[0m[37m[2025-11-10 20:55:19] [34m[INFO ][37m [32morg.example.hrmOrange.allure.AllureReportUtils [37m-[37m [32m✅ Report copied successfully!
[0m[37m[2025-11-10 20:55:19] [34m[INFO ][37m [32morg.example.hrmOrange.allure.AllureReportUtils [37m-[37m [32mIndex file created at: C:\Users\mytie\IdeaProjects\Playwright_demo\reports\2025-11-10\index.html
[0m[37m[2025-11-10 20:55:19] [34m[INFO ][37m [32morg.example.hrmOrange.allure.AllureReportUtils [37m-[37m [32m✅ Allure Report generated successfully at: C:\Users\mytie\IdeaProjects\Playwright_demo\reports
[0m[37m[2025-11-10 20:55:34] [34m[DEBUG][37m [32morg.testng.TestNG [37m-[37m [32msuiteXmlPath: "C:\Users\mytie\AppData\Local\JetBrains\IntelliJIdea2025.2\temp-testng-customsuite.xml"
[0m[37m[2025-11-10 20:55:34] [34m[WARN ][37m [32morg.testng.internal.Configuration [37m-[37m [32mDetected a static method [org.example.hrmOrange.common.BaseTest.beforeSuite()]. Static configuration methods can cause unexpected behavior.
[0m[37m[2025-11-10 20:55:34] [34m[WARN ][37m [32morg.testng.internal.Configuration [37m-[37m [32mDetected a static method [org.example.hrmOrange.common.BaseTest.afterSuite()]. Static configuration methods can cause unexpected behavior.
[0m[37m[2025-11-10 20:55:34] [34m[INFO ][37m [32morg.testng.internal.Utils [37m-[37m [32m[TestNG] Running:
  C:\Users\mytie\AppData\Local\JetBrains\IntelliJIdea2025.2\temp-testng-customsuite.xml

[0m[37m[2025-11-10 20:55:34] [34m[INFO ][37m [32morg.example.hrmOrange.allure.AllureReportUtils [37m-[37m [32mRemoved old report
[0m[37m[2025-11-10 20:55:37] [34m[INFO ][37m [32morg.example.hrmOrange.allure.LogUtils [37m-[37m [32mNavigate to URL: https://opensource-demo.orangehrmlive.com/web/index.php/auth/login
[0m[37m[2025-11-10 20:55:53] [34m[INFO ][37m [32morg.example.hrmOrange.testcase.ui.login.OrangeHRM_Login_TC5_VerifyLoginFailsWithEmptyUsername [37m-[37m [32mStep 1: Navigate to login page and leave username empty
[0m[37m[2025-11-10 20:55:53] [34m[INFO ][37m [32morg.example.hrmOrange.allure.LogUtils [37m-[37m [32mNavigate to URL: https://opensource-demo.orangehrmlive.com/web/index.php/auth/login
[0m[37m[2025-11-10 20:55:54] [34m[INFO ][37m [32morg.example.hrmOrange.allure.LogUtils [37m-[37m [32mWait until visible: //input[@name='username']
[0m[37m[2025-11-10 20:55:55] [34m[INFO ][37m [32morg.example.hrmOrange.allure.LogUtils [37m-[37m [32mFill input //input[@name='username'] with: 
[0m[37m[2025-11-10 20:55:55] [34m[INFO ][37m [32morg.example.hrmOrange.allure.LogUtils [37m-[37m [32mFill input //input[@name='password'] with: admin123
[0m[37m[2025-11-10 20:55:55] [34m[INFO ][37m [32morg.example.hrmOrange.allure.LogUtils [37m-[37m [32mClick element: //button[@type='submit']
[0m[37m[2025-11-10 20:55:55] [34m[INFO ][37m [32morg.example.hrmOrange.testcase.ui.login.OrangeHRM_Login_TC5_VerifyLoginFailsWithEmptyUsername [37m-[37m [32mStep 2: Verify required field message is displayed
[0m[37m[2025-11-10 20:55:55] [34m[INFO ][37m [32morg.example.hrmOrange.allure.LogUtils [37m-[37m [32mWait until visible: //span[contains(@class,'oxd-input-field-error-message')]
[0m[37m[2025-11-10 20:55:55] [34m[INFO ][37m [32morg.example.hrmOrange.allure.LogUtils [37m-[37m [32mText from element [//span[contains(@class,'oxd-input-field-error-message')]] = Required
[0m[37m[2025-11-10 20:55:55] [34m[INFO ][37m [32morg.example.hrmOrange.testcase.ui.login.OrangeHRM_Login_TC5_VerifyLoginFailsWithEmptyUsername [37m-[37m [32mVerification passed: Required field message is displayed
[0m[37m[2025-11-10 20:55:55] [34m[INFO ][37m [32morg.example.hrmOrange.testcase.ui.login.OrangeHRM_Login_TC5_VerifyLoginFailsWithEmptyUsername [37m-[37m [32mTest case passed: Login failed with empty username as expected
[0m[37m[2025-11-10 20:55:55] [34m[INFO ][37m [32morg.example.hrmOrange.allure.AllureReportUtils [37m-[37m [32mStarting Allure report generation...
[0m[37m[2025-11-10 20:55:55] [34m[INFO ][37m [32morg.example.hrmOrange.allure.AllureReportUtils [37m-[37m [32mRunning: mvn allure:report
[0m[37m[2025-11-10 20:56:00] [34m[INFO ][37m [32morg.example.hrmOrange.allure.AllureReportUtils [37m-[37m [32mLooking for Allure report at: C:\Users\mytie\IdeaProjects\Playwright_demo\target\site\allure-maven-plugin
[0m[37m[2025-11-10 20:56:00] [34m[WARN ][37m [32morg.example.hrmOrange.allure.AllureReportUtils [37m-[37m [32m⚠️ Allure report directory not found at: C:\Users\mytie\IdeaProjects\Playwright_demo\target\site\allure-maven-plugin
[0m[37m[2025-11-10 20:56:00] [34m[INFO ][37m [32morg.example.hrmOrange.allure.AllureReportUtils [37m-[37m [32mChecking alternative location: target/allure-report
[0m[37m[2025-11-10 20:56:00] [34m[INFO ][37m [32morg.example.hrmOrange.allure.AllureReportUtils [37m-[37m [32mFound report at alternative location: C:\Users\mytie\IdeaProjects\Playwright_demo\target\allure-report
[0m[37m[2025-11-10 20:56:00] [34m[INFO ][37m [32morg.example.hrmOrange.allure.AllureReportUtils [37m-[37m [32mCreated directory reports\2025-11-10\common_205600
[0m[37m[2025-11-10 20:56:00] [34m[INFO ][37m [32morg.example.hrmOrange.allure.AllureReportUtils [37m-[37m [32mCopying report from: C:\Users\mytie\IdeaProjects\Playwright_demo\target\allure-report
[0m[37m[2025-11-10 20:56:00] [34m[INFO ][37m [32morg.example.hrmOrange.allure.AllureReportUtils [37m-[37m [32mCopying report to: C:\Users\mytie\IdeaProjects\Playwright_demo\reports\2025-11-10\common_205600
[0m[37m[2025-11-10 20:56:00] [34m[INFO ][37m [32morg.example.hrmOrange.allure.AllureReportUtils [37m-[37m [32m✅ Report copied successfully!
[0m[37m[2025-11-10 20:56:00] [34m[INFO ][37m [32morg.example.hrmOrange.allure.AllureReportUtils [37m-[37m [32mIndex file created at: C:\Users\mytie\IdeaProjects\Playwright_demo\reports\2025-11-10\index.html
[0m[37m[2025-11-10 20:56:00] [34m[INFO ][37m [32morg.example.hrmOrange.allure.AllureReportUtils [37m-[37m [32m✅ Allure Report generated successfully at: C:\Users\mytie\IdeaProjects\Playwright_demo\reports
[0m[37m[2025-11-10 20:56:07] [34m[DEBUG][37m [32morg.testng.TestNG [37m-[37m [32msuiteXmlPath: "C:\Users\mytie\AppData\Local\JetBrains\IntelliJIdea2025.2\temp-testng-customsuite.xml"
[0m[37m[2025-11-10 20:56:08] [34m[WARN ][37m [32morg.testng.internal.Configuration [37m-[37m [32mDetected a static method [org.example.hrmOrange.common.BaseTest.beforeSuite()]. Static configuration methods can cause unexpected behavior.
[0m[37m[2025-11-10 20:56:08] [34m[WARN ][37m [32morg.testng.internal.Configuration [37m-[37m [32mDetected a static method [org.example.hrmOrange.common.BaseTest.afterSuite()]. Static configuration methods can cause unexpected behavior.
[0m[37m[2025-11-10 20:56:08] [34m[INFO ][37m [32morg.testng.internal.Utils [37m-[37m [32m[TestNG] Running:
  C:\Users\mytie\AppData\Local\JetBrains\IntelliJIdea2025.2\temp-testng-customsuite.xml

[0m[37m[2025-11-10 20:56:08] [34m[INFO ][37m [32morg.example.hrmOrange.allure.AllureReportUtils [37m-[37m [32mRemoved old report
[0m[37m[2025-11-10 20:56:11] [34m[INFO ][37m [32morg.example.hrmOrange.allure.LogUtils [37m-[37m [32mNavigate to URL: https://opensource-demo.orangehrmlive.com/web/index.php/auth/login
[0m[37m[2025-11-10 20:56:16] [34m[INFO ][37m [32morg.example.hrmOrange.testcase.ui.login.OrangeHRM_Login_TC6_VerifyLoginFailsWithEmptyPassword [37m-[37m [32mStep 1: Navigate to login page and leave password empty
[0m[37m[2025-11-10 20:56:16] [34m[INFO ][37m [32morg.example.hrmOrange.allure.LogUtils [37m-[37m [32mNavigate to URL: https://opensource-demo.orangehrmlive.com/web/index.php/auth/login
[0m[37m[2025-11-10 20:56:16] [34m[INFO ][37m [32morg.example.hrmOrange.allure.LogUtils [37m-[37m [32mWait until visible: //input[@name='username']
[0m[37m[2025-11-10 20:56:21] [34m[INFO ][37m [32morg.example.hrmOrange.allure.LogUtils [37m-[37m [32mFill input //input[@name='username'] with: Admin
[0m[37m[2025-11-10 20:56:21] [34m[INFO ][37m [32morg.example.hrmOrange.allure.LogUtils [37m-[37m [32mFill input //input[@name='password'] with: 
[0m[37m[2025-11-10 20:56:21] [34m[INFO ][37m [32morg.example.hrmOrange.allure.LogUtils [37m-[37m [32mClick element: //button[@type='submit']
[0m[37m[2025-11-10 20:56:21] [34m[INFO ][37m [32morg.example.hrmOrange.testcase.ui.login.OrangeHRM_Login_TC6_VerifyLoginFailsWithEmptyPassword [37m-[37m [32mStep 2: Verify required field message is displayed
[0m[37m[2025-11-10 20:56:21] [34m[INFO ][37m [32morg.example.hrmOrange.allure.LogUtils [37m-[37m [32mWait until visible: //span[contains(@class,'oxd-input-field-error-message')]
[0m[37m[2025-11-10 20:56:21] [34m[INFO ][37m [32morg.example.hrmOrange.allure.LogUtils [37m-[37m [32mText from element [//span[contains(@class,'oxd-input-field-error-message')]] = Required
[0m[37m[2025-11-10 20:56:21] [34m[INFO ][37m [32morg.example.hrmOrange.testcase.ui.login.OrangeHRM_Login_TC6_VerifyLoginFailsWithEmptyPassword [37m-[37m [32mVerification passed: Required field message is displayed
[0m[37m[2025-11-10 20:56:21] [34m[INFO ][37m [32morg.example.hrmOrange.testcase.ui.login.OrangeHRM_Login_TC6_VerifyLoginFailsWithEmptyPassword [37m-[37m [32mTest case passed: Login failed with empty password as expected
[0m[37m[2025-11-10 20:56:21] [34m[INFO ][37m [32morg.example.hrmOrange.allure.AllureReportUtils [37m-[37m [32mStarting Allure report generation...
[0m[37m[2025-11-10 20:56:21] [34m[INFO ][37m [32morg.example.hrmOrange.allure.AllureReportUtils [37m-[37m [32mRunning: mvn allure:report
[0m[37m[2025-11-10 20:56:26] [34m[INFO ][37m [32morg.example.hrmOrange.allure.AllureReportUtils [37m-[37m [32mLooking for Allure report at: C:\Users\mytie\IdeaProjects\Playwright_demo\target\site\allure-maven-plugin
[0m[37m[2025-11-10 20:56:26] [34m[WARN ][37m [32morg.example.hrmOrange.allure.AllureReportUtils [37m-[37m [32m⚠️ Allure report directory not found at: C:\Users\mytie\IdeaProjects\Playwright_demo\target\site\allure-maven-plugin
[0m[37m[2025-11-10 20:56:26] [34m[INFO ][37m [32morg.example.hrmOrange.allure.AllureReportUtils [37m-[37m [32mChecking alternative location: target/allure-report
[0m[37m[2025-11-10 20:56:26] [34m[INFO ][37m [32morg.example.hrmOrange.allure.AllureReportUtils [37m-[37m [32mFound report at alternative location: C:\Users\mytie\IdeaProjects\Playwright_demo\target\allure-report
[0m[37m[2025-11-10 20:56:26] [34m[INFO ][37m [32morg.example.hrmOrange.allure.AllureReportUtils [37m-[37m [32mCreated directory reports\2025-11-10\common_205626
[0m[37m[2025-11-10 20:56:26] [34m[INFO ][37m [32morg.example.hrmOrange.allure.AllureReportUtils [37m-[37m [32mCopying report from: C:\Users\mytie\IdeaProjects\Playwright_demo\target\allure-report
[0m[37m[2025-11-10 20:56:26] [34m[INFO ][37m [32morg.example.hrmOrange.allure.AllureReportUtils [37m-[37m [32mCopying report to: C:\Users\mytie\IdeaProjects\Playwright_demo\reports\2025-11-10\common_205626
[0m[37m[2025-11-10 20:56:26] [34m[INFO ][37m [32morg.example.hrmOrange.allure.AllureReportUtils [37m-[37m [32m✅ Report copied successfully!
[0m[37m[2025-11-10 20:56:26] [34m[INFO ][37m [32morg.example.hrmOrange.allure.AllureReportUtils [37m-[37m [32mIndex file created at: C:\Users\mytie\IdeaProjects\Playwright_demo\reports\2025-11-10\index.html
[0m[37m[2025-11-10 20:56:26] [34m[INFO ][37m [32morg.example.hrmOrange.allure.AllureReportUtils [37m-[37m [32m✅ Allure Report generated successfully at: C:\Users\mytie\IdeaProjects\Playwright_demo\reports
[0m[37m[2025-11-10 20:56:35] [34m[DEBUG][37m [32morg.testng.TestNG [37m-[37m [32msuiteXmlPath: "C:\Users\mytie\AppData\Local\JetBrains\IntelliJIdea2025.2\temp-testng-customsuite.xml"
[0m[37m[2025-11-10 20:56:36] [34m[WARN ][37m [32morg.testng.internal.Configuration [37m-[37m [32mDetected a static method [org.example.hrmOrange.common.BaseTest.beforeSuite()]. Static configuration methods can cause unexpected behavior.
[0m[37m[2025-11-10 20:56:36] [34m[WARN ][37m [32morg.testng.internal.Configuration [37m-[37m [32mDetected a static method [org.example.hrmOrange.common.BaseTest.afterSuite()]. Static configuration methods can cause unexpected behavior.
[0m[37m[2025-11-10 20:56:36] [34m[INFO ][37m [32morg.testng.internal.Utils [37m-[37m [32m[TestNG] Running:
  C:\Users\mytie\AppData\Local\JetBrains\IntelliJIdea2025.2\temp-testng-customsuite.xml

[0m[37m[2025-11-10 20:56:36] [34m[INFO ][37m [32morg.example.hrmOrange.allure.AllureReportUtils [37m-[37m [32mRemoved old report
[0m[37m[2025-11-10 20:56:38] [34m[INFO ][37m [32morg.example.hrmOrange.allure.LogUtils [37m-[37m [32mNavigate to URL: https://opensource-demo.orangehrmlive.com/web/index.php/auth/login
[0m[37m[2025-11-10 20:56:42] [34m[INFO ][37m [32morg.example.hrmOrange.testcase.ui.login.OrangeHRM_Login_TC7_VerifyLoginFailsWithEmptyData [37m-[37m [32mStep 1: Navigate to login page and leave both fields empty
[0m[37m[2025-11-10 20:56:42] [34m[INFO ][37m [32morg.example.hrmOrange.allure.LogUtils [37m-[37m [32mNavigate to URL: https://opensource-demo.orangehrmlive.com/web/index.php/auth/login
[0m[37m[2025-11-10 20:56:42] [34m[INFO ][37m [32morg.example.hrmOrange.allure.LogUtils [37m-[37m [32mWait until visible: //input[@name='username']
[0m[37m[2025-11-10 20:56:43] [34m[INFO ][37m [32morg.example.hrmOrange.allure.LogUtils [37m-[37m [32mFill input //input[@name='username'] with: 
[0m[37m[2025-11-10 20:56:43] [34m[INFO ][37m [32morg.example.hrmOrange.allure.LogUtils [37m-[37m [32mFill input //input[@name='password'] with: 
[0m[37m[2025-11-10 20:56:43] [34m[INFO ][37m [32morg.example.hrmOrange.allure.LogUtils [37m-[37m [32mClick element: //button[@type='submit']
[0m[37m[2025-11-10 20:56:43] [34m[INFO ][37m [32morg.example.hrmOrange.testcase.ui.login.OrangeHRM_Login_TC7_VerifyLoginFailsWithEmptyData [37m-[37m [32mStep 2: Verify required field messages are displayed
[0m[37m[2025-11-10 20:56:43] [34m[INFO ][37m [32morg.example.hrmOrange.allure.LogUtils [37m-[37m [32mText from element [//input[@name='username']/ancestor::div[contains(@class,'oxd-input-group')]//span] = Required
[0m[37m[2025-11-10 20:56:43] [34m[INFO ][37m [32morg.example.hrmOrange.allure.LogUtils [37m-[37m [32mText from element [//input[@name='password']/ancestor::div[contains(@class,'oxd-input-group')]//span] = Required
[0m[37m[2025-11-10 20:56:43] [34m[INFO ][37m [32morg.example.hrmOrange.testcase.ui.login.OrangeHRM_Login_TC7_VerifyLoginFailsWithEmptyData [37m-[37m [32mVerification passed: Required field messages are displayed
[0m[37m[2025-11-10 20:56:43] [34m[INFO ][37m [32morg.example.hrmOrange.testcase.ui.login.OrangeHRM_Login_TC7_VerifyLoginFailsWithEmptyData [37m-[37m [32mTest case passed: Login failed with empty username and password as expected
[0m[37m[2025-11-10 20:56:43] [34m[INFO ][37m [32morg.example.hrmOrange.allure.AllureReportUtils [37m-[37m [32mStarting Allure report generation...
[0m[37m[2025-11-10 20:56:43] [34m[INFO ][37m [32morg.example.hrmOrange.allure.AllureReportUtils [37m-[37m [32mRunning: mvn allure:report
[0m[37m[2025-11-10 20:56:48] [34m[INFO ][37m [32morg.example.hrmOrange.allure.AllureReportUtils [37m-[37m [32mLooking for Allure report at: C:\Users\mytie\IdeaProjects\Playwright_demo\target\site\allure-maven-plugin
[0m[37m[2025-11-10 20:56:48] [34m[WARN ][37m [32morg.example.hrmOrange.allure.AllureReportUtils [37m-[37m [32m⚠️ Allure report directory not found at: C:\Users\mytie\IdeaProjects\Playwright_demo\target\site\allure-maven-plugin
[0m[37m[2025-11-10 20:56:48] [34m[INFO ][37m [32morg.example.hrmOrange.allure.AllureReportUtils [37m-[37m [32mChecking alternative location: target/allure-report
[0m[37m[2025-11-10 20:56:48] [34m[INFO ][37m [32morg.example.hrmOrange.allure.AllureReportUtils [37m-[37m [32mFound report at alternative location: C:\Users\mytie\IdeaProjects\Playwright_demo\target\allure-report
[0m[37m[2025-11-10 20:56:48] [34m[INFO ][37m [32morg.example.hrmOrange.allure.AllureReportUtils [37m-[37m [32mCreated directory reports\2025-11-10\common_205648
[0m[37m[2025-11-10 20:56:48] [34m[INFO ][37m [32morg.example.hrmOrange.allure.AllureReportUtils [37m-[37m [32mCopying report from: C:\Users\mytie\IdeaProjects\Playwright_demo\target\allure-report
[0m[37m[2025-11-10 20:56:48] [34m[INFO ][37m [32morg.example.hrmOrange.allure.AllureReportUtils [37m-[37m [32mCopying report to: C:\Users\mytie\IdeaProjects\Playwright_demo\reports\2025-11-10\common_205648
[0m[37m[2025-11-10 20:56:48] [34m[INFO ][37m [32morg.example.hrmOrange.allure.AllureReportUtils [37m-[37m [32m✅ Report copied successfully!
[0m[37m[2025-11-10 20:56:48] [34m[INFO ][37m [32morg.example.hrmOrange.allure.AllureReportUtils [37m-[37m [32mIndex file created at: C:\Users\mytie\IdeaProjects\Playwright_demo\reports\2025-11-10\index.html
[0m[37m[2025-11-10 20:56:48] [34m[INFO ][37m [32morg.example.hrmOrange.allure.AllureReportUtils [37m-[37m [32m✅ Allure Report generated successfully at: C:\Users\mytie\IdeaProjects\Playwright_demo\reports
[0m[37m[2025-11-10 20:56:57] [34m[DEBUG][37m [32morg.testng.TestNG [37m-[37m [32msuiteXmlPath: "C:\Users\mytie\AppData\Local\JetBrains\IntelliJIdea2025.2\temp-testng-customsuite.xml"
[0m[37m[2025-11-10 20:56:57] [34m[WARN ][37m [32morg.testng.internal.Configuration [37m-[37m [32mDetected a static method [org.example.hrmOrange.common.BaseTest.beforeSuite()]. Static configuration methods can cause unexpected behavior.
[0m[37m[2025-11-10 20:56:57] [34m[WARN ][37m [32morg.testng.internal.Configuration [37m-[37m [32mDetected a static method [org.example.hrmOrange.common.BaseTest.afterSuite()]. Static configuration methods can cause unexpected behavior.
[0m[37m[2025-11-10 20:56:57] [34m[INFO ][37m [32morg.testng.internal.Utils [37m-[37m [32m[TestNG] Running:
  C:\Users\mytie\AppData\Local\JetBrains\IntelliJIdea2025.2\temp-testng-customsuite.xml

[0m[37m[2025-11-10 20:56:57] [34m[INFO ][37m [32morg.example.hrmOrange.allure.AllureReportUtils [37m-[37m [32mRemoved old report
[0m[37m[2025-11-10 20:57:00] [34m[INFO ][37m [32morg.example.hrmOrange.allure.LogUtils [37m-[37m [32mNavigate to URL: https://opensource-demo.orangehrmlive.com/web/index.php/auth/login
[0m[37m[2025-11-10 20:57:03] [34m[INFO ][37m [32morg.example.hrmOrange.testcase.ui.login.OrangeHRM_Login_TC8_VerifyThatUserCanLoginWithUsernameHavingLeadingSpace [37m-[37m [32mStep 1: Navigate to login page and enter username with leading space
[0m[37m[2025-11-10 20:57:03] [34m[INFO ][37m [32morg.example.hrmOrange.allure.LogUtils [37m-[37m [32mNavigate to URL: https://opensource-demo.orangehrmlive.com/web/index.php/auth/login
[0m[37m[2025-11-10 20:57:03] [34m[INFO ][37m [32morg.example.hrmOrange.allure.LogUtils [37m-[37m [32mWait until visible: //input[@name='username']
[0m[37m[2025-11-10 20:57:04] [34m[INFO ][37m [32morg.example.hrmOrange.allure.LogUtils [37m-[37m [32mFill input //input[@name='username'] with:  Admin
[0m[37m[2025-11-10 20:57:04] [34m[INFO ][37m [32morg.example.hrmOrange.allure.LogUtils [37m-[37m [32mFill input //input[@name='password'] with: admin123
[0m[37m[2025-11-10 20:57:04] [34m[INFO ][37m [32morg.example.hrmOrange.allure.LogUtils [37m-[37m [32mClick element: //button[@type='submit']
[0m[37m[2025-11-10 20:57:05] [34m[INFO ][37m [32morg.example.hrmOrange.testcase.ui.login.OrangeHRM_Login_TC8_VerifyThatUserCanLoginWithUsernameHavingLeadingSpace [37m-[37m [32mStep 2: Verify error message is displayed
[0m[37m[2025-11-10 20:57:05] [34m[INFO ][37m [32morg.example.hrmOrange.allure.LogUtils [37m-[37m [32mWait until visible: //div[@role='alert']
[0m[37m[2025-11-10 20:57:06] [34m[INFO ][37m [32morg.example.hrmOrange.allure.LogUtils [37m-[37m [32mText from element [//div[@role='alert']] = Invalid credentials
[0m[37m[2025-11-10 20:57:06] [34m[INFO ][37m [32morg.example.hrmOrange.testcase.ui.login.OrangeHRM_Login_TC8_VerifyThatUserCanLoginWithUsernameHavingLeadingSpace [37m-[37m [32mVerification passed: Correct error message is displayed
[0m[37m[2025-11-10 20:57:06] [34m[INFO ][37m [32morg.example.hrmOrange.testcase.ui.login.OrangeHRM_Login_TC8_VerifyThatUserCanLoginWithUsernameHavingLeadingSpace [37m-[37m [32mTest case passed: Login failed with username having leading space as expected
[0m[37m[2025-11-10 20:57:06] [34m[INFO ][37m [32morg.example.hrmOrange.allure.AllureReportUtils [37m-[37m [32mStarting Allure report generation...
[0m[37m[2025-11-10 20:57:06] [34m[INFO ][37m [32morg.example.hrmOrange.allure.AllureReportUtils [37m-[37m [32mRunning: mvn allure:report
[0m[37m[2025-11-10 20:57:11] [34m[INFO ][37m [32morg.example.hrmOrange.allure.AllureReportUtils [37m-[37m [32mLooking for Allure report at: C:\Users\mytie\IdeaProjects\Playwright_demo\target\site\allure-maven-plugin
[0m[37m[2025-11-10 20:57:11] [34m[WARN ][37m [32morg.example.hrmOrange.allure.AllureReportUtils [37m-[37m [32m⚠️ Allure report directory not found at: C:\Users\mytie\IdeaProjects\Playwright_demo\target\site\allure-maven-plugin
[0m[37m[2025-11-10 20:57:11] [34m[INFO ][37m [32morg.example.hrmOrange.allure.AllureReportUtils [37m-[37m [32mChecking alternative location: target/allure-report
[0m[37m[2025-11-10 20:57:11] [34m[INFO ][37m [32morg.example.hrmOrange.allure.AllureReportUtils [37m-[37m [32mFound report at alternative location: C:\Users\mytie\IdeaProjects\Playwright_demo\target\allure-report
[0m[37m[2025-11-10 20:57:11] [34m[INFO ][37m [32morg.example.hrmOrange.allure.AllureReportUtils [37m-[37m [32mCreated directory reports\2025-11-10\common_205711
[0m[37m[2025-11-10 20:57:11] [34m[INFO ][37m [32morg.example.hrmOrange.allure.AllureReportUtils [37m-[37m [32mCopying report from: C:\Users\mytie\IdeaProjects\Playwright_demo\target\allure-report
[0m[37m[2025-11-10 20:57:11] [34m[INFO ][37m [32morg.example.hrmOrange.allure.AllureReportUtils [37m-[37m [32mCopying report to: C:\Users\mytie\IdeaProjects\Playwright_demo\reports\2025-11-10\common_205711
[0m[37m[2025-11-10 20:57:11] [34m[INFO ][37m [32morg.example.hrmOrange.allure.AllureReportUtils [37m-[37m [32m✅ Report copied successfully!
[0m[37m[2025-11-10 20:57:11] [34m[INFO ][37m [32morg.example.hrmOrange.allure.AllureReportUtils [37m-[37m [32mIndex file created at: C:\Users\mytie\IdeaProjects\Playwright_demo\reports\2025-11-10\index.html
[0m[37m[2025-11-10 20:57:11] [34m[INFO ][37m [32morg.example.hrmOrange.allure.AllureReportUtils [37m-[37m [32m✅ Allure Report generated successfully at: C:\Users\mytie\IdeaProjects\Playwright_demo\reports
[0m[37m[2025-11-10 20:57:25] [34m[DEBUG][37m [32morg.testng.TestNG [37m-[37m [32msuiteXmlPath: "C:\Users\mytie\AppData\Local\JetBrains\IntelliJIdea2025.2\temp-testng-customsuite.xml"
[0m[37m[2025-11-10 20:57:25] [34m[WARN ][37m [32morg.testng.internal.Configuration [37m-[37m [32mDetected a static method [org.example.hrmOrange.common.BaseTest.beforeSuite()]. Static configuration methods can cause unexpected behavior.
[0m[37m[2025-11-10 20:57:25] [34m[WARN ][37m [32morg.testng.internal.Configuration [37m-[37m [32mDetected a static method [org.example.hrmOrange.common.BaseTest.afterSuite()]. Static configuration methods can cause unexpected behavior.
[0m[37m[2025-11-10 20:57:25] [34m[INFO ][37m [32morg.testng.internal.Utils [37m-[37m [32m[TestNG] Running:
  C:\Users\mytie\AppData\Local\JetBrains\IntelliJIdea2025.2\temp-testng-customsuite.xml

[0m[37m[2025-11-10 20:57:25] [34m[INFO ][37m [32morg.example.hrmOrange.allure.AllureReportUtils [37m-[37m [32mRemoved old report
[0m[37m[2025-11-10 20:57:28] [34m[INFO ][37m [32morg.example.hrmOrange.allure.LogUtils [37m-[37m [32mNavigate to URL: https://opensource-demo.orangehrmlive.com/web/index.php/auth/login
[0m[37m[2025-11-10 20:57:32] [34m[INFO ][37m [32morg.example.hrmOrange.testcase.ui.login.OrangeHRM_Login_TC9_VerifyLoginFailsWithPasswordLeadingSpace [37m-[37m [32mStep 1: Navigate to login page and enter password with leading space
[0m[37m[2025-11-10 20:57:32] [34m[INFO ][37m [32morg.example.hrmOrange.allure.LogUtils [37m-[37m [32mNavigate to URL: https://opensource-demo.orangehrmlive.com/web/index.php/auth/login
[0m[37m[2025-11-10 20:57:32] [34m[INFO ][37m [32morg.example.hrmOrange.allure.LogUtils [37m-[37m [32mWait until visible: //input[@name='username']
[0m[37m[2025-11-10 20:57:33] [34m[INFO ][37m [32morg.example.hrmOrange.allure.LogUtils [37m-[37m [32mFill input //input[@name='username'] with: Admin
[0m[37m[2025-11-10 20:57:33] [34m[INFO ][37m [32morg.example.hrmOrange.allure.LogUtils [37m-[37m [32mFill input //input[@name='password'] with:  admin123
[0m[37m[2025-11-10 20:57:33] [34m[INFO ][37m [32morg.example.hrmOrange.allure.LogUtils [37m-[37m [32mClick element: //button[@type='submit']
[0m[37m[2025-11-10 20:57:35] [34m[INFO ][37m [32morg.example.hrmOrange.testcase.ui.login.OrangeHRM_Login_TC9_VerifyLoginFailsWithPasswordLeadingSpace [37m-[37m [32mStep 2: Verify error message is displayed
[0m[37m[2025-11-10 20:57:35] [34m[INFO ][37m [32morg.example.hrmOrange.allure.LogUtils [37m-[37m [32mWait until visible: //div[@role='alert']
[0m[37m[2025-11-10 20:57:36] [34m[INFO ][37m [32morg.example.hrmOrange.allure.LogUtils [37m-[37m [32mText from element [//div[@role='alert']] = Invalid credentials
[0m[37m[2025-11-10 20:57:36] [34m[INFO ][37m [32morg.example.hrmOrange.testcase.ui.login.OrangeHRM_Login_TC9_VerifyLoginFailsWithPasswordLeadingSpace [37m-[37m [32mVerification passed: Correct error message is displayed
[0m[37m[2025-11-10 20:57:36] [34m[INFO ][37m [32morg.example.hrmOrange.testcase.ui.login.OrangeHRM_Login_TC9_VerifyLoginFailsWithPasswordLeadingSpace [37m-[37m [32mTest case passed: Login failed with password having leading space as expected
[0m[37m[2025-11-10 20:57:36] [34m[INFO ][37m [32morg.example.hrmOrange.allure.AllureReportUtils [37m-[37m [32mStarting Allure report generation...
[0m[37m[2025-11-10 20:57:36] [34m[INFO ][37m [32morg.example.hrmOrange.allure.AllureReportUtils [37m-[37m [32mRunning: mvn allure:report
[0m[37m[2025-11-10 20:57:40] [34m[INFO ][37m [32morg.example.hrmOrange.allure.AllureReportUtils [37m-[37m [32mLooking for Allure report at: C:\Users\mytie\IdeaProjects\Playwright_demo\target\site\allure-maven-plugin
[0m[37m[2025-11-10 20:57:40] [34m[WARN ][37m [32morg.example.hrmOrange.allure.AllureReportUtils [37m-[37m [32m⚠️ Allure report directory not found at: C:\Users\mytie\IdeaProjects\Playwright_demo\target\site\allure-maven-plugin
[0m[37m[2025-11-10 20:57:40] [34m[INFO ][37m [32morg.example.hrmOrange.allure.AllureReportUtils [37m-[37m [32mChecking alternative location: target/allure-report
[0m[37m[2025-11-10 20:57:40] [34m[INFO ][37m [32morg.example.hrmOrange.allure.AllureReportUtils [37m-[37m [32mFound report at alternative location: C:\Users\mytie\IdeaProjects\Playwright_demo\target\allure-report
[0m[37m[2025-11-10 20:57:40] [34m[INFO ][37m [32morg.example.hrmOrange.allure.AllureReportUtils [37m-[37m [32mCreated directory reports\2025-11-10\common_205740
[0m[37m[2025-11-10 20:57:40] [34m[INFO ][37m [32morg.example.hrmOrange.allure.AllureReportUtils [37m-[37m [32mCopying report from: C:\Users\mytie\IdeaProjects\Playwright_demo\target\allure-report
[0m[37m[2025-11-10 20:57:40] [34m[INFO ][37m [32morg.example.hrmOrange.allure.AllureReportUtils [37m-[37m [32mCopying report to: C:\Users\mytie\IdeaProjects\Playwright_demo\reports\2025-11-10\common_205740
[0m[37m[2025-11-10 20:57:40] [34m[INFO ][37m [32morg.example.hrmOrange.allure.AllureReportUtils [37m-[37m [32m✅ Report copied successfully!
[0m[37m[2025-11-10 20:57:40] [34m[INFO ][37m [32morg.example.hrmOrange.allure.AllureReportUtils [37m-[37m [32mIndex file created at: C:\Users\mytie\IdeaProjects\Playwright_demo\reports\2025-11-10\index.html
[0m[37m[2025-11-10 20:57:40] [34m[INFO ][37m [32morg.example.hrmOrange.allure.AllureReportUtils [37m-[37m [32m✅ Allure Report generated successfully at: C:\Users\mytie\IdeaProjects\Playwright_demo\reports
[0m[37m[2025-11-10 20:57:50] [34m[DEBUG][37m [32morg.testng.TestNG [37m-[37m [32msuiteXmlPath: "C:\Users\mytie\AppData\Local\JetBrains\IntelliJIdea2025.2\temp-testng-customsuite.xml"
[0m[37m[2025-11-10 20:57:50] [34m[WARN ][37m [32morg.testng.internal.Configuration [37m-[37m [32mDetected a static method [org.example.hrmOrange.common.BaseTest.beforeSuite()]. Static configuration methods can cause unexpected behavior.
[0m[37m[2025-11-10 20:57:50] [34m[WARN ][37m [32morg.testng.internal.Configuration [37m-[37m [32mDetected a static method [org.example.hrmOrange.common.BaseTest.afterSuite()]. Static configuration methods can cause unexpected behavior.
[0m[37m[2025-11-10 20:57:50] [34m[INFO ][37m [32morg.testng.internal.Utils [37m-[37m [32m[TestNG] Running:
  C:\Users\mytie\AppData\Local\JetBrains\IntelliJIdea2025.2\temp-testng-customsuite.xml

[0m[37m[2025-11-10 20:57:50] [34m[INFO ][37m [32morg.example.hrmOrange.allure.AllureReportUtils [37m-[37m [32mRemoved old report
[0m[37m[2025-11-10 20:57:53] [34m[INFO ][37m [32morg.example.hrmOrange.allure.LogUtils [37m-[37m [32mNavigate to URL: https://opensource-demo.orangehrmlive.com/web/index.php/auth/login
[0m[37m[2025-11-10 20:57:56] [34m[INFO ][37m [32morg.example.hrmOrange.testcase.ui.login.OrangeHRM_Login_TC10_VerifyLoginFailsWithPasswordTrailingSpace [37m-[37m [32mStep 1: Navigate to login page and enter password with trailing space
[0m[37m[2025-11-10 20:57:56] [34m[INFO ][37m [32morg.example.hrmOrange.allure.LogUtils [37m-[37m [32mNavigate to URL: https://opensource-demo.orangehrmlive.com/web/index.php/auth/login
[0m[37m[2025-11-10 20:57:56] [34m[INFO ][37m [32morg.example.hrmOrange.allure.LogUtils [37m-[37m [32mWait until visible: //input[@name='username']
[0m[37m[2025-11-10 20:57:57] [34m[INFO ][37m [32morg.example.hrmOrange.allure.LogUtils [37m-[37m [32mFill input //input[@name='username'] with: Admin
[0m[37m[2025-11-10 20:57:57] [34m[INFO ][37m [32morg.example.hrmOrange.allure.LogUtils [37m-[37m [32mFill input //input[@name='password'] with: admin123 
[0m[37m[2025-11-10 20:57:57] [34m[INFO ][37m [32morg.example.hrmOrange.allure.LogUtils [37m-[37m [32mClick element: //button[@type='submit']
[0m[37m[2025-11-10 20:57:58] [34m[INFO ][37m [32morg.example.hrmOrange.testcase.ui.login.OrangeHRM_Login_TC10_VerifyLoginFailsWithPasswordTrailingSpace [37m-[37m [32mStep 2: Verify error message is displayed
[0m[37m[2025-11-10 20:57:58] [34m[INFO ][37m [32morg.example.hrmOrange.allure.LogUtils [37m-[37m [32mWait until visible: //div[@role='alert']
[0m[37m[2025-11-10 20:58:00] [34m[INFO ][37m [32morg.example.hrmOrange.allure.LogUtils [37m-[37m [32mText from element [//div[@role='alert']] = Invalid credentials
[0m[37m[2025-11-10 20:58:00] [34m[INFO ][37m [32morg.example.hrmOrange.testcase.ui.login.OrangeHRM_Login_TC10_VerifyLoginFailsWithPasswordTrailingSpace [37m-[37m [32mVerification passed: Correct error message is displayed
[0m[37m[2025-11-10 20:58:00] [34m[INFO ][37m [32morg.example.hrmOrange.testcase.ui.login.OrangeHRM_Login_TC10_VerifyLoginFailsWithPasswordTrailingSpace [37m-[37m [32mTest case passed: Login failed with password having trailing space as expected
[0m[37m[2025-11-10 20:58:00] [34m[INFO ][37m [32morg.example.hrmOrange.allure.AllureReportUtils [37m-[37m [32mStarting Allure report generation...
[0m[37m[2025-11-10 20:58:00] [34m[INFO ][37m [32morg.example.hrmOrange.allure.AllureReportUtils [37m-[37m [32mRunning: mvn allure:report
[0m[37m[2025-11-10 20:58:05] [34m[INFO ][37m [32morg.example.hrmOrange.allure.AllureReportUtils [37m-[37m [32mLooking for Allure report at: C:\Users\mytie\IdeaProjects\Playwright_demo\target\site\allure-maven-plugin
[0m[37m[2025-11-10 20:58:05] [34m[WARN ][37m [32morg.example.hrmOrange.allure.AllureReportUtils [37m-[37m [32m⚠️ Allure report directory not found at: C:\Users\mytie\IdeaProjects\Playwright_demo\target\site\allure-maven-plugin
[0m[37m[2025-11-10 20:58:05] [34m[INFO ][37m [32morg.example.hrmOrange.allure.AllureReportUtils [37m-[37m [32mChecking alternative location: target/allure-report
[0m[37m[2025-11-10 20:58:05] [34m[INFO ][37m [32morg.example.hrmOrange.allure.AllureReportUtils [37m-[37m [32mFound report at alternative location: C:\Users\mytie\IdeaProjects\Playwright_demo\target\allure-report
[0m[37m[2025-11-10 20:58:05] [34m[INFO ][37m [32morg.example.hrmOrange.allure.AllureReportUtils [37m-[37m [32mCreated directory reports\2025-11-10\common_205805
[0m[37m[2025-11-10 20:58:05] [34m[INFO ][37m [32morg.example.hrmOrange.allure.AllureReportUtils [37m-[37m [32mCopying report from: C:\Users\mytie\IdeaProjects\Playwright_demo\target\allure-report
[0m[37m[2025-11-10 20:58:05] [34m[INFO ][37m [32morg.example.hrmOrange.allure.AllureReportUtils [37m-[37m [32mCopying report to: C:\Users\mytie\IdeaProjects\Playwright_demo\reports\2025-11-10\common_205805
[0m[37m[2025-11-10 20:58:05] [34m[INFO ][37m [32morg.example.hrmOrange.allure.AllureReportUtils [37m-[37m [32m✅ Report copied successfully!
[0m[37m[2025-11-10 20:58:05] [34m[INFO ][37m [32morg.example.hrmOrange.allure.AllureReportUtils [37m-[37m [32mIndex file created at: C:\Users\mytie\IdeaProjects\Playwright_demo\reports\2025-11-10\index.html
[0m[37m[2025-11-10 20:58:05] [34m[INFO ][37m [32morg.example.hrmOrange.allure.AllureReportUtils [37m-[37m [32m✅ Allure Report generated successfully at: C:\Users\mytie\IdeaProjects\Playwright_demo\reports
[0m[37m[2025-11-21 20:03:07] [34m[DEBUG][37m [32morg.testng.TestNG [37m-[37m [32msuiteXmlPath: "C:\Users\mytie\AppData\Local\JetBrains\IntelliJIdea2025.2\temp-testng-customsuite.xml"
[0m[37m[2025-11-21 20:03:07] [34m[WARN ][37m [32morg.testng.internal.Configuration [37m-[37m [32mDetected a static method [org.example.hrmOrange.common.BaseTest.beforeSuite()]. Static configuration methods can cause unexpected behavior.
[0m[37m[2025-11-21 20:03:07] [34m[WARN ][37m [32morg.testng.internal.Configuration [37m-[37m [32mDetected a static method [org.example.hrmOrange.common.BaseTest.afterSuite()]. Static configuration methods can cause unexpected behavior.
[0m[37m[2025-11-21 20:03:07] [34m[INFO ][37m [32morg.testng.internal.Utils [37m-[37m [32m[TestNG] Running:
  C:\Users\mytie\AppData\Local\JetBrains\IntelliJIdea2025.2\temp-testng-customsuite.xml

[0m[37m[2025-11-21 20:03:07] [34m[INFO ][37m [32morg.example.hrmOrange.allure.AllureReportUtils [37m-[37m [32mRemoved old report
[0m[37m[2025-11-21 20:03:11] [34m[INFO ][37m [32morg.example.hrmOrange.allure.LogUtils [37m-[37m [32mNavigate to URL: https://opensource-demo.orangehrmlive.com/web/index.php/auth/login
[0m[37m[2025-11-21 20:03:16] [34m[INFO ][37m [32morg.example.hrmOrange.testcase.ui.login.OrangeHRM_Login_TC1_VerifyThatUserCanLoginWithValidDataSuccessfully [37m-[37m [32mStep 1: Navigate to login page and enter credentials
[0m[37m[2025-11-21 20:03:16] [34m[INFO ][37m [32morg.example.hrmOrange.allure.LogUtils [37m-[37m [32mNavigate to URL: https://opensource-demo.orangehrmlive.com/web/index.php/auth/login
[0m[37m[2025-11-21 20:03:17] [34m[INFO ][37m [32morg.example.hrmOrange.allure.LogUtils [37m-[37m [32mWait until visible: //input[@name='username']
[0m[37m[2025-11-21 20:03:19] [34m[INFO ][37m [32morg.example.hrmOrange.allure.LogUtils [37m-[37m [32mFill input //input[@name='username'] with: Admin
[0m[37m[2025-11-21 20:03:19] [34m[INFO ][37m [32morg.example.hrmOrange.allure.LogUtils [37m-[37m [32mFill input //input[@name='password'] with: admin123
[0m[37m[2025-11-21 20:03:19] [34m[INFO ][37m [32morg.example.hrmOrange.allure.LogUtils [37m-[37m [32mClick element: //button[@type='submit']
[0m[37m[2025-11-21 20:03:20] [34m[INFO ][37m [32morg.example.hrmOrange.testcase.ui.login.OrangeHRM_Login_TC1_VerifyThatUserCanLoginWithValidDataSuccessfully [37m-[37m [32mStep 2: Verify successful login
[0m[37m[2025-11-21 20:03:20] [34m[INFO ][37m [32morg.example.hrmOrange.allure.LogUtils [37m-[37m [32mWait until visible: //h6[normalize-space()='Dashboard']
[0m[37m[2025-11-21 20:03:21] [34m[INFO ][37m [32morg.example.hrmOrange.allure.LogUtils [37m-[37m [32mVerify visible: //h6[normalize-space()='Dashboard'] → true
[0m[37m[2025-11-21 20:03:21] [34m[INFO ][37m [32morg.example.hrmOrange.testcase.ui.login.OrangeHRM_Login_TC1_VerifyThatUserCanLoginWithValidDataSuccessfully [37m-[37m [32mVerification: Check dashboard title
[0m[37m[2025-11-21 20:03:21] [34m[INFO ][37m [32morg.example.hrmOrange.testcase.ui.login.OrangeHRM_Login_TC1_VerifyThatUserCanLoginWithValidDataSuccessfully [37m-[37m [32mVerification passed: Dashboard title is as expected
[0m[37m[2025-11-21 20:03:21] [34m[INFO ][37m [32morg.example.hrmOrange.testcase.ui.login.OrangeHRM_Login_TC1_VerifyThatUserCanLoginWithValidDataSuccessfully [37m-[37m [32mTest case passed: User successfully logged in and dashboard verified
[0m[37m[2025-11-21 20:03:22] [34m[INFO ][37m [32morg.example.hrmOrange.allure.AllureReportUtils [37m-[37m [32mStarting Allure report generation...
[0m[37m[2025-11-21 20:03:22] [34m[INFO ][37m [32morg.example.hrmOrange.allure.AllureReportUtils [37m-[37m [32mRunning: mvn allure:report
[0m[37m[2025-11-21 20:03:32] [34m[INFO ][37m [32morg.example.hrmOrange.allure.AllureReportUtils [37m-[37m [32mLooking for Allure report at: C:\Users\mytie\IdeaProjects\Playwright_demo\target\site\allure-maven-plugin
[0m[37m[2025-11-21 20:03:32] [34m[WARN ][37m [32morg.example.hrmOrange.allure.AllureReportUtils [37m-[37m [32m⚠️ Allure report directory not found at: C:\Users\mytie\IdeaProjects\Playwright_demo\target\site\allure-maven-plugin
[0m[37m[2025-11-21 20:03:32] [34m[INFO ][37m [32morg.example.hrmOrange.allure.AllureReportUtils [37m-[37m [32mChecking alternative location: target/allure-report
[0m[37m[2025-11-21 20:03:32] [34m[INFO ][37m [32morg.example.hrmOrange.allure.AllureReportUtils [37m-[37m [32mFound report at alternative location: C:\Users\mytie\IdeaProjects\Playwright_demo\target\allure-report
[0m[37m[2025-11-21 20:03:32] [34m[INFO ][37m [32morg.example.hrmOrange.allure.AllureReportUtils [37m-[37m [32mCreated directory reports\2025-11-21\common_200332
[0m[37m[2025-11-21 20:03:32] [34m[INFO ][37m [32morg.example.hrmOrange.allure.AllureReportUtils [37m-[37m [32mCopying report from: C:\Users\mytie\IdeaProjects\Playwright_demo\target\allure-report
[0m[37m[2025-11-21 20:03:32] [34m[INFO ][37m [32morg.example.hrmOrange.allure.AllureReportUtils [37m-[37m [32mCopying report to: C:\Users\mytie\IdeaProjects\Playwright_demo\reports\2025-11-21\common_200332
[0m[37m[2025-11-21 20:03:32] [34m[INFO ][37m [32morg.example.hrmOrange.allure.AllureReportUtils [37m-[37m [32m✅ Report copied successfully!
[0m[37m[2025-11-21 20:03:32] [34m[INFO ][37m [32morg.example.hrmOrange.allure.AllureReportUtils [37m-[37m [32mIndex file created at: C:\Users\mytie\IdeaProjects\Playwright_demo\reports\2025-11-21\index.html
[0m[37m[2025-11-21 20:03:32] [34m[INFO ][37m [32morg.example.hrmOrange.allure.AllureReportUtils [37m-[37m [32m✅ Allure Report generated successfully at: C:\Users\mytie\IdeaProjects\Playwright_demo\reports
[0m[37m[2025-11-21 21:08:18] [34m[DEBUG][37m [32morg.testng.TestNG [37m-[37m [32msuiteXmlPath: "C:\Users\mytie\AppData\Local\JetBrains\IntelliJIdea2025.2\temp-testng-customsuite.xml"
[0m[37m[2025-11-21 21:08:18] [34m[WARN ][37m [32morg.testng.internal.Configuration [37m-[37m [32mDetected a static method [org.example.hrmOrange.common.BaseTest.beforeSuite()]. Static configuration methods can cause unexpected behavior.
[0m[37m[2025-11-21 21:08:18] [34m[WARN ][37m [32morg.testng.internal.Configuration [37m-[37m [32mDetected a static method [org.example.hrmOrange.common.BaseTest.afterSuite()]. Static configuration methods can cause unexpected behavior.
[0m[37m[2025-11-21 21:08:18] [34m[INFO ][37m [32morg.testng.internal.Utils [37m-[37m [32m[TestNG] Running:
  C:\Users\mytie\AppData\Local\JetBrains\IntelliJIdea2025.2\temp-testng-customsuite.xml

[0m[37m[2025-11-21 21:08:18] [34m[INFO ][37m [32morg.example.hrmOrange.allure.AllureReportUtils [37m-[37m [32mRemoved old report
[0m[37m[2025-11-21 21:08:21] [34m[INFO ][37m [32morg.example.hrmOrange.allure.LogUtils [37m-[37m [32mNavigate to URL: https://opensource-demo.orangehrmlive.com/web/index.php/auth/login
[0m[37m[2025-11-21 21:08:25] [34m[INFO ][37m [32morg.example.hrmOrange.allure.LogUtils [37m-[37m [32mNavigate to URL: https://opensource-demo.orangehrmlive.com/web/index.php/auth/login
[0m[37m[2025-11-21 21:08:26] [34m[INFO ][37m [32morg.example.hrmOrange.allure.LogUtils [37m-[37m [32mWait until visible: //input[@name='username']
[0m[37m[2025-11-21 21:08:27] [34m[INFO ][37m [32morg.example.hrmOrange.allure.LogUtils [37m-[37m [32mFill input //input[@name='username'] with: Admin
[0m[37m[2025-11-21 21:08:27] [34m[INFO ][37m [32morg.example.hrmOrange.allure.LogUtils [37m-[37m [32mFill input //input[@name='password'] with: admin123
[0m[37m[2025-11-21 21:08:27] [34m[INFO ][37m [32morg.example.hrmOrange.allure.LogUtils [37m-[37m [32mClick element: //button[@type='submit']
[0m[37m[2025-11-21 21:08:28] [34m[INFO ][37m [32morg.example.hrmOrange.allure.LogUtils [37m-[37m [32mWait until visible: //h6[normalize-space()='Dashboard']
[0m[37m[2025-11-21 21:08:29] [34m[INFO ][37m [32morg.example.hrmOrange.allure.LogUtils [37m-[37m [32mVerify visible: //h6[normalize-space()='Dashboard'] → true
[0m[37m[2025-11-21 21:08:29] [34m[INFO ][37m [32morg.example.hrmOrange.allure.AllureReportUtils [37m-[37m [32mStarting Allure report generation...
[0m[37m[2025-11-21 21:08:29] [34m[INFO ][37m [32morg.example.hrmOrange.allure.AllureReportUtils [37m-[37m [32mRunning: mvn allure:report
[0m[37m[2025-11-21 21:08:33] [34m[INFO ][37m [32morg.example.hrmOrange.allure.AllureReportUtils [37m-[37m [32mLooking for Allure report at: C:\Users\mytie\IdeaProjects\Playwright_demo\target\site\allure-maven-plugin
[0m[37m[2025-11-21 21:08:33] [34m[WARN ][37m [32morg.example.hrmOrange.allure.AllureReportUtils [37m-[37m [32m⚠️ Allure report directory not found at: C:\Users\mytie\IdeaProjects\Playwright_demo\target\site\allure-maven-plugin
[0m[37m[2025-11-21 21:08:33] [34m[INFO ][37m [32morg.example.hrmOrange.allure.AllureReportUtils [37m-[37m [32mChecking alternative location: target/allure-report
[0m[37m[2025-11-21 21:08:33] [34m[INFO ][37m [32morg.example.hrmOrange.allure.AllureReportUtils [37m-[37m [32mFound report at alternative location: C:\Users\mytie\IdeaProjects\Playwright_demo\target\allure-report
[0m[37m[2025-11-21 21:08:33] [34m[INFO ][37m [32morg.example.hrmOrange.allure.AllureReportUtils [37m-[37m [32mCreated directory reports\2025-11-21\common_210833
[0m[37m[2025-11-21 21:08:33] [34m[INFO ][37m [32morg.example.hrmOrange.allure.AllureReportUtils [37m-[37m [32mCopying report from: C:\Users\mytie\IdeaProjects\Playwright_demo\target\allure-report
[0m[37m[2025-11-21 21:08:33] [34m[INFO ][37m [32morg.example.hrmOrange.allure.AllureReportUtils [37m-[37m [32mCopying report to: C:\Users\mytie\IdeaProjects\Playwright_demo\reports\2025-11-21\common_210833
[0m[37m[2025-11-21 21:08:34] [34m[INFO ][37m [32morg.example.hrmOrange.allure.AllureReportUtils [37m-[37m [32m✅ Report copied successfully!
[0m[37m[2025-11-21 21:08:34] [34m[INFO ][37m [32morg.example.hrmOrange.allure.AllureReportUtils [37m-[37m [32mIndex file created at: C:\Users\mytie\IdeaProjects\Playwright_demo\reports\2025-11-21\index.html
[0m[37m[2025-11-21 21:08:34] [34m[INFO ][37m [32morg.example.hrmOrange.allure.AllureReportUtils [37m-[37m [32m✅ Allure Report generated successfully at: C:\Users\mytie\IdeaProjects\Playwright_demo\reports
[0m[37m[2025-11-21 21:13:10] [34m[DEBUG][37m [32morg.testng.TestNG [37m-[37m [32msuiteXmlPath: "C:\Users\mytie\AppData\Local\JetBrains\IntelliJIdea2025.2\temp-testng-customsuite.xml"
[0m[37m[2025-11-21 21:13:10] [34m[WARN ][37m [32morg.testng.internal.Configuration [37m-[37m [32mDetected a static method [org.example.hrmOrange.common.BaseTest.beforeSuite()]. Static configuration methods can cause unexpected behavior.
[0m[37m[2025-11-21 21:13:10] [34m[WARN ][37m [32morg.testng.internal.Configuration [37m-[37m [32mDetected a static method [org.example.hrmOrange.common.BaseTest.afterSuite()]. Static configuration methods can cause unexpected behavior.
[0m[37m[2025-11-21 21:13:10] [34m[INFO ][37m [32morg.testng.internal.Utils [37m-[37m [32m[TestNG] Running:
  C:\Users\mytie\AppData\Local\JetBrains\IntelliJIdea2025.2\temp-testng-customsuite.xml

[0m[37m[2025-11-21 21:13:10] [34m[INFO ][37m [32morg.example.hrmOrange.allure.AllureReportUtils [37m-[37m [32mRemoved old report
[0m[37m[2025-11-21 21:13:13] [34m[INFO ][37m [32morg.example.hrmOrange.allure.LogUtils [37m-[37m [32mNavigate to URL: https://opensource-demo.orangehrmlive.com/web/index.php/auth/login
[0m[37m[2025-11-21 21:13:43] [34m[INFO ][37m [32morg.example.hrmOrange.allure.AllureReportUtils [37m-[37m [32mStarting Allure report generation...
[0m[37m[2025-11-21 21:13:43] [34m[INFO ][37m [32morg.example.hrmOrange.allure.AllureReportUtils [37m-[37m [32mRunning: mvn allure:report
[0m[37m[2025-11-21 21:13:53] [34m[INFO ][37m [32morg.example.hrmOrange.allure.AllureReportUtils [37m-[37m [32mLooking for Allure report at: C:\Users\mytie\IdeaProjects\Playwright_demo\target\site\allure-maven-plugin
[0m[37m[2025-11-21 21:13:53] [34m[WARN ][37m [32morg.example.hrmOrange.allure.AllureReportUtils [37m-[37m [32m⚠️ Allure report directory not found at: C:\Users\mytie\IdeaProjects\Playwright_demo\target\site\allure-maven-plugin
[0m[37m[2025-11-21 21:13:53] [34m[INFO ][37m [32morg.example.hrmOrange.allure.AllureReportUtils [37m-[37m [32mChecking alternative location: target/allure-report
[0m[37m[2025-11-21 21:13:53] [34m[INFO ][37m [32morg.example.hrmOrange.allure.AllureReportUtils [37m-[37m [32mFound report at alternative location: C:\Users\mytie\IdeaProjects\Playwright_demo\target\allure-report
[0m[37m[2025-11-21 21:13:53] [34m[INFO ][37m [32morg.example.hrmOrange.allure.AllureReportUtils [37m-[37m [32mCreated directory reports\2025-11-21\common_211353
[0m[37m[2025-11-21 21:13:53] [34m[INFO ][37m [32morg.example.hrmOrange.allure.AllureReportUtils [37m-[37m [32mCopying report from: C:\Users\mytie\IdeaProjects\Playwright_demo\target\allure-report
[0m[37m[2025-11-21 21:13:53] [34m[INFO ][37m [32morg.example.hrmOrange.allure.AllureReportUtils [37m-[37m [32mCopying report to: C:\Users\mytie\IdeaProjects\Playwright_demo\reports\2025-11-21\common_211353
[0m[37m[2025-11-21 21:13:53] [34m[INFO ][37m [32morg.example.hrmOrange.allure.AllureReportUtils [37m-[37m [32m✅ Report copied successfully!
[0m[37m[2025-11-21 21:13:53] [34m[INFO ][37m [32morg.example.hrmOrange.allure.AllureReportUtils [37m-[37m [32mIndex file created at: C:\Users\mytie\IdeaProjects\Playwright_demo\reports\2025-11-21\index.html
[0m[37m[2025-11-21 21:13:53] [34m[INFO ][37m [32morg.example.hrmOrange.allure.AllureReportUtils [37m-[37m [32m✅ Allure Report generated successfully at: C:\Users\mytie\IdeaProjects\Playwright_demo\reports
[0m[37m[2025-11-21 21:14:00] [34m[DEBUG][37m [32morg.testng.TestNG [37m-[37m [32msuiteXmlPath: "C:\Users\mytie\AppData\Local\JetBrains\IntelliJIdea2025.2\temp-testng-customsuite.xml"
[0m[37m[2025-11-21 21:14:00] [34m[WARN ][37m [32morg.testng.internal.Configuration [37m-[37m [32mDetected a static method [org.example.hrmOrange.common.BaseTest.beforeSuite()]. Static configuration methods can cause unexpected behavior.
[0m[37m[2025-11-21 21:14:00] [34m[WARN ][37m [32morg.testng.internal.Configuration [37m-[37m [32mDetected a static method [org.example.hrmOrange.common.BaseTest.afterSuite()]. Static configuration methods can cause unexpected behavior.
[0m[37m[2025-11-21 21:14:00] [34m[INFO ][37m [32morg.testng.internal.Utils [37m-[37m [32m[TestNG] Running:
  C:\Users\mytie\AppData\Local\JetBrains\IntelliJIdea2025.2\temp-testng-customsuite.xml

[0m[37m[2025-11-21 21:14:00] [34m[INFO ][37m [32morg.example.hrmOrange.allure.AllureReportUtils [37m-[37m [32mRemoved old report
[0m[37m[2025-11-21 21:14:03] [34m[INFO ][37m [32morg.example.hrmOrange.allure.LogUtils [37m-[37m [32mNavigate to URL: https://opensource-demo.orangehrmlive.com/web/index.php/auth/login
[0m[37m[2025-11-21 21:14:06] [34m[INFO ][37m [32morg.example.hrmOrange.allure.LogUtils [37m-[37m [32mNavigate to URL: https://opensource-demo.orangehrmlive.com/web/index.php/auth/login
[0m[37m[2025-11-21 21:14:07] [34m[INFO ][37m [32morg.example.hrmOrange.allure.LogUtils [37m-[37m [32mWait until visible: //input[@name='username']
[0m[37m[2025-11-21 21:14:07] [34m[INFO ][37m [32morg.example.hrmOrange.allure.LogUtils [37m-[37m [32mFill input //input[@name='username'] with: 
[0m[37m[2025-11-21 21:14:08] [34m[INFO ][37m [32morg.example.hrmOrange.allure.LogUtils [37m-[37m [32mFill input //input[@name='password'] with: admin123
[0m[37m[2025-11-21 21:14:08] [34m[INFO ][37m [32morg.example.hrmOrange.allure.LogUtils [37m-[37m [32mClick element: //button[@type='submit']
[0m[37m[2025-11-21 21:14:08] [34m[INFO ][37m [32morg.example.hrmOrange.allure.LogUtils [37m-[37m [32mWait until visible: //span[contains(@class,'oxd-input-field-error-message')]
[0m[37m[2025-11-21 21:14:08] [34m[INFO ][37m [32morg.example.hrmOrange.allure.LogUtils [37m-[37m [32mText from element [//span[contains(@class,'oxd-input-field-error-message')]] = Required
[0m[37m[2025-11-21 21:14:08] [34m[INFO ][37m [32morg.example.hrmOrange.allure.AllureReportUtils [37m-[37m [32mStarting Allure report generation...
[0m[37m[2025-11-21 21:14:08] [34m[INFO ][37m [32morg.example.hrmOrange.allure.AllureReportUtils [37m-[37m [32mRunning: mvn allure:report
[0m[37m[2025-11-21 21:14:13] [34m[INFO ][37m [32morg.example.hrmOrange.allure.AllureReportUtils [37m-[37m [32mLooking for Allure report at: C:\Users\mytie\IdeaProjects\Playwright_demo\target\site\allure-maven-plugin
[0m[37m[2025-11-21 21:14:13] [34m[WARN ][37m [32morg.example.hrmOrange.allure.AllureReportUtils [37m-[37m [32m⚠️ Allure report directory not found at: C:\Users\mytie\IdeaProjects\Playwright_demo\target\site\allure-maven-plugin
[0m[37m[2025-11-21 21:14:13] [34m[INFO ][37m [32morg.example.hrmOrange.allure.AllureReportUtils [37m-[37m [32mChecking alternative location: target/allure-report
[0m[37m[2025-11-21 21:14:13] [34m[INFO ][37m [32morg.example.hrmOrange.allure.AllureReportUtils [37m-[37m [32mFound report at alternative location: C:\Users\mytie\IdeaProjects\Playwright_demo\target\allure-report
[0m[37m[2025-11-21 21:14:13] [34m[INFO ][37m [32morg.example.hrmOrange.allure.AllureReportUtils [37m-[37m [32mCreated directory reports\2025-11-21\common_211413
[0m[37m[2025-11-21 21:14:13] [34m[INFO ][37m [32morg.example.hrmOrange.allure.AllureReportUtils [37m-[37m [32mCopying report from: C:\Users\mytie\IdeaProjects\Playwright_demo\target\allure-report
[0m[37m[2025-11-21 21:14:13] [34m[INFO ][37m [32morg.example.hrmOrange.allure.AllureReportUtils [37m-[37m [32mCopying report to: C:\Users\mytie\IdeaProjects\Playwright_demo\reports\2025-11-21\common_211413
[0m[37m[2025-11-21 21:14:13] [34m[INFO ][37m [32morg.example.hrmOrange.allure.AllureReportUtils [37m-[37m [32m✅ Report copied successfully!
[0m[37m[2025-11-21 21:14:13] [34m[INFO ][37m [32morg.example.hrmOrange.allure.AllureReportUtils [37m-[37m [32mIndex file created at: C:\Users\mytie\IdeaProjects\Playwright_demo\reports\2025-11-21\index.html
[0m[37m[2025-11-21 21:14:13] [34m[INFO ][37m [32morg.example.hrmOrange.allure.AllureReportUtils [37m-[37m [32m✅ Allure Report generated successfully at: C:\Users\mytie\IdeaProjects\Playwright_demo\reports
[0m[37m[2025-11-21 21:16:41] [34m[DEBUG][37m [32morg.testng.TestNG [37m-[37m [32msuiteXmlPath: "C:\Users\mytie\AppData\Local\JetBrains\IntelliJIdea2025.2\temp-testng-customsuite.xml"
[0m[37m[2025-11-21 21:16:41] [34m[WARN ][37m [32morg.testng.internal.Configuration [37m-[37m [32mDetected a static method [org.example.hrmOrange.common.BaseTest.beforeSuite()]. Static configuration methods can cause unexpected behavior.
[0m[37m[2025-11-21 21:16:41] [34m[WARN ][37m [32morg.testng.internal.Configuration [37m-[37m [32mDetected a static method [org.example.hrmOrange.common.BaseTest.afterSuite()]. Static configuration methods can cause unexpected behavior.
[0m[37m[2025-11-21 21:16:41] [34m[INFO ][37m [32morg.testng.internal.Utils [37m-[37m [32m[TestNG] Running:
  C:\Users\mytie\AppData\Local\JetBrains\IntelliJIdea2025.2\temp-testng-customsuite.xml

[0m[37m[2025-11-21 21:16:41] [34m[INFO ][37m [32morg.example.hrmOrange.allure.AllureReportUtils [37m-[37m [32mRemoved old report
[0m[37m[2025-11-21 21:16:44] [34m[INFO ][37m [32morg.example.hrmOrange.allure.LogUtils [37m-[37m [32mNavigate to URL: https://opensource-demo.orangehrmlive.com/web/index.php/auth/login
[0m[37m[2025-11-21 21:16:47] [34m[INFO ][37m [32morg.example.hrmOrange.allure.LogUtils [37m-[37m [32mNavigate to URL: https://opensource-demo.orangehrmlive.com/web/index.php/auth/login
[0m[37m[2025-11-21 21:16:48] [34m[INFO ][37m [32morg.example.hrmOrange.allure.LogUtils [37m-[37m [32mWait until visible: //input[@name='username']
[0m[37m[2025-11-21 21:16:49] [34m[INFO ][37m [32morg.example.hrmOrange.allure.LogUtils [37m-[37m [32mFill input //input[@name='username'] with: Admin
[0m[37m[2025-11-21 21:16:49] [34m[INFO ][37m [32morg.example.hrmOrange.allure.LogUtils [37m-[37m [32mFill input //input[@name='password'] with: wrongpass
[0m[37m[2025-11-21 21:16:49] [34m[INFO ][37m [32morg.example.hrmOrange.allure.LogUtils [37m-[37m [32mClick element: //button[@type='submit']
[0m[37m[2025-11-21 21:16:50] [34m[INFO ][37m [32morg.example.hrmOrange.allure.LogUtils [37m-[37m [32mWait until visible: //div[@role='alert']
[0m[37m[2025-11-21 21:16:51] [34m[INFO ][37m [32morg.example.hrmOrange.allure.LogUtils [37m-[37m [32mText from element [//div[@role='alert']] = Invalid credentials
[0m[37m[2025-11-21 21:16:51] [34m[INFO ][37m [32morg.example.hrmOrange.allure.AllureReportUtils [37m-[37m [32mStarting Allure report generation...
[0m[37m[2025-11-21 21:16:51] [34m[INFO ][37m [32morg.example.hrmOrange.allure.AllureReportUtils [37m-[37m [32mRunning: mvn allure:report
[0m[37m[2025-11-21 21:16:56] [34m[INFO ][37m [32morg.example.hrmOrange.allure.AllureReportUtils [37m-[37m [32mLooking for Allure report at: C:\Users\mytie\IdeaProjects\Playwright_demo\target\site\allure-maven-plugin
[0m[37m[2025-11-21 21:16:56] [34m[WARN ][37m [32morg.example.hrmOrange.allure.AllureReportUtils [37m-[37m [32m⚠️ Allure report directory not found at: C:\Users\mytie\IdeaProjects\Playwright_demo\target\site\allure-maven-plugin
[0m[37m[2025-11-21 21:16:56] [34m[INFO ][37m [32morg.example.hrmOrange.allure.AllureReportUtils [37m-[37m [32mChecking alternative location: target/allure-report
[0m[37m[2025-11-21 21:16:56] [34m[INFO ][37m [32morg.example.hrmOrange.allure.AllureReportUtils [37m-[37m [32mFound report at alternative location: C:\Users\mytie\IdeaProjects\Playwright_demo\target\allure-report
[0m[37m[2025-11-21 21:16:56] [34m[INFO ][37m [32morg.example.hrmOrange.allure.AllureReportUtils [37m-[37m [32mCreated directory reports\2025-11-21\common_211656
[0m[37m[2025-11-21 21:16:56] [34m[INFO ][37m [32morg.example.hrmOrange.allure.AllureReportUtils [37m-[37m [32mCopying report from: C:\Users\mytie\IdeaProjects\Playwright_demo\target\allure-report
[0m[37m[2025-11-21 21:16:56] [34m[INFO ][37m [32morg.example.hrmOrange.allure.AllureReportUtils [37m-[37m [32mCopying report to: C:\Users\mytie\IdeaProjects\Playwright_demo\reports\2025-11-21\common_211656
[0m[37m[2025-11-21 21:16:56] [34m[INFO ][37m [32morg.example.hrmOrange.allure.AllureReportUtils [37m-[37m [32m✅ Report copied successfully!
[0m[37m[2025-11-21 21:16:56] [34m[INFO ][37m [32morg.example.hrmOrange.allure.AllureReportUtils [37m-[37m [32mIndex file created at: C:\Users\mytie\IdeaProjects\Playwright_demo\reports\2025-11-21\index.html
[0m[37m[2025-11-21 21:16:56] [34m[INFO ][37m [32morg.example.hrmOrange.allure.AllureReportUtils [37m-[37m [32m✅ Allure Report generated successfully at: C:\Users\mytie\IdeaProjects\Playwright_demo\reports
[0m[37m[2025-11-21 21:24:09] [34m[DEBUG][37m [32morg.testng.TestNG [37m-[37m [32msuiteXmlPath: "C:\Users\mytie\AppData\Local\JetBrains\IntelliJIdea2025.2\temp-testng-customsuite.xml"
[0m[37m[2025-11-21 21:24:09] [34m[WARN ][37m [32morg.testng.internal.Configuration [37m-[37m [32mDetected a static method [org.example.hrmOrange.common.BaseTest.beforeSuite()]. Static configuration methods can cause unexpected behavior.
[0m[37m[2025-11-21 21:24:09] [34m[WARN ][37m [32morg.testng.internal.Configuration [37m-[37m [32mDetected a static method [org.example.hrmOrange.common.BaseTest.afterSuite()]. Static configuration methods can cause unexpected behavior.
[0m[37m[2025-11-21 21:24:09] [34m[INFO ][37m [32morg.testng.internal.Utils [37m-[37m [32m[TestNG] Running:
  C:\Users\mytie\AppData\Local\JetBrains\IntelliJIdea2025.2\temp-testng-customsuite.xml

[0m[37m[2025-11-21 21:24:09] [34m[INFO ][37m [32morg.example.hrmOrange.allure.AllureReportUtils [37m-[37m [32mRemoved old report
[0m[37m[2025-11-21 21:24:12] [34m[INFO ][37m [32morg.example.hrmOrange.allure.LogUtils [37m-[37m [32mNavigate to URL: https://opensource-demo.orangehrmlive.com/web/index.php/auth/login
[0m[37m[2025-11-21 21:24:16] [34m[INFO ][37m [32morg.example.hrmOrange.allure.LogUtils [37m-[37m [32mNavigate to URL: https://opensource-demo.orangehrmlive.com/web/index.php/auth/login
[0m[37m[2025-11-21 21:24:16] [34m[INFO ][37m [32morg.example.hrmOrange.allure.LogUtils [37m-[37m [32mWait until visible: //input[@name='username']
[0m[37m[2025-11-21 21:24:17] [34m[INFO ][37m [32morg.example.hrmOrange.allure.LogUtils [37m-[37m [32mFill input //input[@name='username'] with: Admin
[0m[37m[2025-11-21 21:24:17] [34m[INFO ][37m [32morg.example.hrmOrange.allure.LogUtils [37m-[37m [32mFill input //input[@name='password'] with: wrongpass
[0m[37m[2025-11-21 21:24:17] [34m[INFO ][37m [32morg.example.hrmOrange.allure.LogUtils [37m-[37m [32mClick element: //button[@type='submit']
[0m[37m[2025-11-21 21:24:19] [34m[INFO ][37m [32morg.example.hrmOrange.allure.LogUtils [37m-[37m [32mWait until visible: //div[@role='alert']
[0m[37m[2025-11-21 21:24:19] [34m[INFO ][37m [32morg.example.hrmOrange.allure.LogUtils [37m-[37m [32mText from element [//div[@role='alert']] = Invalid credentials
[0m[37m[2025-11-21 21:24:20] [34m[INFO ][37m [32morg.example.hrmOrange.allure.AllureReportUtils [37m-[37m [32mStarting Allure report generation...
[0m[37m[2025-11-21 21:24:20] [34m[INFO ][37m [32morg.example.hrmOrange.allure.AllureReportUtils [37m-[37m [32mRunning: mvn allure:report
[0m[37m[2025-11-21 21:24:24] [34m[INFO ][37m [32morg.example.hrmOrange.allure.AllureReportUtils [37m-[37m [32mLooking for Allure report at: C:\Users\mytie\IdeaProjects\Playwright_demo\target\site\allure-maven-plugin
[0m[37m[2025-11-21 21:24:24] [34m[WARN ][37m [32morg.example.hrmOrange.allure.AllureReportUtils [37m-[37m [32m⚠️ Allure report directory not found at: C:\Users\mytie\IdeaProjects\Playwright_demo\target\site\allure-maven-plugin
[0m[37m[2025-11-21 21:24:24] [34m[INFO ][37m [32morg.example.hrmOrange.allure.AllureReportUtils [37m-[37m [32mChecking alternative location: target/allure-report
[0m[37m[2025-11-21 21:24:24] [34m[INFO ][37m [32morg.example.hrmOrange.allure.AllureReportUtils [37m-[37m [32mFound report at alternative location: C:\Users\mytie\IdeaProjects\Playwright_demo\target\allure-report
[0m[37m[2025-11-21 21:24:25] [34m[INFO ][37m [32morg.example.hrmOrange.allure.AllureReportUtils [37m-[37m [32mCreated directory reports\2025-11-21\common_212424
[0m[37m[2025-11-21 21:24:25] [34m[INFO ][37m [32morg.example.hrmOrange.allure.AllureReportUtils [37m-[37m [32mCopying report from: C:\Users\mytie\IdeaProjects\Playwright_demo\target\allure-report
[0m[37m[2025-11-21 21:24:25] [34m[INFO ][37m [32morg.example.hrmOrange.allure.AllureReportUtils [37m-[37m [32mCopying report to: C:\Users\mytie\IdeaProjects\Playwright_demo\reports\2025-11-21\common_212424
[0m[37m[2025-11-21 21:24:25] [34m[INFO ][37m [32morg.example.hrmOrange.allure.AllureReportUtils [37m-[37m [32m✅ Report copied successfully!
[0m[37m[2025-11-21 21:24:25] [34m[INFO ][37m [32morg.example.hrmOrange.allure.AllureReportUtils [37m-[37m [32mIndex file created at: C:\Users\mytie\IdeaProjects\Playwright_demo\reports\2025-11-21\index.html
[0m[37m[2025-11-21 21:24:25] [34m[INFO ][37m [32morg.example.hrmOrange.allure.AllureReportUtils [37m-[37m [32m✅ Allure Report generated successfully at: C:\Users\mytie\IdeaProjects\Playwright_demo\reports
[0m[37m[2025-11-21 21:25:20] [34m[DEBUG][37m [32morg.testng.TestNG [37m-[37m [32msuiteXmlPath: "C:\Users\mytie\AppData\Local\JetBrains\IntelliJIdea2025.2\temp-testng-customsuite.xml"
[0m[37m[2025-11-21 21:25:20] [34m[WARN ][37m [32morg.testng.internal.Configuration [37m-[37m [32mDetected a static method [org.example.hrmOrange.common.BaseTest.beforeSuite()]. Static configuration methods can cause unexpected behavior.
[0m[37m[2025-11-21 21:25:20] [34m[WARN ][37m [32morg.testng.internal.Configuration [37m-[37m [32mDetected a static method [org.example.hrmOrange.common.BaseTest.afterSuite()]. Static configuration methods can cause unexpected behavior.
[0m[37m[2025-11-21 21:25:20] [34m[INFO ][37m [32morg.testng.internal.Utils [37m-[37m [32m[TestNG] Running:
  C:\Users\mytie\AppData\Local\JetBrains\IntelliJIdea2025.2\temp-testng-customsuite.xml

[0m[37m[2025-11-21 21:25:20] [34m[INFO ][37m [32morg.example.hrmOrange.allure.AllureReportUtils [37m-[37m [32mRemoved old report
[0m[37m[2025-11-21 21:25:23] [34m[INFO ][37m [32morg.example.hrmOrange.allure.LogUtils [37m-[37m [32mNavigate to URL: https://opensource-demo.orangehrmlive.com/web/index.php/auth/login
[0m[37m[2025-11-21 21:25:29] [34m[INFO ][37m [32morg.example.hrmOrange.allure.LogUtils [37m-[37m [32mNavigate to URL: https://opensource-demo.orangehrmlive.com/web/index.php/auth/login
[0m[37m[2025-11-21 21:25:29] [34m[INFO ][37m [32morg.example.hrmOrange.allure.LogUtils [37m-[37m [32mWait until visible: //input[@name='username']
[0m[37m[2025-11-21 21:25:30] [34m[INFO ][37m [32morg.example.hrmOrange.allure.LogUtils [37m-[37m [32mFill input //input[@name='username'] with: WrongUser
[0m[37m[2025-11-21 21:25:30] [34m[INFO ][37m [32morg.example.hrmOrange.allure.LogUtils [37m-[37m [32mFill input //input[@name='password'] with: admin123
[0m[37m[2025-11-21 21:25:30] [34m[INFO ][37m [32morg.example.hrmOrange.allure.LogUtils [37m-[37m [32mClick element: //button[@type='submit']
[0m[37m[2025-11-21 21:25:31] [34m[INFO ][37m [32morg.example.hrmOrange.allure.LogUtils [37m-[37m [32mWait until visible: //div[@role='alert']
[0m[37m[2025-11-21 21:25:32] [34m[INFO ][37m [32morg.example.hrmOrange.allure.LogUtils [37m-[37m [32mText from element [//div[@role='alert']] = Invalid credentials
[0m[37m[2025-11-21 21:25:32] [34m[INFO ][37m [32morg.example.hrmOrange.allure.AllureReportUtils [37m-[37m [32mStarting Allure report generation...
[0m[37m[2025-11-21 21:25:32] [34m[INFO ][37m [32morg.example.hrmOrange.allure.AllureReportUtils [37m-[37m [32mRunning: mvn allure:report
[0m[37m[2025-11-21 21:25:37] [34m[INFO ][37m [32morg.example.hrmOrange.allure.AllureReportUtils [37m-[37m [32mLooking for Allure report at: C:\Users\mytie\IdeaProjects\Playwright_demo\target\site\allure-maven-plugin
[0m[37m[2025-11-21 21:25:37] [34m[WARN ][37m [32morg.example.hrmOrange.allure.AllureReportUtils [37m-[37m [32m⚠️ Allure report directory not found at: C:\Users\mytie\IdeaProjects\Playwright_demo\target\site\allure-maven-plugin
[0m[37m[2025-11-21 21:25:37] [34m[INFO ][37m [32morg.example.hrmOrange.allure.AllureReportUtils [37m-[37m [32mChecking alternative location: target/allure-report
[0m[37m[2025-11-21 21:25:37] [34m[INFO ][37m [32morg.example.hrmOrange.allure.AllureReportUtils [37m-[37m [32mFound report at alternative location: C:\Users\mytie\IdeaProjects\Playwright_demo\target\allure-report
[0m[37m[2025-11-21 21:25:37] [34m[INFO ][37m [32morg.example.hrmOrange.allure.AllureReportUtils [37m-[37m [32mCreated directory reports\2025-11-21\common_212537
[0m[37m[2025-11-21 21:25:37] [34m[INFO ][37m [32morg.example.hrmOrange.allure.AllureReportUtils [37m-[37m [32mCopying report from: C:\Users\mytie\IdeaProjects\Playwright_demo\target\allure-report
[0m[37m[2025-11-21 21:25:37] [34m[INFO ][37m [32morg.example.hrmOrange.allure.AllureReportUtils [37m-[37m [32mCopying report to: C:\Users\mytie\IdeaProjects\Playwright_demo\reports\2025-11-21\common_212537
[0m[37m[2025-11-21 21:25:37] [34m[INFO ][37m [32morg.example.hrmOrange.allure.AllureReportUtils [37m-[37m [32m✅ Report copied successfully!
[0m[37m[2025-11-21 21:25:37] [34m[INFO ][37m [32morg.example.hrmOrange.allure.AllureReportUtils [37m-[37m [32mIndex file created at: C:\Users\mytie\IdeaProjects\Playwright_demo\reports\2025-11-21\index.html
[0m[37m[2025-11-21 21:25:37] [34m[INFO ][37m [32morg.example.hrmOrange.allure.AllureReportUtils [37m-[37m [32m✅ Allure Report generated successfully at: C:\Users\mytie\IdeaProjects\Playwright_demo\reports
[0m[37m[2025-11-21 21:27:34] [34m[DEBUG][37m [32morg.testng.TestNG [37m-[37m [32msuiteXmlPath: "C:\Users\mytie\AppData\Local\JetBrains\IntelliJIdea2025.2\temp-testng-customsuite.xml"
[0m[37m[2025-11-21 21:27:34] [34m[WARN ][37m [32morg.testng.internal.Configuration [37m-[37m [32mDetected a static method [org.example.hrmOrange.common.BaseTest.beforeSuite()]. Static configuration methods can cause unexpected behavior.
[0m[37m[2025-11-21 21:27:34] [34m[WARN ][37m [32morg.testng.internal.Configuration [37m-[37m [32mDetected a static method [org.example.hrmOrange.common.BaseTest.afterSuite()]. Static configuration methods can cause unexpected behavior.
[0m[37m[2025-11-21 21:27:34] [34m[INFO ][37m [32morg.testng.internal.Utils [37m-[37m [32m[TestNG] Running:
  C:\Users\mytie\AppData\Local\JetBrains\IntelliJIdea2025.2\temp-testng-customsuite.xml

[0m[37m[2025-11-21 21:27:34] [34m[INFO ][37m [32morg.example.hrmOrange.allure.AllureReportUtils [37m-[37m [32mRemoved old report
[0m[37m[2025-11-21 21:27:37] [34m[INFO ][37m [32morg.example.hrmOrange.allure.LogUtils [37m-[37m [32mNavigate to URL: https://opensource-demo.orangehrmlive.com/web/index.php/auth/login
[0m[37m[2025-11-21 21:27:40] [34m[INFO ][37m [32morg.example.hrmOrange.allure.LogUtils [37m-[37m [32mNavigate to URL: https://opensource-demo.orangehrmlive.com/web/index.php/auth/login
[0m[37m[2025-11-21 21:27:40] [34m[INFO ][37m [32morg.example.hrmOrange.allure.LogUtils [37m-[37m [32mWait until visible: //input[@name='username']
[0m[37m[2025-11-21 21:27:42] [34m[INFO ][37m [32morg.example.hrmOrange.allure.LogUtils [37m-[37m [32mFill input //input[@name='username'] with: wrongUser
[0m[37m[2025-11-21 21:27:42] [34m[INFO ][37m [32morg.example.hrmOrange.allure.LogUtils [37m-[37m [32mFill input //input[@name='password'] with: wrongPass
[0m[37m[2025-11-21 21:27:42] [34m[INFO ][37m [32morg.example.hrmOrange.allure.LogUtils [37m-[37m [32mClick element: //button[@type='submit']
[0m[37m[2025-11-21 21:27:43] [34m[INFO ][37m [32morg.example.hrmOrange.allure.LogUtils [37m-[37m [32mWait until visible: //div[@role='alert']
[0m[37m[2025-11-21 21:27:44] [34m[INFO ][37m [32morg.example.hrmOrange.allure.LogUtils [37m-[37m [32mText from element [//div[@role='alert']] = Invalid credentials
[0m[37m[2025-11-21 21:27:44] [34m[INFO ][37m [32morg.example.hrmOrange.allure.AllureReportUtils [37m-[37m [32mStarting Allure report generation...
[0m[37m[2025-11-21 21:27:44] [34m[INFO ][37m [32morg.example.hrmOrange.allure.AllureReportUtils [37m-[37m [32mRunning: mvn allure:report
[0m[37m[2025-11-21 21:27:49] [34m[INFO ][37m [32morg.example.hrmOrange.allure.AllureReportUtils [37m-[37m [32mLooking for Allure report at: C:\Users\mytie\IdeaProjects\Playwright_demo\target\site\allure-maven-plugin
[0m[37m[2025-11-21 21:27:49] [34m[WARN ][37m [32morg.example.hrmOrange.allure.AllureReportUtils [37m-[37m [32m⚠️ Allure report directory not found at: C:\Users\mytie\IdeaProjects\Playwright_demo\target\site\allure-maven-plugin
[0m[37m[2025-11-21 21:27:49] [34m[INFO ][37m [32morg.example.hrmOrange.allure.AllureReportUtils [37m-[37m [32mChecking alternative location: target/allure-report
[0m[37m[2025-11-21 21:27:49] [34m[INFO ][37m [32morg.example.hrmOrange.allure.AllureReportUtils [37m-[37m [32mFound report at alternative location: C:\Users\mytie\IdeaProjects\Playwright_demo\target\allure-report
[0m[37m[2025-11-21 21:27:49] [34m[INFO ][37m [32morg.example.hrmOrange.allure.AllureReportUtils [37m-[37m [32mCreated directory reports\2025-11-21\common_212749
[0m[37m[2025-11-21 21:27:49] [34m[INFO ][37m [32morg.example.hrmOrange.allure.AllureReportUtils [37m-[37m [32mCopying report from: C:\Users\mytie\IdeaProjects\Playwright_demo\target\allure-report
[0m[37m[2025-11-21 21:27:49] [34m[INFO ][37m [32morg.example.hrmOrange.allure.AllureReportUtils [37m-[37m [32mCopying report to: C:\Users\mytie\IdeaProjects\Playwright_demo\reports\2025-11-21\common_212749
[0m[37m[2025-11-21 21:27:49] [34m[INFO ][37m [32morg.example.hrmOrange.allure.AllureReportUtils [37m-[37m [32m✅ Report copied successfully!
[0m[37m[2025-11-21 21:27:49] [34m[INFO ][37m [32morg.example.hrmOrange.allure.AllureReportUtils [37m-[37m [32mIndex file created at: C:\Users\mytie\IdeaProjects\Playwright_demo\reports\2025-11-21\index.html
[0m[37m[2025-11-21 21:27:49] [34m[INFO ][37m [32morg.example.hrmOrange.allure.AllureReportUtils [37m-[37m [32m✅ Allure Report generated successfully at: C:\Users\mytie\IdeaProjects\Playwright_demo\reports
[0m[37m[2025-11-21 21:31:07] [34m[DEBUG][37m [32morg.testng.TestNG [37m-[37m [32msuiteXmlPath: "C:\Users\mytie\AppData\Local\JetBrains\IntelliJIdea2025.2\temp-testng-customsuite.xml"
[0m[37m[2025-11-21 21:31:07] [34m[WARN ][37m [32morg.testng.internal.Configuration [37m-[37m [32mDetected a static method [org.example.hrmOrange.common.BaseTest.beforeSuite()]. Static configuration methods can cause unexpected behavior.
[0m[37m[2025-11-21 21:31:07] [34m[WARN ][37m [32morg.testng.internal.Configuration [37m-[37m [32mDetected a static method [org.example.hrmOrange.common.BaseTest.afterSuite()]. Static configuration methods can cause unexpected behavior.
[0m[37m[2025-11-21 21:31:07] [34m[INFO ][37m [32morg.testng.internal.Utils [37m-[37m [32m[TestNG] Running:
  C:\Users\mytie\AppData\Local\JetBrains\IntelliJIdea2025.2\temp-testng-customsuite.xml

[0m[37m[2025-11-21 21:31:07] [34m[INFO ][37m [32morg.example.hrmOrange.allure.AllureReportUtils [37m-[37m [32mRemoved old report
[0m[37m[2025-11-21 21:31:10] [34m[INFO ][37m [32morg.example.hrmOrange.allure.LogUtils [37m-[37m [32mNavigate to URL: https://opensource-demo.orangehrmlive.com/web/index.php/auth/login
[0m[37m[2025-11-21 21:31:14] [34m[INFO ][37m [32morg.example.hrmOrange.allure.LogUtils [37m-[37m [32mNavigate to URL: https://opensource-demo.orangehrmlive.com/web/index.php/auth/login
[0m[37m[2025-11-21 21:31:15] [34m[INFO ][37m [32morg.example.hrmOrange.allure.LogUtils [37m-[37m [32mWait until visible: //input[@name='username']
[0m[37m[2025-11-21 21:31:16] [34m[INFO ][37m [32morg.example.hrmOrange.allure.LogUtils [37m-[37m [32mFill input //input[@name='username'] with: Admin
[0m[37m[2025-11-21 21:31:16] [34m[INFO ][37m [32morg.example.hrmOrange.allure.LogUtils [37m-[37m [32mFill input //input[@name='password'] with: 
[0m[37m[2025-11-21 21:31:16] [34m[INFO ][37m [32morg.example.hrmOrange.allure.LogUtils [37m-[37m [32mClick element: //button[@type='submit']
[0m[37m[2025-11-21 21:31:16] [34m[INFO ][37m [32morg.example.hrmOrange.allure.LogUtils [37m-[37m [32mWait until visible: //span[contains(@class,'oxd-input-field-error-message')]
[0m[37m[2025-11-21 21:31:16] [34m[INFO ][37m [32morg.example.hrmOrange.allure.LogUtils [37m-[37m [32mText from element [//span[contains(@class,'oxd-input-field-error-message')]] = Required
[0m[37m[2025-11-21 21:31:16] [34m[INFO ][37m [32morg.example.hrmOrange.allure.AllureReportUtils [37m-[37m [32mStarting Allure report generation...
[0m[37m[2025-11-21 21:31:16] [34m[INFO ][37m [32morg.example.hrmOrange.allure.AllureReportUtils [37m-[37m [32mRunning: mvn allure:report
[0m[37m[2025-11-21 21:31:21] [34m[INFO ][37m [32morg.example.hrmOrange.allure.AllureReportUtils [37m-[37m [32mLooking for Allure report at: C:\Users\mytie\IdeaProjects\Playwright_demo\target\site\allure-maven-plugin
[0m[37m[2025-11-21 21:31:21] [34m[WARN ][37m [32morg.example.hrmOrange.allure.AllureReportUtils [37m-[37m [32m⚠️ Allure report directory not found at: C:\Users\mytie\IdeaProjects\Playwright_demo\target\site\allure-maven-plugin
[0m[37m[2025-11-21 21:31:21] [34m[INFO ][37m [32morg.example.hrmOrange.allure.AllureReportUtils [37m-[37m [32mChecking alternative location: target/allure-report
[0m[37m[2025-11-21 21:31:21] [34m[INFO ][37m [32morg.example.hrmOrange.allure.AllureReportUtils [37m-[37m [32mFound report at alternative location: C:\Users\mytie\IdeaProjects\Playwright_demo\target\allure-report
[0m[37m[2025-11-21 21:31:21] [34m[INFO ][37m [32morg.example.hrmOrange.allure.AllureReportUtils [37m-[37m [32mCreated directory reports\2025-11-21\common_213121
[0m[37m[2025-11-21 21:31:21] [34m[INFO ][37m [32morg.example.hrmOrange.allure.AllureReportUtils [37m-[37m [32mCopying report from: C:\Users\mytie\IdeaProjects\Playwright_demo\target\allure-report
[0m[37m[2025-11-21 21:31:21] [34m[INFO ][37m [32morg.example.hrmOrange.allure.AllureReportUtils [37m-[37m [32mCopying report to: C:\Users\mytie\IdeaProjects\Playwright_demo\reports\2025-11-21\common_213121
[0m[37m[2025-11-21 21:31:21] [34m[INFO ][37m [32morg.example.hrmOrange.allure.AllureReportUtils [37m-[37m [32m✅ Report copied successfully!
[0m[37m[2025-11-21 21:31:21] [34m[INFO ][37m [32morg.example.hrmOrange.allure.AllureReportUtils [37m-[37m [32mIndex file created at: C:\Users\mytie\IdeaProjects\Playwright_demo\reports\2025-11-21\index.html
[0m[37m[2025-11-21 21:31:21] [34m[INFO ][37m [32morg.example.hrmOrange.allure.AllureReportUtils [37m-[37m [32m✅ Allure Report generated successfully at: C:\Users\mytie\IdeaProjects\Playwright_demo\reports
[0m[37m[2025-11-21 21:39:33] [34m[DEBUG][37m [32morg.testng.TestNG [37m-[37m [32msuiteXmlPath: "C:\Users\mytie\AppData\Local\JetBrains\IntelliJIdea2025.2\temp-testng-customsuite.xml"
[0m[37m[2025-11-21 21:39:34] [34m[WARN ][37m [32morg.testng.internal.Configuration [37m-[37m [32mDetected a static method [org.example.hrmOrange.common.BaseTest.beforeSuite()]. Static configuration methods can cause unexpected behavior.
[0m[37m[2025-11-21 21:39:34] [34m[WARN ][37m [32morg.testng.internal.Configuration [37m-[37m [32mDetected a static method [org.example.hrmOrange.common.BaseTest.afterSuite()]. Static configuration methods can cause unexpected behavior.
[0m[37m[2025-11-21 21:39:34] [34m[INFO ][37m [32morg.testng.internal.Utils [37m-[37m [32m[TestNG] Running:
  C:\Users\mytie\AppData\Local\JetBrains\IntelliJIdea2025.2\temp-testng-customsuite.xml

[0m[37m[2025-11-21 21:39:34] [34m[INFO ][37m [32morg.example.hrmOrange.allure.AllureReportUtils [37m-[37m [32mRemoved old report
[0m[37m[2025-11-21 21:39:37] [34m[INFO ][37m [32morg.example.hrmOrange.allure.LogUtils [37m-[37m [32mNavigate to URL: https://opensource-demo.orangehrmlive.com/web/index.php/auth/login
[0m[37m[2025-11-21 21:39:40] [34m[INFO ][37m [32morg.example.hrmOrange.allure.LogUtils [37m-[37m [32mNavigate to URL: https://opensource-demo.orangehrmlive.com/web/index.php/auth/login
[0m[37m[2025-11-21 21:39:41] [34m[INFO ][37m [32morg.example.hrmOrange.allure.LogUtils [37m-[37m [32mWait until visible: //input[@name='username']
[0m[37m[2025-11-21 21:39:42] [34m[INFO ][37m [32morg.example.hrmOrange.allure.LogUtils [37m-[37m [32mFill input //input[@name='username'] with: 
[0m[37m[2025-11-21 21:39:42] [34m[INFO ][37m [32morg.example.hrmOrange.allure.LogUtils [37m-[37m [32mFill input //input[@name='password'] with: 
[0m[37m[2025-11-21 21:39:42] [34m[INFO ][37m [32morg.example.hrmOrange.allure.LogUtils [37m-[37m [32mClick element: //button[@type='submit']
[0m[37m[2025-11-21 21:39:42] [34m[INFO ][37m [32morg.example.hrmOrange.allure.LogUtils [37m-[37m [32mText from element [//input[@name='username']/ancestor::div[contains(@class,'oxd-input-group')]//span] = Required
[0m[37m[2025-11-21 21:39:42] [34m[INFO ][37m [32morg.example.hrmOrange.allure.LogUtils [37m-[37m [32mText from element [//input[@name='password']/ancestor::div[contains(@class,'oxd-input-group')]//span] = Required
[0m[37m[2025-11-21 21:39:42] [34m[INFO ][37m [32morg.example.hrmOrange.allure.AllureReportUtils [37m-[37m [32mStarting Allure report generation...
[0m[37m[2025-11-21 21:39:42] [34m[INFO ][37m [32morg.example.hrmOrange.allure.AllureReportUtils [37m-[37m [32mRunning: mvn allure:report
[0m[37m[2025-11-21 21:39:47] [34m[INFO ][37m [32morg.example.hrmOrange.allure.AllureReportUtils [37m-[37m [32mLooking for Allure report at: C:\Users\mytie\IdeaProjects\Playwright_demo\target\site\allure-maven-plugin
[0m[37m[2025-11-21 21:39:47] [34m[WARN ][37m [32morg.example.hrmOrange.allure.AllureReportUtils [37m-[37m [32m⚠️ Allure report directory not found at: C:\Users\mytie\IdeaProjects\Playwright_demo\target\site\allure-maven-plugin
[0m[37m[2025-11-21 21:39:47] [34m[INFO ][37m [32morg.example.hrmOrange.allure.AllureReportUtils [37m-[37m [32mChecking alternative location: target/allure-report
[0m[37m[2025-11-21 21:39:47] [34m[INFO ][37m [32morg.example.hrmOrange.allure.AllureReportUtils [37m-[37m [32mFound report at alternative location: C:\Users\mytie\IdeaProjects\Playwright_demo\target\allure-report
[0m[37m[2025-11-21 21:39:47] [34m[INFO ][37m [32morg.example.hrmOrange.allure.AllureReportUtils [37m-[37m [32mCreated directory reports\2025-11-21\common_213947
[0m[37m[2025-11-21 21:39:47] [34m[INFO ][37m [32morg.example.hrmOrange.allure.AllureReportUtils [37m-[37m [32mCopying report from: C:\Users\mytie\IdeaProjects\Playwright_demo\target\allure-report
[0m[37m[2025-11-21 21:39:47] [34m[INFO ][37m [32morg.example.hrmOrange.allure.AllureReportUtils [37m-[37m [32mCopying report to: C:\Users\mytie\IdeaProjects\Playwright_demo\reports\2025-11-21\common_213947
[0m[37m[2025-11-21 21:39:47] [34m[INFO ][37m [32morg.example.hrmOrange.allure.AllureReportUtils [37m-[37m [32m✅ Report copied successfully!
[0m[37m[2025-11-21 21:39:47] [34m[INFO ][37m [32morg.example.hrmOrange.allure.AllureReportUtils [37m-[37m [32mIndex file created at: C:\Users\mytie\IdeaProjects\Playwright_demo\reports\2025-11-21\index.html
[0m[37m[2025-11-21 21:39:47] [34m[INFO ][37m [32morg.example.hrmOrange.allure.AllureReportUtils [37m-[37m [32m✅ Allure Report generated successfully at: C:\Users\mytie\IdeaProjects\Playwright_demo\reports
[0m[37m[2025-11-21 21:43:34] [34m[DEBUG][37m [32morg.testng.TestNG [37m-[37m [32msuiteXmlPath: "C:\Users\mytie\AppData\Local\JetBrains\IntelliJIdea2025.2\temp-testng-customsuite.xml"
[0m[37m[2025-11-21 21:43:34] [34m[WARN ][37m [32morg.testng.internal.Configuration [37m-[37m [32mDetected a static method [org.example.hrmOrange.common.BaseTest.beforeSuite()]. Static configuration methods can cause unexpected behavior.
[0m[37m[2025-11-21 21:43:34] [34m[WARN ][37m [32morg.testng.internal.Configuration [37m-[37m [32mDetected a static method [org.example.hrmOrange.common.BaseTest.afterSuite()]. Static configuration methods can cause unexpected behavior.
[0m[37m[2025-11-21 21:43:34] [34m[INFO ][37m [32morg.testng.internal.Utils [37m-[37m [32m[TestNG] Running:
  C:\Users\mytie\AppData\Local\JetBrains\IntelliJIdea2025.2\temp-testng-customsuite.xml

[0m[37m[2025-11-21 21:43:34] [34m[INFO ][37m [32morg.example.hrmOrange.allure.AllureReportUtils [37m-[37m [32mRemoved old report
[0m[37m[2025-11-21 21:43:37] [34m[INFO ][37m [32morg.example.hrmOrange.allure.LogUtils [37m-[37m [32mNavigate to URL: https://opensource-demo.orangehrmlive.com/web/index.php/auth/login
[0m[37m[2025-11-21 21:43:44] [34m[INFO ][37m [32morg.example.hrmOrange.allure.LogUtils [37m-[37m [32mNavigate to URL: https://opensource-demo.orangehrmlive.com/web/index.php/auth/login
[0m[37m[2025-11-21 21:43:45] [34m[INFO ][37m [32morg.example.hrmOrange.allure.LogUtils [37m-[37m [32mWait until visible: //input[@name='username']
[0m[37m[2025-11-21 21:43:49] [34m[INFO ][37m [32morg.example.hrmOrange.allure.LogUtils [37m-[37m [32mFill input //input[@name='username'] with:  Admin
[0m[37m[2025-11-21 21:43:49] [34m[INFO ][37m [32morg.example.hrmOrange.allure.LogUtils [37m-[37m [32mFill input //input[@name='password'] with: admin123
[0m[37m[2025-11-21 21:43:49] [34m[INFO ][37m [32morg.example.hrmOrange.allure.LogUtils [37m-[37m [32mClick element: //button[@type='submit']
[0m[37m[2025-11-21 21:43:51] [34m[INFO ][37m [32morg.example.hrmOrange.allure.LogUtils [37m-[37m [32mWait until visible: //div[@role='alert']
[0m[37m[2025-11-21 21:43:52] [34m[INFO ][37m [32morg.example.hrmOrange.allure.LogUtils [37m-[37m [32mText from element [//div[@role='alert']] = Invalid credentials
[0m[37m[2025-11-21 21:43:52] [34m[INFO ][37m [32morg.example.hrmOrange.allure.AllureReportUtils [37m-[37m [32mStarting Allure report generation...
[0m[37m[2025-11-21 21:43:52] [34m[INFO ][37m [32morg.example.hrmOrange.allure.AllureReportUtils [37m-[37m [32mRunning: mvn allure:report
[0m[37m[2025-11-21 21:43:57] [34m[INFO ][37m [32morg.example.hrmOrange.allure.AllureReportUtils [37m-[37m [32mLooking for Allure report at: C:\Users\mytie\IdeaProjects\Playwright_demo\target\site\allure-maven-plugin
[0m[37m[2025-11-21 21:43:57] [34m[WARN ][37m [32morg.example.hrmOrange.allure.AllureReportUtils [37m-[37m [32m⚠️ Allure report directory not found at: C:\Users\mytie\IdeaProjects\Playwright_demo\target\site\allure-maven-plugin
[0m[37m[2025-11-21 21:43:57] [34m[INFO ][37m [32morg.example.hrmOrange.allure.AllureReportUtils [37m-[37m [32mChecking alternative location: target/allure-report
[0m[37m[2025-11-21 21:43:57] [34m[INFO ][37m [32morg.example.hrmOrange.allure.AllureReportUtils [37m-[37m [32mFound report at alternative location: C:\Users\mytie\IdeaProjects\Playwright_demo\target\allure-report
[0m[37m[2025-11-21 21:43:57] [34m[INFO ][37m [32morg.example.hrmOrange.allure.AllureReportUtils [37m-[37m [32mCreated directory reports\2025-11-21\common_214357
[0m[37m[2025-11-21 21:43:57] [34m[INFO ][37m [32morg.example.hrmOrange.allure.AllureReportUtils [37m-[37m [32mCopying report from: C:\Users\mytie\IdeaProjects\Playwright_demo\target\allure-report
[0m[37m[2025-11-21 21:43:57] [34m[INFO ][37m [32morg.example.hrmOrange.allure.AllureReportUtils [37m-[37m [32mCopying report to: C:\Users\mytie\IdeaProjects\Playwright_demo\reports\2025-11-21\common_214357
[0m[37m[2025-11-21 21:43:57] [34m[INFO ][37m [32morg.example.hrmOrange.allure.AllureReportUtils [37m-[37m [32m✅ Report copied successfully!
[0m[37m[2025-11-21 21:43:57] [34m[INFO ][37m [32morg.example.hrmOrange.allure.AllureReportUtils [37m-[37m [32mIndex file created at: C:\Users\mytie\IdeaProjects\Playwright_demo\reports\2025-11-21\index.html
[0m[37m[2025-11-21 21:43:57] [34m[INFO ][37m [32morg.example.hrmOrange.allure.AllureReportUtils [37m-[37m [32m✅ Allure Report generated successfully at: C:\Users\mytie\IdeaProjects\Playwright_demo\reports
[0m[37m[2025-11-21 21:45:05] [34m[DEBUG][37m [32morg.testng.TestNG [37m-[37m [32msuiteXmlPath: "C:\Users\mytie\AppData\Local\JetBrains\IntelliJIdea2025.2\temp-testng-customsuite.xml"
[0m[37m[2025-11-21 21:45:05] [34m[WARN ][37m [32morg.testng.internal.Configuration [37m-[37m [32mDetected a static method [org.example.hrmOrange.common.BaseTest.beforeSuite()]. Static configuration methods can cause unexpected behavior.
[0m[37m[2025-11-21 21:45:05] [34m[WARN ][37m [32morg.testng.internal.Configuration [37m-[37m [32mDetected a static method [org.example.hrmOrange.common.BaseTest.afterSuite()]. Static configuration methods can cause unexpected behavior.
[0m[37m[2025-11-21 21:45:05] [34m[INFO ][37m [32morg.testng.internal.Utils [37m-[37m [32m[TestNG] Running:
  C:\Users\mytie\AppData\Local\JetBrains\IntelliJIdea2025.2\temp-testng-customsuite.xml

[0m[37m[2025-11-21 21:45:05] [34m[INFO ][37m [32morg.example.hrmOrange.allure.AllureReportUtils [37m-[37m [32mRemoved old report
[0m[37m[2025-11-21 21:45:08] [34m[INFO ][37m [32morg.example.hrmOrange.allure.LogUtils [37m-[37m [32mNavigate to URL: https://opensource-demo.orangehrmlive.com/web/index.php/auth/login
[0m[37m[2025-11-21 21:45:14] [34m[INFO ][37m [32morg.example.hrmOrange.allure.LogUtils [37m-[37m [32mNavigate to URL: https://opensource-demo.orangehrmlive.com/web/index.php/auth/login
[0m[37m[2025-11-21 21:45:15] [34m[INFO ][37m [32morg.example.hrmOrange.allure.LogUtils [37m-[37m [32mWait until visible: //input[@name='username']
[0m[37m[2025-11-21 21:45:16] [34m[INFO ][37m [32morg.example.hrmOrange.allure.LogUtils [37m-[37m [32mFill input //input[@name='username'] with: Admin
[0m[37m[2025-11-21 21:45:16] [34m[INFO ][37m [32morg.example.hrmOrange.allure.LogUtils [37m-[37m [32mFill input //input[@name='password'] with:  admin123
[0m[37m[2025-11-21 21:45:16] [34m[INFO ][37m [32morg.example.hrmOrange.allure.LogUtils [37m-[37m [32mClick element: //button[@type='submit']
[0m[37m[2025-11-21 21:45:18] [34m[INFO ][37m [32morg.example.hrmOrange.allure.LogUtils [37m-[37m [32mWait until visible: //div[@role='alert']
[0m[37m[2025-11-21 21:45:18] [34m[INFO ][37m [32morg.example.hrmOrange.allure.LogUtils [37m-[37m [32mText from element [//div[@role='alert']] = Invalid credentials
[0m[37m[2025-11-21 21:45:19] [34m[INFO ][37m [32morg.example.hrmOrange.allure.AllureReportUtils [37m-[37m [32mStarting Allure report generation...
[0m[37m[2025-11-21 21:45:19] [34m[INFO ][37m [32morg.example.hrmOrange.allure.AllureReportUtils [37m-[37m [32mRunning: mvn allure:report
[0m[37m[2025-11-21 21:45:23] [34m[INFO ][37m [32morg.example.hrmOrange.allure.AllureReportUtils [37m-[37m [32mLooking for Allure report at: C:\Users\mytie\IdeaProjects\Playwright_demo\target\site\allure-maven-plugin
[0m[37m[2025-11-21 21:45:23] [34m[WARN ][37m [32morg.example.hrmOrange.allure.AllureReportUtils [37m-[37m [32m⚠️ Allure report directory not found at: C:\Users\mytie\IdeaProjects\Playwright_demo\target\site\allure-maven-plugin
[0m[37m[2025-11-21 21:45:23] [34m[INFO ][37m [32morg.example.hrmOrange.allure.AllureReportUtils [37m-[37m [32mChecking alternative location: target/allure-report
[0m[37m[2025-11-21 21:45:23] [34m[INFO ][37m [32morg.example.hrmOrange.allure.AllureReportUtils [37m-[37m [32mFound report at alternative location: C:\Users\mytie\IdeaProjects\Playwright_demo\target\allure-report
[0m[37m[2025-11-21 21:45:23] [34m[INFO ][37m [32morg.example.hrmOrange.allure.AllureReportUtils [37m-[37m [32mCreated directory reports\2025-11-21\common_214523
[0m[37m[2025-11-21 21:45:23] [34m[INFO ][37m [32morg.example.hrmOrange.allure.AllureReportUtils [37m-[37m [32mCopying report from: C:\Users\mytie\IdeaProjects\Playwright_demo\target\allure-report
[0m[37m[2025-11-21 21:45:23] [34m[INFO ][37m [32morg.example.hrmOrange.allure.AllureReportUtils [37m-[37m [32mCopying report to: C:\Users\mytie\IdeaProjects\Playwright_demo\reports\2025-11-21\common_214523
[0m[37m[2025-11-21 21:45:23] [34m[INFO ][37m [32morg.example.hrmOrange.allure.AllureReportUtils [37m-[37m [32m✅ Report copied successfully!
[0m[37m[2025-11-21 21:45:23] [34m[INFO ][37m [32morg.example.hrmOrange.allure.AllureReportUtils [37m-[37m [32mIndex file created at: C:\Users\mytie\IdeaProjects\Playwright_demo\reports\2025-11-21\index.html
[0m[37m[2025-11-21 21:45:23] [34m[INFO ][37m [32morg.example.hrmOrange.allure.AllureReportUtils [37m-[37m [32m✅ Allure Report generated successfully at: C:\Users\mytie\IdeaProjects\Playwright_demo\reports
[0m[37m[2025-11-21 21:48:34] [34m[DEBUG][37m [32morg.testng.TestNG [37m-[37m [32msuiteXmlPath: "C:\Users\mytie\AppData\Local\JetBrains\IntelliJIdea2025.2\temp-testng-customsuite.xml"
[0m[37m[2025-11-21 21:48:35] [34m[WARN ][37m [32morg.testng.internal.Configuration [37m-[37m [32mDetected a static method [org.example.hrmOrange.common.BaseTest.beforeSuite()]. Static configuration methods can cause unexpected behavior.
[0m[37m[2025-11-21 21:48:35] [34m[WARN ][37m [32morg.testng.internal.Configuration [37m-[37m [32mDetected a static method [org.example.hrmOrange.common.BaseTest.afterSuite()]. Static configuration methods can cause unexpected behavior.
[0m[37m[2025-11-21 21:48:35] [34m[INFO ][37m [32morg.testng.internal.Utils [37m-[37m [32m[TestNG] Running:
  C:\Users\mytie\AppData\Local\JetBrains\IntelliJIdea2025.2\temp-testng-customsuite.xml

[0m[37m[2025-11-21 21:48:35] [34m[INFO ][37m [32morg.example.hrmOrange.allure.AllureReportUtils [37m-[37m [32mRemoved old report
[0m[37m[2025-11-21 21:48:37] [34m[INFO ][37m [32morg.example.hrmOrange.allure.LogUtils [37m-[37m [32mNavigate to URL: https://opensource-demo.orangehrmlive.com/web/index.php/auth/login
[0m[37m[2025-11-21 21:48:41] [34m[INFO ][37m [32morg.example.hrmOrange.allure.LogUtils [37m-[37m [32mNavigate to URL: https://opensource-demo.orangehrmlive.com/web/index.php/auth/login
[0m[37m[2025-11-21 21:48:42] [34m[INFO ][37m [32morg.example.hrmOrange.allure.LogUtils [37m-[37m [32mWait until visible: //input[@name='username']
[0m[37m[2025-11-21 21:48:42] [34m[INFO ][37m [32morg.example.hrmOrange.allure.LogUtils [37m-[37m [32mFill input //input[@name='username'] with: Admin
[0m[37m[2025-11-21 21:48:42] [34m[INFO ][37m [32morg.example.hrmOrange.allure.LogUtils [37m-[37m [32mFill input //input[@name='password'] with: admin123 
[0m[37m[2025-11-21 21:48:42] [34m[INFO ][37m [32morg.example.hrmOrange.allure.LogUtils [37m-[37m [32mClick element: //button[@type='submit']
[0m[37m[2025-11-21 21:48:44] [34m[INFO ][37m [32morg.example.hrmOrange.allure.LogUtils [37m-[37m [32mWait until visible: //div[@role='alert']
[0m[37m[2025-11-21 21:48:45] [34m[INFO ][37m [32morg.example.hrmOrange.allure.LogUtils [37m-[37m [32mText from element [//div[@role='alert']] = Invalid credentials
[0m[37m[2025-11-21 21:48:46] [34m[INFO ][37m [32morg.example.hrmOrange.allure.AllureReportUtils [37m-[37m [32mStarting Allure report generation...
[0m[37m[2025-11-21 21:48:46] [34m[INFO ][37m [32morg.example.hrmOrange.allure.AllureReportUtils [37m-[37m [32mRunning: mvn allure:report
[0m[37m[2025-11-21 21:48:50] [34m[INFO ][37m [32morg.example.hrmOrange.allure.AllureReportUtils [37m-[37m [32mLooking for Allure report at: C:\Users\mytie\IdeaProjects\Playwright_demo\target\site\allure-maven-plugin
[0m[37m[2025-11-21 21:48:50] [34m[WARN ][37m [32morg.example.hrmOrange.allure.AllureReportUtils [37m-[37m [32m⚠️ Allure report directory not found at: C:\Users\mytie\IdeaProjects\Playwright_demo\target\site\allure-maven-plugin
[0m[37m[2025-11-21 21:48:50] [34m[INFO ][37m [32morg.example.hrmOrange.allure.AllureReportUtils [37m-[37m [32mChecking alternative location: target/allure-report
[0m[37m[2025-11-21 21:48:50] [34m[INFO ][37m [32morg.example.hrmOrange.allure.AllureReportUtils [37m-[37m [32mFound report at alternative location: C:\Users\mytie\IdeaProjects\Playwright_demo\target\allure-report
[0m[37m[2025-11-21 21:48:50] [34m[INFO ][37m [32morg.example.hrmOrange.allure.AllureReportUtils [37m-[37m [32mCreated directory reports\2025-11-21\common_214850
[0m[37m[2025-11-21 21:48:50] [34m[INFO ][37m [32morg.example.hrmOrange.allure.AllureReportUtils [37m-[37m [32mCopying report from: C:\Users\mytie\IdeaProjects\Playwright_demo\target\allure-report
[0m[37m[2025-11-21 21:48:50] [34m[INFO ][37m [32morg.example.hrmOrange.allure.AllureReportUtils [37m-[37m [32mCopying report to: C:\Users\mytie\IdeaProjects\Playwright_demo\reports\2025-11-21\common_214850
[0m[37m[2025-11-21 21:48:51] [34m[INFO ][37m [32morg.example.hrmOrange.allure.AllureReportUtils [37m-[37m [32m✅ Report copied successfully!
[0m[37m[2025-11-21 21:48:51] [34m[INFO ][37m [32morg.example.hrmOrange.allure.AllureReportUtils [37m-[37m [32mIndex file created at: C:\Users\mytie\IdeaProjects\Playwright_demo\reports\2025-11-21\index.html
[0m[37m[2025-11-21 21:48:51] [34m[INFO ][37m [32morg.example.hrmOrange.allure.AllureReportUtils [37m-[37m [32m✅ Allure Report generated successfully at: C:\Users\mytie\IdeaProjects\Playwright_demo\reports
[0m[37m[2025-11-21 21:53:27] [34m[DEBUG][37m [32morg.testng.TestNG [37m-[37m [32msuiteXmlPath: "C:\Users\mytie\AppData\Local\JetBrains\IntelliJIdea2025.2\temp-testng-customsuite.xml"
[0m[37m[2025-11-21 21:53:28] [34m[WARN ][37m [32morg.testng.internal.Configuration [37m-[37m [32mDetected a static method [org.example.hrmOrange.common.BaseTest.beforeSuite()]. Static configuration methods can cause unexpected behavior.
[0m[37m[2025-11-21 21:53:28] [34m[WARN ][37m [32morg.testng.internal.Configuration [37m-[37m [32mDetected a static method [org.example.hrmOrange.common.BaseTest.afterSuite()]. Static configuration methods can cause unexpected behavior.
[0m[37m[2025-11-21 21:53:28] [34m[INFO ][37m [32morg.testng.internal.Utils [37m-[37m [32m[TestNG] Running:
  C:\Users\mytie\AppData\Local\JetBrains\IntelliJIdea2025.2\temp-testng-customsuite.xml

[0m[37m[2025-11-21 21:53:28] [34m[INFO ][37m [32morg.example.hrmOrange.allure.AllureReportUtils [37m-[37m [32mRemoved old report
[0m[37m[2025-11-21 21:53:30] [34m[INFO ][37m [32morg.example.hrmOrange.allure.LogUtils [37m-[37m [32mNavigate to URL: https://opensource-demo.orangehrmlive.com/web/index.php/auth/login
[0m[37m[2025-11-21 21:53:34] [34m[INFO ][37m [32morg.example.hrmOrange.allure.LogUtils [37m-[37m [32mNavigate to URL: https://opensource-demo.orangehrmlive.com/web/index.php/auth/login
[0m[37m[2025-11-21 21:53:34] [34m[INFO ][37m [32morg.example.hrmOrange.allure.LogUtils [37m-[37m [32mWait until visible: //input[@name='username']
[0m[37m[2025-11-21 21:53:36] [34m[INFO ][37m [32morg.example.hrmOrange.allure.LogUtils [37m-[37m [32mFill input //input[@name='username'] with: Admin
[0m[37m[2025-11-21 21:53:36] [34m[INFO ][37m [32morg.example.hrmOrange.allure.LogUtils [37m-[37m [32mFill input //input[@name='password'] with: admin123
[0m[37m[2025-11-21 21:53:36] [34m[INFO ][37m [32morg.example.hrmOrange.allure.LogUtils [37m-[37m [32mClick element: //button[@type='submit']
[0m[37m[2025-11-21 21:53:38] [34m[INFO ][37m [32morg.example.hrmOrange.allure.LogUtils [37m-[37m [32mClick element: //span[normalize-space()='Admin']
[0m[37m[2025-11-21 21:53:39] [34m[INFO ][37m [32morg.example.hrmOrange.allure.LogUtils [37m-[37m [32mWait until visible: //label[normalize-space()='Username']/parent::div/following-sibling::div//input
[0m[37m[2025-11-21 21:53:40] [34m[INFO ][37m [32morg.example.hrmOrange.allure.LogUtils [37m-[37m [32mFill input //label[normalize-space()='Username']/parent::div/following-sibling::div//input with: Admin
[0m[37m[2025-11-21 21:53:40] [34m[INFO ][37m [32morg.example.hrmOrange.allure.LogUtils [37m-[37m [32mClick element: //button[normalize-space()='Search']
[0m[37m[2025-11-21 21:53:40] [34m[INFO ][37m [32morg.example.hrmOrange.allure.LogUtils [37m-[37m [32mWait until visible: //div[@role='table'] | //span[normalize-space()='No Records Found']
[0m[37m[2025-11-21 21:53:40] [34m[INFO ][37m [32morg.example.hrmOrange.allure.LogUtils [37m-[37m [32mClick element: //label[normalize-space()='User Role']/following::div[contains(@class,'oxd-select-text--after')][1]
[0m[37m[2025-11-21 21:53:40] [34m[INFO ][37m [32morg.example.hrmOrange.allure.LogUtils [37m-[37m [32mClick element: //div[@role='option']//span[normalize-space()='ESS']
[0m[37m[2025-11-21 21:53:40] [34m[INFO ][37m [32morg.example.hrmOrange.allure.LogUtils [37m-[37m [32mFill input //input[@placeholder='Type for hints...'] with: manda user
[0m[37m[2025-11-21 21:53:41] [34m[INFO ][37m [32morg.example.hrmOrange.allure.AllureReportUtils [37m-[37m [32mStarting Allure report generation...
[0m[37m[2025-11-21 21:53:41] [34m[INFO ][37m [32morg.example.hrmOrange.allure.AllureReportUtils [37m-[37m [32mRunning: mvn allure:report
[0m[37m[2025-11-21 21:53:45] [34m[INFO ][37m [32morg.example.hrmOrange.allure.AllureReportUtils [37m-[37m [32mLooking for Allure report at: C:\Users\mytie\IdeaProjects\Playwright_demo\target\site\allure-maven-plugin
[0m[37m[2025-11-21 21:53:45] [34m[WARN ][37m [32morg.example.hrmOrange.allure.AllureReportUtils [37m-[37m [32m⚠️ Allure report directory not found at: C:\Users\mytie\IdeaProjects\Playwright_demo\target\site\allure-maven-plugin
[0m[37m[2025-11-21 21:53:45] [34m[INFO ][37m [32morg.example.hrmOrange.allure.AllureReportUtils [37m-[37m [32mChecking alternative location: target/allure-report
[0m[37m[2025-11-21 21:53:45] [34m[INFO ][37m [32morg.example.hrmOrange.allure.AllureReportUtils [37m-[37m [32mFound report at alternative location: C:\Users\mytie\IdeaProjects\Playwright_demo\target\allure-report
[0m[37m[2025-11-21 21:53:45] [34m[INFO ][37m [32morg.example.hrmOrange.allure.AllureReportUtils [37m-[37m [32mCreated directory reports\2025-11-21\common_215345
[0m[37m[2025-11-21 21:53:45] [34m[INFO ][37m [32morg.example.hrmOrange.allure.AllureReportUtils [37m-[37m [32mCopying report from: C:\Users\mytie\IdeaProjects\Playwright_demo\target\allure-report
[0m[37m[2025-11-21 21:53:45] [34m[INFO ][37m [32morg.example.hrmOrange.allure.AllureReportUtils [37m-[37m [32mCopying report to: C:\Users\mytie\IdeaProjects\Playwright_demo\reports\2025-11-21\common_215345
[0m[37m[2025-11-21 21:53:45] [34m[INFO ][37m [32morg.example.hrmOrange.allure.AllureReportUtils [37m-[37m [32m✅ Report copied successfully!
[0m[37m[2025-11-21 21:53:45] [34m[INFO ][37m [32morg.example.hrmOrange.allure.AllureReportUtils [37m-[37m [32mIndex file created at: C:\Users\mytie\IdeaProjects\Playwright_demo\reports\2025-11-21\index.html
[0m[37m[2025-11-21 21:53:45] [34m[INFO ][37m [32morg.example.hrmOrange.allure.AllureReportUtils [37m-[37m [32m✅ Allure Report generated successfully at: C:\Users\mytie\IdeaProjects\Playwright_demo\reports
[0m[37m[2025-11-21 21:57:41] [34m[DEBUG][37m [32morg.testng.TestNG [37m-[37m [32msuiteXmlPath: "C:\Users\mytie\AppData\Local\JetBrains\IntelliJIdea2025.2\temp-testng-customsuite.xml"
[0m[37m[2025-11-21 21:57:41] [34m[WARN ][37m [32morg.testng.internal.Configuration [37m-[37m [32mDetected a static method [org.example.hrmOrange.common.BaseTest.beforeSuite()]. Static configuration methods can cause unexpected behavior.
[0m[37m[2025-11-21 21:57:41] [34m[WARN ][37m [32morg.testng.internal.Configuration [37m-[37m [32mDetected a static method [org.example.hrmOrange.common.BaseTest.afterSuite()]. Static configuration methods can cause unexpected behavior.
[0m[37m[2025-11-21 21:57:41] [34m[INFO ][37m [32morg.testng.internal.Utils [37m-[37m [32m[TestNG] Running:
  C:\Users\mytie\AppData\Local\JetBrains\IntelliJIdea2025.2\temp-testng-customsuite.xml

[0m[37m[2025-11-21 21:57:41] [34m[INFO ][37m [32morg.example.hrmOrange.allure.AllureReportUtils [37m-[37m [32mRemoved old report
[0m[37m[2025-11-21 21:57:44] [34m[INFO ][37m [32morg.example.hrmOrange.allure.LogUtils [37m-[37m [32mNavigate to URL: https://opensource-demo.orangehrmlive.com/web/index.php/auth/login
[0m[37m[2025-11-21 21:57:48] [34m[INFO ][37m [32morg.example.hrmOrange.testcase.ui.admin.OrangeHRM_Admin_TC5_SearchWithInvalidEmployee [37m-[37m [32mNavigating to login page...
[0m[37m[2025-11-21 21:57:48] [34m[INFO ][37m [32morg.example.hrmOrange.allure.LogUtils [37m-[37m [32mNavigate to URL: https://opensource-demo.orangehrmlive.com/web/index.php/auth/login
[0m[37m[2025-11-21 21:57:49] [34m[INFO ][37m [32morg.example.hrmOrange.testcase.ui.admin.OrangeHRM_Admin_TC5_SearchWithInvalidEmployee [37m-[37m [32mLogging in as Admin...
[0m[37m[2025-11-21 21:57:49] [34m[INFO ][37m [32morg.example.hrmOrange.allure.LogUtils [37m-[37m [32mWait until visible: //input[@name='username']
[0m[37m[2025-11-21 21:57:50] [34m[INFO ][37m [32morg.example.hrmOrange.allure.LogUtils [37m-[37m [32mFill input //input[@name='username'] with: Admin
[0m[37m[2025-11-21 21:57:50] [34m[INFO ][37m [32morg.example.hrmOrange.allure.LogUtils [37m-[37m [32mFill input //input[@name='password'] with: admin123
[0m[37m[2025-11-21 21:57:50] [34m[INFO ][37m [32morg.example.hrmOrange.allure.LogUtils [37m-[37m [32mClick element: //button[@type='submit']
[0m[37m[2025-11-21 21:57:52] [34m[INFO ][37m [32morg.example.hrmOrange.testcase.ui.admin.OrangeHRM_Admin_TC5_SearchWithInvalidEmployee [37m-[37m [32mNavigating to Admin page...
[0m[37m[2025-11-21 21:57:52] [34m[INFO ][37m [32morg.example.hrmOrange.allure.LogUtils [37m-[37m [32mClick element: //span[normalize-space()='Admin']
[0m[37m[2025-11-21 21:57:54] [34m[INFO ][37m [32morg.example.hrmOrange.allure.LogUtils [37m-[37m [32mWait until visible: //label[normalize-space()='Username']/parent::div/following-sibling::div//input
[0m[37m[2025-11-21 21:57:55] [34m[INFO ][37m [32morg.example.hrmOrange.testcase.ui.admin.OrangeHRM_Admin_TC5_SearchWithInvalidEmployee [37m-[37m [32mEntering Employee Name = manda akhil user
[0m[37m[2025-11-21 21:57:55] [34m[INFO ][37m [32morg.example.hrmOrange.allure.LogUtils [37m-[37m [32mFill input //input[@placeholder='Type for hints...'] with: Invalid Employee XYZ
[0m[37m[2025-11-21 21:57:55] [34m[INFO ][37m [32morg.example.hrmOrange.allure.AllureReportUtils [37m-[37m [32mStarting Allure report generation...
[0m[37m[2025-11-21 21:57:55] [34m[INFO ][37m [32morg.example.hrmOrange.allure.AllureReportUtils [37m-[37m [32mRunning: mvn allure:report
[0m[37m[2025-11-21 21:58:00] [34m[INFO ][37m [32morg.example.hrmOrange.allure.AllureReportUtils [37m-[37m [32mLooking for Allure report at: C:\Users\mytie\IdeaProjects\Playwright_demo\target\site\allure-maven-plugin
[0m[37m[2025-11-21 21:58:00] [34m[WARN ][37m [32morg.example.hrmOrange.allure.AllureReportUtils [37m-[37m [32m⚠️ Allure report directory not found at: C:\Users\mytie\IdeaProjects\Playwright_demo\target\site\allure-maven-plugin
[0m[37m[2025-11-21 21:58:00] [34m[INFO ][37m [32morg.example.hrmOrange.allure.AllureReportUtils [37m-[37m [32mChecking alternative location: target/allure-report
[0m[37m[2025-11-21 21:58:00] [34m[INFO ][37m [32morg.example.hrmOrange.allure.AllureReportUtils [37m-[37m [32mFound report at alternative location: C:\Users\mytie\IdeaProjects\Playwright_demo\target\allure-report
[0m[37m[2025-11-21 21:58:00] [34m[INFO ][37m [32morg.example.hrmOrange.allure.AllureReportUtils [37m-[37m [32mCreated directory reports\2025-11-21\common_215800
[0m[37m[2025-11-21 21:58:00] [34m[INFO ][37m [32morg.example.hrmOrange.allure.AllureReportUtils [37m-[37m [32mCopying report from: C:\Users\mytie\IdeaProjects\Playwright_demo\target\allure-report
[0m[37m[2025-11-21 21:58:00] [34m[INFO ][37m [32morg.example.hrmOrange.allure.AllureReportUtils [37m-[37m [32mCopying report to: C:\Users\mytie\IdeaProjects\Playwright_demo\reports\2025-11-21\common_215800
[0m[37m[2025-11-21 21:58:00] [34m[INFO ][37m [32morg.example.hrmOrange.allure.AllureReportUtils [37m-[37m [32m✅ Report copied successfully!
[0m[37m[2025-11-21 21:58:00] [34m[INFO ][37m [32morg.example.hrmOrange.allure.AllureReportUtils [37m-[37m [32mIndex file created at: C:\Users\mytie\IdeaProjects\Playwright_demo\reports\2025-11-21\index.html
[0m[37m[2025-11-21 21:58:00] [34m[INFO ][37m [32morg.example.hrmOrange.allure.AllureReportUtils [37m-[37m [32m✅ Allure Report generated successfully at: C:\Users\mytie\IdeaProjects\Playwright_demo\reports
[0m[37m[2025-11-21 22:18:38] [34m[DEBUG][37m [32morg.testng.TestNG [37m-[37m [32msuiteXmlPath: "C:\Users\mytie\AppData\Local\JetBrains\IntelliJIdea2025.2\temp-testng-customsuite.xml"
[0m[37m[2025-11-21 22:18:38] [34m[WARN ][37m [32morg.testng.internal.Configuration [37m-[37m [32mDetected a static method [org.example.hrmOrange.common.BaseTest.beforeSuite()]. Static configuration methods can cause unexpected behavior.
[0m[37m[2025-11-21 22:18:38] [34m[WARN ][37m [32morg.testng.internal.Configuration [37m-[37m [32mDetected a static method [org.example.hrmOrange.common.BaseTest.afterSuite()]. Static configuration methods can cause unexpected behavior.
[0m[37m[2025-11-21 22:18:38] [34m[INFO ][37m [32morg.testng.internal.Utils [37m-[37m [32m[TestNG] Running:
  C:\Users\mytie\AppData\Local\JetBrains\IntelliJIdea2025.2\temp-testng-customsuite.xml

[0m[37m[2025-11-21 22:18:38] [34m[INFO ][37m [32morg.example.hrmOrange.allure.AllureReportUtils [37m-[37m [32mRemoved old report
[0m[37m[2025-11-21 22:18:41] [34m[INFO ][37m [32morg.example.hrmOrange.allure.LogUtils [37m-[37m [32mNavigate to URL: https://opensource-demo.orangehrmlive.com/web/index.php/auth/login
[0m[37m[2025-11-21 22:18:45] [34m[INFO ][37m [32morg.example.hrmOrange.testcase.ui.admin.OrangeHRM_Admin_TC5_SearchWithInvalidEmployee [37m-[37m [32mNavigating to login page...
[0m[37m[2025-11-21 22:18:45] [34m[INFO ][37m [32morg.example.hrmOrange.allure.LogUtils [37m-[37m [32mNavigate to URL: https://opensource-demo.orangehrmlive.com/web/index.php/auth/login
[0m[37m[2025-11-21 22:18:46] [34m[INFO ][37m [32morg.example.hrmOrange.testcase.ui.admin.OrangeHRM_Admin_TC5_SearchWithInvalidEmployee [37m-[37m [32mLogging in as Admin...
[0m[37m[2025-11-21 22:18:46] [34m[INFO ][37m [32morg.example.hrmOrange.allure.LogUtils [37m-[37m [32mWait until visible: //input[@name='username']
[0m[37m[2025-11-21 22:18:47] [34m[INFO ][37m [32morg.example.hrmOrange.allure.LogUtils [37m-[37m [32mFill input //input[@name='username'] with: Admin
[0m[37m[2025-11-21 22:18:47] [34m[INFO ][37m [32morg.example.hrmOrange.allure.LogUtils [37m-[37m [32mFill input //input[@name='password'] with: admin123
[0m[37m[2025-11-21 22:18:47] [34m[INFO ][37m [32morg.example.hrmOrange.allure.LogUtils [37m-[37m [32mClick element: //button[@type='submit']
[0m[37m[2025-11-21 22:18:49] [34m[INFO ][37m [32morg.example.hrmOrange.testcase.ui.admin.OrangeHRM_Admin_TC5_SearchWithInvalidEmployee [37m-[37m [32mNavigating to Admin page...
[0m[37m[2025-11-21 22:18:49] [34m[INFO ][37m [32morg.example.hrmOrange.allure.LogUtils [37m-[37m [32mClick element: //span[normalize-space()='Admin']
[0m[37m[2025-11-21 22:18:50] [34m[INFO ][37m [32morg.example.hrmOrange.allure.LogUtils [37m-[37m [32mWait until visible: //label[normalize-space()='Username']/parent::div/following-sibling::div//input
[0m[37m[2025-11-21 22:18:51] [34m[INFO ][37m [32morg.example.hrmOrange.testcase.ui.admin.OrangeHRM_Admin_TC5_SearchWithInvalidEmployee [37m-[37m [32mEntering invalid Employee Name = Invalid Employee XYZ
[0m[37m[2025-11-21 22:18:51] [34m[INFO ][37m [32morg.example.hrmOrange.allure.LogUtils [37m-[37m [32mFill input //input[@placeholder='Type for hints...'] with: Invalid Employee XYZ
[0m[37m[2025-11-21 22:18:51] [34m[INFO ][37m [32morg.example.hrmOrange.testcase.ui.admin.OrangeHRM_Admin_TC5_SearchWithInvalidEmployee [37m-[37m [32mClicking Search...
[0m[37m[2025-11-21 22:18:51] [34m[INFO ][37m [32morg.example.hrmOrange.allure.LogUtils [37m-[37m [32mClick element: //button[normalize-space()='Search']
[0m[37m[2025-11-21 22:18:51] [34m[INFO ][37m [32morg.example.hrmOrange.testcase.ui.admin.OrangeHRM_Admin_TC5_SearchWithInvalidEmployee [37m-[37m [32mVerifying invalid employee name message displayed...
[0m[37m[2025-11-21 22:18:51] [34m[INFO ][37m [32morg.example.hrmOrange.allure.LogUtils [37m-[37m [32mWait until visible: //span[contains(@class, 'oxd-input-field-error-message') and text()='Invalid']
[0m[37m[2025-11-21 22:18:51] [34m[INFO ][37m [32morg.example.hrmOrange.allure.LogUtils [37m-[37m [32mVerify visible: //span[contains(@class, 'oxd-input-field-error-message') and text()='Invalid'] → true
[0m[37m[2025-11-21 22:18:51] [34m[INFO ][37m [32morg.example.hrmOrange.testcase.ui.admin.OrangeHRM_Admin_TC5_SearchWithInvalidEmployee [37m-[37m [32mTestcase passed: Searching with invalid employee name shows no data.
[0m[37m[2025-11-21 22:18:52] [34m[INFO ][37m [32morg.example.hrmOrange.allure.AllureReportUtils [37m-[37m [32mStarting Allure report generation...
[0m[37m[2025-11-21 22:18:52] [34m[INFO ][37m [32morg.example.hrmOrange.allure.AllureReportUtils [37m-[37m [32mRunning: mvn allure:report
[0m[37m[2025-11-21 22:18:58] [34m[INFO ][37m [32morg.example.hrmOrange.allure.AllureReportUtils [37m-[37m [32mLooking for Allure report at: C:\Users\mytie\IdeaProjects\Playwright_demo\target\site\allure-maven-plugin
[0m[37m[2025-11-21 22:18:58] [34m[WARN ][37m [32morg.example.hrmOrange.allure.AllureReportUtils [37m-[37m [32m⚠️ Allure report directory not found at: C:\Users\mytie\IdeaProjects\Playwright_demo\target\site\allure-maven-plugin
[0m[37m[2025-11-21 22:18:58] [34m[INFO ][37m [32morg.example.hrmOrange.allure.AllureReportUtils [37m-[37m [32mChecking alternative location: target/allure-report
[0m[37m[2025-11-21 22:18:58] [34m[INFO ][37m [32morg.example.hrmOrange.allure.AllureReportUtils [37m-[37m [32mFound report at alternative location: C:\Users\mytie\IdeaProjects\Playwright_demo\target\allure-report
[0m[37m[2025-11-21 22:18:58] [34m[INFO ][37m [32morg.example.hrmOrange.allure.AllureReportUtils [37m-[37m [32mCreated directory reports\2025-11-21\common_221858
[0m[37m[2025-11-21 22:18:58] [34m[INFO ][37m [32morg.example.hrmOrange.allure.AllureReportUtils [37m-[37m [32mCopying report from: C:\Users\mytie\IdeaProjects\Playwright_demo\target\allure-report
[0m[37m[2025-11-21 22:18:58] [34m[INFO ][37m [32morg.example.hrmOrange.allure.AllureReportUtils [37m-[37m [32mCopying report to: C:\Users\mytie\IdeaProjects\Playwright_demo\reports\2025-11-21\common_221858
[0m[37m[2025-11-21 22:18:58] [34m[INFO ][37m [32morg.example.hrmOrange.allure.AllureReportUtils [37m-[37m [32m✅ Report copied successfully!
[0m[37m[2025-11-21 22:18:58] [34m[INFO ][37m [32morg.example.hrmOrange.allure.AllureReportUtils [37m-[37m [32mIndex file created at: C:\Users\mytie\IdeaProjects\Playwright_demo\reports\2025-11-21\index.html
[0m[37m[2025-11-21 22:18:58] [34m[INFO ][37m [32morg.example.hrmOrange.allure.AllureReportUtils [37m-[37m [32m✅ Allure Report generated successfully at: C:\Users\mytie\IdeaProjects\Playwright_demo\reports
[0m[37m[2025-11-21 22:19:11] [34m[DEBUG][37m [32morg.testng.TestNG [37m-[37m [32msuiteXmlPath: "C:\Users\mytie\AppData\Local\JetBrains\IntelliJIdea2025.2\temp-testng-customsuite.xml"
[0m[37m[2025-11-21 22:19:12] [34m[WARN ][37m [32morg.testng.internal.Configuration [37m-[37m [32mDetected a static method [org.example.hrmOrange.common.BaseTest.beforeSuite()]. Static configuration methods can cause unexpected behavior.
[0m[37m[2025-11-21 22:19:12] [34m[WARN ][37m [32morg.testng.internal.Configuration [37m-[37m [32mDetected a static method [org.example.hrmOrange.common.BaseTest.afterSuite()]. Static configuration methods can cause unexpected behavior.
[0m[37m[2025-11-21 22:19:12] [34m[INFO ][37m [32morg.testng.internal.Utils [37m-[37m [32m[TestNG] Running:
  C:\Users\mytie\AppData\Local\JetBrains\IntelliJIdea2025.2\temp-testng-customsuite.xml

[0m[37m[2025-11-21 22:19:12] [34m[INFO ][37m [32morg.example.hrmOrange.allure.AllureReportUtils [37m-[37m [32mRemoved old report
[0m[37m[2025-11-21 22:19:18] [34m[INFO ][37m [32morg.example.hrmOrange.allure.LogUtils [37m-[37m [32mNavigate to URL: https://opensource-demo.orangehrmlive.com/web/index.php/auth/login
[0m[37m[2025-11-21 22:19:22] [34m[INFO ][37m [32morg.example.hrmOrange.allure.LogUtils [37m-[37m [32mNavigate to URL: https://opensource-demo.orangehrmlive.com/web/index.php/auth/login
[0m[37m[2025-11-21 22:19:22] [34m[INFO ][37m [32morg.example.hrmOrange.allure.LogUtils [37m-[37m [32mWait until visible: //input[@name='username']
[0m[37m[2025-11-21 22:19:23] [34m[INFO ][37m [32morg.example.hrmOrange.allure.LogUtils [37m-[37m [32mFill input //input[@name='username'] with: Admin
[0m[37m[2025-11-21 22:19:23] [34m[INFO ][37m [32morg.example.hrmOrange.allure.LogUtils [37m-[37m [32mFill input //input[@name='password'] with: admin123
[0m[37m[2025-11-21 22:19:23] [34m[INFO ][37m [32morg.example.hrmOrange.allure.LogUtils [37m-[37m [32mClick element: //button[@type='submit']
[0m[37m[2025-11-21 22:19:24] [34m[INFO ][37m [32morg.example.hrmOrange.allure.LogUtils [37m-[37m [32mWait until visible: //h6[normalize-space()='Dashboard']
[0m[37m[2025-11-21 22:19:25] [34m[INFO ][37m [32morg.example.hrmOrange.allure.LogUtils [37m-[37m [32mVerify visible: //h6[normalize-space()='Dashboard'] → true
[0m[37m[2025-11-21 22:19:25] [34m[INFO ][37m [32morg.example.hrmOrange.allure.AllureReportUtils [37m-[37m [32mStarting Allure report generation...
[0m[37m[2025-11-21 22:19:25] [34m[INFO ][37m [32morg.example.hrmOrange.allure.AllureReportUtils [37m-[37m [32mRunning: mvn allure:report
[0m[37m[2025-11-21 22:19:31] [34m[INFO ][37m [32morg.example.hrmOrange.allure.AllureReportUtils [37m-[37m [32mLooking for Allure report at: C:\Users\mytie\IdeaProjects\Playwright_demo\target\site\allure-maven-plugin
[0m[37m[2025-11-21 22:19:31] [34m[WARN ][37m [32morg.example.hrmOrange.allure.AllureReportUtils [37m-[37m [32m⚠️ Allure report directory not found at: C:\Users\mytie\IdeaProjects\Playwright_demo\target\site\allure-maven-plugin
[0m[37m[2025-11-21 22:19:31] [34m[INFO ][37m [32morg.example.hrmOrange.allure.AllureReportUtils [37m-[37m [32mChecking alternative location: target/allure-report
[0m[37m[2025-11-21 22:19:31] [34m[INFO ][37m [32morg.example.hrmOrange.allure.AllureReportUtils [37m-[37m [32mFound report at alternative location: C:\Users\mytie\IdeaProjects\Playwright_demo\target\allure-report
[0m[37m[2025-11-21 22:19:31] [34m[INFO ][37m [32morg.example.hrmOrange.allure.AllureReportUtils [37m-[37m [32mCreated directory reports\2025-11-21\common_221931
[0m[37m[2025-11-21 22:19:31] [34m[INFO ][37m [32morg.example.hrmOrange.allure.AllureReportUtils [37m-[37m [32mCopying report from: C:\Users\mytie\IdeaProjects\Playwright_demo\target\allure-report
[0m[37m[2025-11-21 22:19:31] [34m[INFO ][37m [32morg.example.hrmOrange.allure.AllureReportUtils [37m-[37m [32mCopying report to: C:\Users\mytie\IdeaProjects\Playwright_demo\reports\2025-11-21\common_221931
[0m[37m[2025-11-21 22:19:31] [34m[INFO ][37m [32morg.example.hrmOrange.allure.AllureReportUtils [37m-[37m [32m✅ Report copied successfully!
[0m[37m[2025-11-21 22:19:31] [34m[INFO ][37m [32morg.example.hrmOrange.allure.AllureReportUtils [37m-[37m [32mIndex file created at: C:\Users\mytie\IdeaProjects\Playwright_demo\reports\2025-11-21\index.html
[0m[37m[2025-11-21 22:19:31] [34m[INFO ][37m [32morg.example.hrmOrange.allure.AllureReportUtils [37m-[37m [32m✅ Allure Report generated successfully at: C:\Users\mytie\IdeaProjects\Playwright_demo\reports
[0m[37m[2025-11-21 22:24:11] [34m[DEBUG][37m [32morg.testng.TestNG [37m-[37m [32msuiteXmlPath: "C:\Users\mytie\AppData\Local\JetBrains\IntelliJIdea2025.2\temp-testng-customsuite.xml"
[0m[37m[2025-11-21 22:24:11] [34m[WARN ][37m [32morg.testng.internal.Configuration [37m-[37m [32mDetected a static method [org.example.hrmOrange.common.BaseTest.beforeSuite()]. Static configuration methods can cause unexpected behavior.
[0m[37m[2025-11-21 22:24:11] [34m[WARN ][37m [32morg.testng.internal.Configuration [37m-[37m [32mDetected a static method [org.example.hrmOrange.common.BaseTest.afterSuite()]. Static configuration methods can cause unexpected behavior.
[0m[37m[2025-11-21 22:24:11] [34m[INFO ][37m [32morg.testng.internal.Utils [37m-[37m [32m[TestNG] Running:
  C:\Users\mytie\AppData\Local\JetBrains\IntelliJIdea2025.2\temp-testng-customsuite.xml

[0m[37m[2025-11-21 22:24:11] [34m[INFO ][37m [32morg.example.hrmOrange.allure.AllureReportUtils [37m-[37m [32mRemoved old report
[0m[37m[2025-11-21 22:24:14] [34m[INFO ][37m [32morg.example.hrmOrange.allure.LogUtils [37m-[37m [32mNavigate to URL: https://opensource-demo.orangehrmlive.com/web/index.php/auth/login
[0m[37m[2025-11-21 22:24:19] [34m[INFO ][37m [32morg.example.hrmOrange.allure.LogUtils [37m-[37m [32mNavigate to URL: https://opensource-demo.orangehrmlive.com/web/index.php/auth/login
[0m[37m[2025-11-21 22:24:19] [34m[INFO ][37m [32morg.example.hrmOrange.allure.LogUtils [37m-[37m [32mWait until visible: //input[@name='username']
[0m[37m[2025-11-21 22:24:20] [34m[INFO ][37m [32morg.example.hrmOrange.allure.LogUtils [37m-[37m [32mFill input //input[@name='username'] with: Admin
[0m[37m[2025-11-21 22:24:20] [34m[INFO ][37m [32morg.example.hrmOrange.allure.LogUtils [37m-[37m [32mFill input //input[@name='password'] with: admin123
[0m[37m[2025-11-21 22:24:20] [34m[INFO ][37m [32morg.example.hrmOrange.allure.LogUtils [37m-[37m [32mClick element: //button[@type='submit']
[0m[37m[2025-11-21 22:24:22] [34m[INFO ][37m [32morg.example.hrmOrange.allure.LogUtils [37m-[37m [32mWait until visible: //h6[normalize-space()='Dashboard']
[0m[37m[2025-11-21 22:24:23] [34m[INFO ][37m [32morg.example.hrmOrange.allure.LogUtils [37m-[37m [32mVerify visible: //h6[normalize-space()='Dashboard'] → true
[0m[37m[2025-11-21 22:24:23] [34m[INFO ][37m [32morg.example.hrmOrange.allure.LogUtils [37m-[37m [32mClick element: //span[normalize-space()='Admin']
[0m[37m[2025-11-21 22:24:23] [34m[INFO ][37m [32morg.example.hrmOrange.allure.LogUtils [37m-[37m [32mWait until visible: //label[normalize-space()='Username']/parent::div/following-sibling::div//input
[0m[37m[2025-11-21 22:24:25] [34m[INFO ][37m [32morg.example.hrmOrange.allure.LogUtils [37m-[37m [32mFill input //input[@placeholder='Type for hints...'] with: Invalid Employee XYZ
[0m[37m[2025-11-21 22:24:25] [34m[INFO ][37m [32morg.example.hrmOrange.allure.LogUtils [37m-[37m [32mClick element: //button[normalize-space()='Search']
[0m[37m[2025-11-21 22:24:25] [34m[INFO ][37m [32morg.example.hrmOrange.allure.LogUtils [37m-[37m [32mWait until visible: //span[contains(@class, 'oxd-input-field-error-message') and text()='Invalid']
[0m[37m[2025-11-21 22:24:25] [34m[INFO ][37m [32morg.example.hrmOrange.allure.LogUtils [37m-[37m [32mVerify visible: //span[contains(@class, 'oxd-input-field-error-message') and text()='Invalid'] → true
[0m[37m[2025-11-21 22:24:25] [34m[INFO ][37m [32morg.example.hrmOrange.allure.AllureReportUtils [37m-[37m [32mStarting Allure report generation...
[0m[37m[2025-11-21 22:24:25] [34m[INFO ][37m [32morg.example.hrmOrange.allure.AllureReportUtils [37m-[37m [32mRunning: mvn allure:report
[0m[37m[2025-11-21 22:24:31] [34m[INFO ][37m [32morg.example.hrmOrange.allure.AllureReportUtils [37m-[37m [32mLooking for Allure report at: C:\Users\mytie\IdeaProjects\Playwright_demo\target\site\allure-maven-plugin
[0m[37m[2025-11-21 22:24:31] [34m[WARN ][37m [32morg.example.hrmOrange.allure.AllureReportUtils [37m-[37m [32m⚠️ Allure report directory not found at: C:\Users\mytie\IdeaProjects\Playwright_demo\target\site\allure-maven-plugin
[0m[37m[2025-11-21 22:24:31] [34m[INFO ][37m [32morg.example.hrmOrange.allure.AllureReportUtils [37m-[37m [32mChecking alternative location: target/allure-report
[0m[37m[2025-11-21 22:24:31] [34m[INFO ][37m [32morg.example.hrmOrange.allure.AllureReportUtils [37m-[37m [32mFound report at alternative location: C:\Users\mytie\IdeaProjects\Playwright_demo\target\allure-report
[0m[37m[2025-11-21 22:24:31] [34m[INFO ][37m [32morg.example.hrmOrange.allure.AllureReportUtils [37m-[37m [32mCreated directory reports\2025-11-21\common_222431
[0m[37m[2025-11-21 22:24:31] [34m[INFO ][37m [32morg.example.hrmOrange.allure.AllureReportUtils [37m-[37m [32mCopying report from: C:\Users\mytie\IdeaProjects\Playwright_demo\target\allure-report
[0m[37m[2025-11-21 22:24:31] [34m[INFO ][37m [32morg.example.hrmOrange.allure.AllureReportUtils [37m-[37m [32mCopying report to: C:\Users\mytie\IdeaProjects\Playwright_demo\reports\2025-11-21\common_222431
[0m[37m[2025-11-21 22:24:31] [34m[INFO ][37m [32morg.example.hrmOrange.allure.AllureReportUtils [37m-[37m [32m✅ Report copied successfully!
[0m[37m[2025-11-21 22:24:31] [34m[INFO ][37m [32morg.example.hrmOrange.allure.AllureReportUtils [37m-[37m [32mIndex file created at: C:\Users\mytie\IdeaProjects\Playwright_demo\reports\2025-11-21\index.html
[0m[37m[2025-11-21 22:24:31] [34m[INFO ][37m [32morg.example.hrmOrange.allure.AllureReportUtils [37m-[37m [32m✅ Allure Report generated successfully at: C:\Users\mytie\IdeaProjects\Playwright_demo\reports
[0m[37m[2025-11-21 22:26:24] [34m[DEBUG][37m [32morg.testng.TestNG [37m-[37m [32msuiteXmlPath: "C:\Users\mytie\AppData\Local\JetBrains\IntelliJIdea2025.2\temp-testng-customsuite.xml"
[0m[37m[2025-11-21 22:26:24] [34m[WARN ][37m [32morg.testng.internal.Configuration [37m-[37m [32mDetected a static method [org.example.hrmOrange.common.BaseTest.beforeSuite()]. Static configuration methods can cause unexpected behavior.
[0m[37m[2025-11-21 22:26:24] [34m[WARN ][37m [32morg.testng.internal.Configuration [37m-[37m [32mDetected a static method [org.example.hrmOrange.common.BaseTest.afterSuite()]. Static configuration methods can cause unexpected behavior.
[0m[37m[2025-11-21 22:26:24] [34m[INFO ][37m [32morg.testng.internal.Utils [37m-[37m [32m[TestNG] Running:
  C:\Users\mytie\AppData\Local\JetBrains\IntelliJIdea2025.2\temp-testng-customsuite.xml

[0m[37m[2025-11-21 22:26:24] [34m[INFO ][37m [32morg.example.hrmOrange.allure.AllureReportUtils [37m-[37m [32mRemoved old report
[0m[37m[2025-11-21 22:26:27] [34m[INFO ][37m [32morg.example.hrmOrange.allure.LogUtils [37m-[37m [32mNavigate to URL: https://opensource-demo.orangehrmlive.com/web/index.php/auth/login
[0m[37m[2025-11-21 22:26:30] [34m[INFO ][37m [32morg.example.hrmOrange.allure.LogUtils [37m-[37m [32mNavigate to URL: https://opensource-demo.orangehrmlive.com/web/index.php/auth/login
[0m[37m[2025-11-21 22:26:31] [34m[INFO ][37m [32morg.example.hrmOrange.allure.LogUtils [37m-[37m [32mWait until visible: //input[@name='username']
[0m[37m[2025-11-21 22:26:32] [34m[INFO ][37m [32morg.example.hrmOrange.allure.LogUtils [37m-[37m [32mFill input //input[@name='username'] with: Admin
[0m[37m[2025-11-21 22:26:32] [34m[INFO ][37m [32morg.example.hrmOrange.allure.LogUtils [37m-[37m [32mFill input //input[@name='password'] with: admin123
[0m[37m[2025-11-21 22:26:32] [34m[INFO ][37m [32morg.example.hrmOrange.allure.LogUtils [37m-[37m [32mClick element: //button[@type='submit']
[0m[37m[2025-11-21 22:26:33] [34m[INFO ][37m [32morg.example.hrmOrange.allure.LogUtils [37m-[37m [32mWait until visible: //h6[normalize-space()='Dashboard']
[0m[37m[2025-11-21 22:26:34] [34m[INFO ][37m [32morg.example.hrmOrange.allure.LogUtils [37m-[37m [32mVerify visible: //h6[normalize-space()='Dashboard'] → true
[0m[37m[2025-11-21 22:26:34] [34m[INFO ][37m [32morg.example.hrmOrange.allure.LogUtils [37m-[37m [32mClick element: //span[normalize-space()='Admin']
[0m[37m[2025-11-21 22:26:36] [34m[INFO ][37m [32morg.example.hrmOrange.allure.LogUtils [37m-[37m [32mWait until visible: //label[normalize-space()='Username']/parent::div/following-sibling::div//input
[0m[37m[2025-11-21 22:26:37] [34m[INFO ][37m [32morg.example.hrmOrange.allure.LogUtils [37m-[37m [32mFill input //label[normalize-space()='Username']/parent::div/following-sibling::div//input with: Admin
[0m[37m[2025-11-21 22:26:37] [34m[INFO ][37m [32morg.example.hrmOrange.allure.LogUtils [37m-[37m [32mClick element: //button[normalize-space()='Search']
[0m[37m[2025-11-21 22:26:37] [34m[INFO ][37m [32morg.example.hrmOrange.allure.LogUtils [37m-[37m [32mWait until visible: //div[@role='table'] | //span[normalize-space()='No Records Found']
[0m[37m[2025-11-21 22:26:37] [34m[INFO ][37m [32morg.example.hrmOrange.allure.LogUtils [37m-[37m [32mClick element: //label[normalize-space()='User Role']/following::div[contains(@class,'oxd-select-text--after')][1]
[0m[37m[2025-11-21 22:26:37] [34m[INFO ][37m [32morg.example.hrmOrange.allure.LogUtils [37m-[37m [32mClick element: //div[@role='option']//span[normalize-space()='ESS']
[0m[37m[2025-11-21 22:26:37] [34m[INFO ][37m [32morg.example.hrmOrange.allure.LogUtils [37m-[37m [32mFill input //input[@placeholder='Type for hints...'] with: manda user
[0m[37m[2025-11-21 22:26:37] [34m[INFO ][37m [32morg.example.hrmOrange.allure.AllureReportUtils [37m-[37m [32mStarting Allure report generation...
[0m[37m[2025-11-21 22:26:37] [34m[INFO ][37m [32morg.example.hrmOrange.allure.AllureReportUtils [37m-[37m [32mRunning: mvn allure:report
[0m[37m[2025-11-21 22:26:43] [34m[INFO ][37m [32morg.example.hrmOrange.allure.AllureReportUtils [37m-[37m [32mLooking for Allure report at: C:\Users\mytie\IdeaProjects\Playwright_demo\target\site\allure-maven-plugin
[0m[37m[2025-11-21 22:26:43] [34m[WARN ][37m [32morg.example.hrmOrange.allure.AllureReportUtils [37m-[37m [32m⚠️ Allure report directory not found at: C:\Users\mytie\IdeaProjects\Playwright_demo\target\site\allure-maven-plugin
[0m[37m[2025-11-21 22:26:43] [34m[INFO ][37m [32morg.example.hrmOrange.allure.AllureReportUtils [37m-[37m [32mChecking alternative location: target/allure-report
[0m[37m[2025-11-21 22:26:43] [34m[INFO ][37m [32morg.example.hrmOrange.allure.AllureReportUtils [37m-[37m [32mFound report at alternative location: C:\Users\mytie\IdeaProjects\Playwright_demo\target\allure-report
[0m[37m[2025-11-21 22:26:43] [34m[INFO ][37m [32morg.example.hrmOrange.allure.AllureReportUtils [37m-[37m [32mCreated directory reports\2025-11-21\common_222643
[0m[37m[2025-11-21 22:26:43] [34m[INFO ][37m [32morg.example.hrmOrange.allure.AllureReportUtils [37m-[37m [32mCopying report from: C:\Users\mytie\IdeaProjects\Playwright_demo\target\allure-report
[0m[37m[2025-11-21 22:26:43] [34m[INFO ][37m [32morg.example.hrmOrange.allure.AllureReportUtils [37m-[37m [32mCopying report to: C:\Users\mytie\IdeaProjects\Playwright_demo\reports\2025-11-21\common_222643
[0m[37m[2025-11-21 22:26:43] [34m[INFO ][37m [32morg.example.hrmOrange.allure.AllureReportUtils [37m-[37m [32m✅ Report copied successfully!
[0m[37m[2025-11-21 22:26:43] [34m[INFO ][37m [32morg.example.hrmOrange.allure.AllureReportUtils [37m-[37m [32mIndex file created at: C:\Users\mytie\IdeaProjects\Playwright_demo\reports\2025-11-21\index.html
[0m[37m[2025-11-21 22:26:43] [34m[INFO ][37m [32morg.example.hrmOrange.allure.AllureReportUtils [37m-[37m [32m✅ Allure Report generated successfully at: C:\Users\mytie\IdeaProjects\Playwright_demo\reports
[0m[37m[2025-11-21 22:27:56] [34m[DEBUG][37m [32morg.testng.TestNG [37m-[37m [32msuiteXmlPath: "C:\Users\mytie\AppData\Local\JetBrains\IntelliJIdea2025.2\temp-testng-customsuite.xml"
[0m[37m[2025-11-21 22:27:56] [34m[WARN ][37m [32morg.testng.internal.Configuration [37m-[37m [32mDetected a static method [org.example.hrmOrange.common.BaseTest.beforeSuite()]. Static configuration methods can cause unexpected behavior.
[0m[37m[2025-11-21 22:27:56] [34m[WARN ][37m [32morg.testng.internal.Configuration [37m-[37m [32mDetected a static method [org.example.hrmOrange.common.BaseTest.afterSuite()]. Static configuration methods can cause unexpected behavior.
[0m[37m[2025-11-21 22:27:56] [34m[INFO ][37m [32morg.testng.internal.Utils [37m-[37m [32m[TestNG] Running:
  C:\Users\mytie\AppData\Local\JetBrains\IntelliJIdea2025.2\temp-testng-customsuite.xml

[0m[37m[2025-11-21 22:27:56] [34m[INFO ][37m [32morg.example.hrmOrange.allure.AllureReportUtils [37m-[37m [32mRemoved old report
[0m[37m[2025-11-21 22:27:59] [34m[INFO ][37m [32morg.example.hrmOrange.allure.LogUtils [37m-[37m [32mNavigate to URL: https://opensource-demo.orangehrmlive.com/web/index.php/auth/login
[0m[37m[2025-11-21 22:28:02] [34m[INFO ][37m [32morg.example.hrmOrange.allure.LogUtils [37m-[37m [32mNavigate to URL: https://opensource-demo.orangehrmlive.com/web/index.php/auth/login
[0m[37m[2025-11-21 22:28:03] [34m[INFO ][37m [32morg.example.hrmOrange.allure.LogUtils [37m-[37m [32mWait until visible: //input[@name='username']
[0m[37m[2025-11-21 22:28:04] [34m[INFO ][37m [32morg.example.hrmOrange.allure.LogUtils [37m-[37m [32mFill input //input[@name='username'] with: Admin
[0m[37m[2025-11-21 22:28:04] [34m[INFO ][37m [32morg.example.hrmOrange.allure.LogUtils [37m-[37m [32mFill input //input[@name='password'] with: admin123
[0m[37m[2025-11-21 22:28:04] [34m[INFO ][37m [32morg.example.hrmOrange.allure.LogUtils [37m-[37m [32mClick element: //button[@type='submit']
[0m[37m[2025-11-21 22:28:05] [34m[INFO ][37m [32morg.example.hrmOrange.allure.LogUtils [37m-[37m [32mWait until visible: //h6[normalize-space()='Dashboard']
[0m[37m[2025-11-21 22:28:06] [34m[INFO ][37m [32morg.example.hrmOrange.allure.LogUtils [37m-[37m [32mVerify visible: //h6[normalize-space()='Dashboard'] → true
[0m[37m[2025-11-21 22:28:06] [34m[INFO ][37m [32morg.example.hrmOrange.allure.LogUtils [37m-[37m [32mClick element: //span[normalize-space()='Admin']
[0m[37m[2025-11-21 22:28:07] [34m[INFO ][37m [32morg.example.hrmOrange.allure.LogUtils [37m-[37m [32mWait until visible: //label[normalize-space()='Username']/parent::div/following-sibling::div//input
[0m[37m[2025-11-21 22:28:08] [34m[INFO ][37m [32morg.example.hrmOrange.allure.LogUtils [37m-[37m [32mFill input //label[normalize-space()='Username']/parent::div/following-sibling::div//input with: Admin
[0m[37m[2025-11-21 22:28:08] [34m[INFO ][37m [32morg.example.hrmOrange.allure.LogUtils [37m-[37m [32mClick element: //button[normalize-space()='Search']
[0m[37m[2025-11-21 22:28:08] [34m[INFO ][37m [32morg.example.hrmOrange.allure.LogUtils [37m-[37m [32mWait until visible: //div[@role='table'] | //span[normalize-space()='No Records Found']
[0m[37m[2025-11-21 22:28:08] [34m[INFO ][37m [32morg.example.hrmOrange.allure.LogUtils [37m-[37m [32mClick element: //label[normalize-space()='User Role']/following::div[contains(@class,'oxd-select-text--after')][1]
[0m[37m[2025-11-21 22:28:08] [34m[INFO ][37m [32morg.example.hrmOrange.allure.LogUtils [37m-[37m [32mClick element: //div[@role='option']//span[normalize-space()='ESS']
[0m[37m[2025-11-21 22:28:08] [34m[INFO ][37m [32morg.example.hrmOrange.allure.LogUtils [37m-[37m [32mFill input //input[@placeholder='Type for hints...'] with: manda user
[0m[37m[2025-11-21 22:28:08] [34m[INFO ][37m [32morg.example.hrmOrange.allure.AllureReportUtils [37m-[37m [32mStarting Allure report generation...
[0m[37m[2025-11-21 22:28:08] [34m[INFO ][37m [32morg.example.hrmOrange.allure.AllureReportUtils [37m-[37m [32mRunning: mvn allure:report
[0m[37m[2025-11-21 22:28:13] [34m[INFO ][37m [32morg.example.hrmOrange.allure.AllureReportUtils [37m-[37m [32mLooking for Allure report at: C:\Users\mytie\IdeaProjects\Playwright_demo\target\site\allure-maven-plugin
[0m[37m[2025-11-21 22:28:13] [34m[WARN ][37m [32morg.example.hrmOrange.allure.AllureReportUtils [37m-[37m [32m⚠️ Allure report directory not found at: C:\Users\mytie\IdeaProjects\Playwright_demo\target\site\allure-maven-plugin
[0m[37m[2025-11-21 22:28:13] [34m[INFO ][37m [32morg.example.hrmOrange.allure.AllureReportUtils [37m-[37m [32mChecking alternative location: target/allure-report
[0m[37m[2025-11-21 22:28:13] [34m[INFO ][37m [32morg.example.hrmOrange.allure.AllureReportUtils [37m-[37m [32mFound report at alternative location: C:\Users\mytie\IdeaProjects\Playwright_demo\target\allure-report
[0m[37m[2025-11-21 22:28:13] [34m[INFO ][37m [32morg.example.hrmOrange.allure.AllureReportUtils [37m-[37m [32mCreated directory reports\2025-11-21\common_222813
[0m[37m[2025-11-21 22:28:13] [34m[INFO ][37m [32morg.example.hrmOrange.allure.AllureReportUtils [37m-[37m [32mCopying report from: C:\Users\mytie\IdeaProjects\Playwright_demo\target\allure-report
[0m[37m[2025-11-21 22:28:13] [34m[INFO ][37m [32morg.example.hrmOrange.allure.AllureReportUtils [37m-[37m [32mCopying report to: C:\Users\mytie\IdeaProjects\Playwright_demo\reports\2025-11-21\common_222813
[0m[37m[2025-11-21 22:28:13] [34m[INFO ][37m [32morg.example.hrmOrange.allure.AllureReportUtils [37m-[37m [32m✅ Report copied successfully!
[0m[37m[2025-11-21 22:28:13] [34m[INFO ][37m [32morg.example.hrmOrange.allure.AllureReportUtils [37m-[37m [32mIndex file created at: C:\Users\mytie\IdeaProjects\Playwright_demo\reports\2025-11-21\index.html
[0m[37m[2025-11-21 22:28:13] [34m[INFO ][37m [32morg.example.hrmOrange.allure.AllureReportUtils [37m-[37m [32m✅ Allure Report generated successfully at: C:\Users\mytie\IdeaProjects\Playwright_demo\reports
[0m[37m[2025-11-21 22:30:17] [34m[DEBUG][37m [32morg.testng.TestNG [37m-[37m [32msuiteXmlPath: "C:\Users\mytie\AppData\Local\JetBrains\IntelliJIdea2025.2\temp-testng-customsuite.xml"
[0m[37m[2025-11-21 22:30:17] [34m[WARN ][37m [32morg.testng.internal.Configuration [37m-[37m [32mDetected a static method [org.example.hrmOrange.common.BaseTest.beforeSuite()]. Static configuration methods can cause unexpected behavior.
[0m[37m[2025-11-21 22:30:17] [34m[WARN ][37m [32morg.testng.internal.Configuration [37m-[37m [32mDetected a static method [org.example.hrmOrange.common.BaseTest.afterSuite()]. Static configuration methods can cause unexpected behavior.
[0m[37m[2025-11-21 22:30:17] [34m[INFO ][37m [32morg.testng.internal.Utils [37m-[37m [32m[TestNG] Running:
  C:\Users\mytie\AppData\Local\JetBrains\IntelliJIdea2025.2\temp-testng-customsuite.xml

[0m[37m[2025-11-21 22:30:17] [34m[INFO ][37m [32morg.example.hrmOrange.allure.AllureReportUtils [37m-[37m [32mRemoved old report
[0m[37m[2025-11-21 22:30:20] [34m[INFO ][37m [32morg.example.hrmOrange.allure.LogUtils [37m-[37m [32mNavigate to URL: https://opensource-demo.orangehrmlive.com/web/index.php/auth/login
[0m[37m[2025-11-21 22:30:24] [34m[INFO ][37m [32morg.example.hrmOrange.allure.LogUtils [37m-[37m [32mNavigate to URL: https://opensource-demo.orangehrmlive.com/web/index.php/auth/login
[0m[37m[2025-11-21 22:30:25] [34m[INFO ][37m [32morg.example.hrmOrange.allure.LogUtils [37m-[37m [32mWait until visible: //input[@name='username']
[0m[37m[2025-11-21 22:30:27] [34m[INFO ][37m [32morg.example.hrmOrange.allure.LogUtils [37m-[37m [32mFill input //input[@name='username'] with: Admin
[0m[37m[2025-11-21 22:30:27] [34m[INFO ][37m [32morg.example.hrmOrange.allure.LogUtils [37m-[37m [32mFill input //input[@name='password'] with: admin123
[0m[37m[2025-11-21 22:30:27] [34m[INFO ][37m [32morg.example.hrmOrange.allure.LogUtils [37m-[37m [32mClick element: //button[@type='submit']
[0m[37m[2025-11-21 22:30:29] [34m[INFO ][37m [32morg.example.hrmOrange.allure.LogUtils [37m-[37m [32mWait until visible: //h6[normalize-space()='Dashboard']
[0m[37m[2025-11-21 22:30:30] [34m[INFO ][37m [32morg.example.hrmOrange.allure.LogUtils [37m-[37m [32mVerify visible: //h6[normalize-space()='Dashboard'] → true
[0m[37m[2025-11-21 22:30:30] [34m[INFO ][37m [32morg.example.hrmOrange.allure.LogUtils [37m-[37m [32mClick element: //span[normalize-space()='Admin']
[0m[37m[2025-11-21 22:30:31] [34m[INFO ][37m [32morg.example.hrmOrange.allure.LogUtils [37m-[37m [32mWait until visible: //label[normalize-space()='Username']/parent::div/following-sibling::div//input
[0m[37m[2025-11-21 22:30:32] [34m[INFO ][37m [32morg.example.hrmOrange.allure.LogUtils [37m-[37m [32mFill input //label[normalize-space()='Username']/parent::div/following-sibling::div//input with: Admin
[0m[37m[2025-11-21 22:30:32] [34m[INFO ][37m [32morg.example.hrmOrange.allure.LogUtils [37m-[37m [32mClick element: //button[normalize-space()='Search']
[0m[37m[2025-11-21 22:30:32] [34m[INFO ][37m [32morg.example.hrmOrange.allure.LogUtils [37m-[37m [32mWait until visible: //div[@role='table'] | //span[normalize-space()='No Records Found']
[0m[37m[2025-11-21 22:30:32] [34m[INFO ][37m [32morg.example.hrmOrange.allure.LogUtils [37m-[37m [32mClick element: //label[normalize-space()='User Role']/following::div[contains(@class,'oxd-select-text--after')][1]
[0m[37m[2025-11-21 22:30:32] [34m[INFO ][37m [32morg.example.hrmOrange.allure.LogUtils [37m-[37m [32mClick element: //div[@role='option']//span[normalize-space()='ESS']
[0m[37m[2025-11-21 22:30:32] [34m[INFO ][37m [32morg.example.hrmOrange.allure.LogUtils [37m-[37m [32mFill input //input[@placeholder='Type for hints...'] with: sampletest samplelast
[0m[37m[2025-11-21 22:30:32] [34m[INFO ][37m [32morg.example.hrmOrange.allure.AllureReportUtils [37m-[37m [32mStarting Allure report generation...
[0m[37m[2025-11-21 22:30:32] [34m[INFO ][37m [32morg.example.hrmOrange.allure.AllureReportUtils [37m-[37m [32mRunning: mvn allure:report
[0m[37m[2025-11-21 22:30:39] [34m[INFO ][37m [32morg.example.hrmOrange.allure.AllureReportUtils [37m-[37m [32mLooking for Allure report at: C:\Users\mytie\IdeaProjects\Playwright_demo\target\site\allure-maven-plugin
[0m[37m[2025-11-21 22:30:39] [34m[WARN ][37m [32morg.example.hrmOrange.allure.AllureReportUtils [37m-[37m [32m⚠️ Allure report directory not found at: C:\Users\mytie\IdeaProjects\Playwright_demo\target\site\allure-maven-plugin
[0m[37m[2025-11-21 22:30:39] [34m[INFO ][37m [32morg.example.hrmOrange.allure.AllureReportUtils [37m-[37m [32mChecking alternative location: target/allure-report
[0m[37m[2025-11-21 22:30:39] [34m[INFO ][37m [32morg.example.hrmOrange.allure.AllureReportUtils [37m-[37m [32mFound report at alternative location: C:\Users\mytie\IdeaProjects\Playwright_demo\target\allure-report
[0m[37m[2025-11-21 22:30:39] [34m[INFO ][37m [32morg.example.hrmOrange.allure.AllureReportUtils [37m-[37m [32mCreated directory reports\2025-11-21\common_223039
[0m[37m[2025-11-21 22:30:39] [34m[INFO ][37m [32morg.example.hrmOrange.allure.AllureReportUtils [37m-[37m [32mCopying report from: C:\Users\mytie\IdeaProjects\Playwright_demo\target\allure-report
[0m[37m[2025-11-21 22:30:39] [34m[INFO ][37m [32morg.example.hrmOrange.allure.AllureReportUtils [37m-[37m [32mCopying report to: C:\Users\mytie\IdeaProjects\Playwright_demo\reports\2025-11-21\common_223039
[0m[37m[2025-11-21 22:30:39] [34m[INFO ][37m [32morg.example.hrmOrange.allure.AllureReportUtils [37m-[37m [32m✅ Report copied successfully!
[0m[37m[2025-11-21 22:30:39] [34m[INFO ][37m [32morg.example.hrmOrange.allure.AllureReportUtils [37m-[37m [32mIndex file created at: C:\Users\mytie\IdeaProjects\Playwright_demo\reports\2025-11-21\index.html
[0m[37m[2025-11-21 22:30:39] [34m[INFO ][37m [32morg.example.hrmOrange.allure.AllureReportUtils [37m-[37m [32m✅ Allure Report generated successfully at: C:\Users\mytie\IdeaProjects\Playwright_demo\reports
[0m[37m[2025-11-21 22:35:16] [34m[DEBUG][37m [32morg.testng.TestNG [37m-[37m [32msuiteXmlPath: "C:\Users\mytie\AppData\Local\JetBrains\IntelliJIdea2025.2\temp-testng-customsuite.xml"
[0m[37m[2025-11-21 22:35:17] [34m[WARN ][37m [32morg.testng.internal.Configuration [37m-[37m [32mDetected a static method [org.example.hrmOrange.common.BaseTest.beforeSuite()]. Static configuration methods can cause unexpected behavior.
[0m[37m[2025-11-21 22:35:17] [34m[WARN ][37m [32morg.testng.internal.Configuration [37m-[37m [32mDetected a static method [org.example.hrmOrange.common.BaseTest.afterSuite()]. Static configuration methods can cause unexpected behavior.
[0m[37m[2025-11-21 22:35:17] [34m[INFO ][37m [32morg.testng.internal.Utils [37m-[37m [32m[TestNG] Running:
  C:\Users\mytie\AppData\Local\JetBrains\IntelliJIdea2025.2\temp-testng-customsuite.xml

[0m[37m[2025-11-21 22:35:17] [34m[INFO ][37m [32morg.example.hrmOrange.allure.AllureReportUtils [37m-[37m [32mRemoved old report
[0m[37m[2025-11-21 22:35:20] [34m[INFO ][37m [32morg.example.hrmOrange.allure.LogUtils [37m-[37m [32mNavigate to URL: https://opensource-demo.orangehrmlive.com/web/index.php/auth/login
[0m[37m[2025-11-21 22:35:23] [34m[INFO ][37m [32morg.example.hrmOrange.allure.LogUtils [37m-[37m [32mNavigate to URL: https://opensource-demo.orangehrmlive.com/web/index.php/auth/login
[0m[37m[2025-11-21 22:35:24] [34m[INFO ][37m [32morg.example.hrmOrange.allure.LogUtils [37m-[37m [32mWait until visible: //input[@name='username']
[0m[37m[2025-11-21 22:35:26] [34m[INFO ][37m [32morg.example.hrmOrange.allure.LogUtils [37m-[37m [32mFill input //input[@name='username'] with: Admin
[0m[37m[2025-11-21 22:35:26] [34m[INFO ][37m [32morg.example.hrmOrange.allure.LogUtils [37m-[37m [32mFill input //input[@name='password'] with: admin123
[0m[37m[2025-11-21 22:35:26] [34m[INFO ][37m [32morg.example.hrmOrange.allure.LogUtils [37m-[37m [32mClick element: //button[@type='submit']
[0m[37m[2025-11-21 22:35:28] [34m[INFO ][37m [32morg.example.hrmOrange.allure.LogUtils [37m-[37m [32mWait until visible: //h6[normalize-space()='Dashboard']
[0m[37m[2025-11-21 22:35:29] [34m[INFO ][37m [32morg.example.hrmOrange.allure.LogUtils [37m-[37m [32mVerify visible: //h6[normalize-space()='Dashboard'] → true
[0m[37m[2025-11-21 22:35:29] [34m[INFO ][37m [32morg.example.hrmOrange.allure.LogUtils [37m-[37m [32mClick element: //span[normalize-space()='Admin']
[0m[37m[2025-11-21 22:35:30] [34m[INFO ][37m [32morg.example.hrmOrange.allure.LogUtils [37m-[37m [32mWait until visible: //label[normalize-space()='Username']/parent::div/following-sibling::div//input
[0m[37m[2025-11-21 22:35:32] [34m[INFO ][37m [32morg.example.hrmOrange.allure.LogUtils [37m-[37m [32mFill input //label[normalize-space()='Username']/parent::div/following-sibling::div//input with: Admin
[0m[37m[2025-11-21 22:35:32] [34m[INFO ][37m [32morg.example.hrmOrange.allure.LogUtils [37m-[37m [32mClick element: //button[normalize-space()='Search']
[0m[37m[2025-11-21 22:35:32] [34m[INFO ][37m [32morg.example.hrmOrange.allure.LogUtils [37m-[37m [32mWait until visible: //div[@role='table'] | //span[normalize-space()='No Records Found']
[0m[37m[2025-11-21 22:35:32] [34m[INFO ][37m [32morg.example.hrmOrange.allure.LogUtils [37m-[37m [32mClick element: //label[normalize-space()='User Role']/following::div[contains(@class,'oxd-select-text--after')][1]
[0m[37m[2025-11-21 22:35:32] [34m[INFO ][37m [32morg.example.hrmOrange.allure.LogUtils [37m-[37m [32mClick element: //div[@role='option']//span[normalize-space()='ESS']
[0m[37m[2025-11-21 22:35:32] [34m[INFO ][37m [32morg.example.hrmOrange.allure.LogUtils [37m-[37m [32mFill input //input[@placeholder='Type for hints...'] with: 
[0m[37m[2025-11-21 22:35:32] [34m[INFO ][37m [32morg.example.hrmOrange.allure.LogUtils [37m-[37m [32mFill input //input[@placeholder='Type for hints...'] with: sampletest samplelast
[0m[37m[2025-11-21 22:35:32] [34m[INFO ][37m [32morg.example.hrmOrange.allure.LogUtils [37m-[37m [32mWait until visible: //div[@role='listbox']
[0m[37m[2025-11-21 22:35:32] [34m[INFO ][37m [32morg.example.hrmOrange.allure.AllureReportUtils [37m-[37m [32mStarting Allure report generation...
[0m[37m[2025-11-21 22:35:32] [34m[INFO ][37m [32morg.example.hrmOrange.allure.AllureReportUtils [37m-[37m [32mRunning: mvn allure:report
[0m[37m[2025-11-21 22:35:38] [34m[INFO ][37m [32morg.example.hrmOrange.allure.AllureReportUtils [37m-[37m [32mLooking for Allure report at: C:\Users\mytie\IdeaProjects\Playwright_demo\target\site\allure-maven-plugin
[0m[37m[2025-11-21 22:35:38] [34m[WARN ][37m [32morg.example.hrmOrange.allure.AllureReportUtils [37m-[37m [32m⚠️ Allure report directory not found at: C:\Users\mytie\IdeaProjects\Playwright_demo\target\site\allure-maven-plugin
[0m[37m[2025-11-21 22:35:38] [34m[INFO ][37m [32morg.example.hrmOrange.allure.AllureReportUtils [37m-[37m [32mChecking alternative location: target/allure-report
[0m[37m[2025-11-21 22:35:38] [34m[INFO ][37m [32morg.example.hrmOrange.allure.AllureReportUtils [37m-[37m [32mFound report at alternative location: C:\Users\mytie\IdeaProjects\Playwright_demo\target\allure-report
[0m[37m[2025-11-21 22:35:38] [34m[INFO ][37m [32morg.example.hrmOrange.allure.AllureReportUtils [37m-[37m [32mCreated directory reports\2025-11-21\common_223538
[0m[37m[2025-11-21 22:35:38] [34m[INFO ][37m [32morg.example.hrmOrange.allure.AllureReportUtils [37m-[37m [32mCopying report from: C:\Users\mytie\IdeaProjects\Playwright_demo\target\allure-report
[0m[37m[2025-11-21 22:35:38] [34m[INFO ][37m [32morg.example.hrmOrange.allure.AllureReportUtils [37m-[37m [32mCopying report to: C:\Users\mytie\IdeaProjects\Playwright_demo\reports\2025-11-21\common_223538
[0m[37m[2025-11-21 22:35:39] [34m[INFO ][37m [32morg.example.hrmOrange.allure.AllureReportUtils [37m-[37m [32m✅ Report copied successfully!
[0m[37m[2025-11-21 22:35:39] [34m[INFO ][37m [32morg.example.hrmOrange.allure.AllureReportUtils [37m-[37m [32mIndex file created at: C:\Users\mytie\IdeaProjects\Playwright_demo\reports\2025-11-21\index.html
[0m[37m[2025-11-21 22:35:39] [34m[INFO ][37m [32morg.example.hrmOrange.allure.AllureReportUtils [37m-[37m [32m✅ Allure Report generated successfully at: C:\Users\mytie\IdeaProjects\Playwright_demo\reports
[0m[37m[2025-11-21 22:40:55] [34m[DEBUG][37m [32morg.testng.TestNG [37m-[37m [32msuiteXmlPath: "C:\Users\mytie\AppData\Local\JetBrains\IntelliJIdea2025.2\temp-testng-customsuite.xml"
[0m[37m[2025-11-21 22:40:55] [34m[WARN ][37m [32morg.testng.internal.Configuration [37m-[37m [32mDetected a static method [org.example.hrmOrange.common.BaseTest.beforeSuite()]. Static configuration methods can cause unexpected behavior.
[0m[37m[2025-11-21 22:40:55] [34m[WARN ][37m [32morg.testng.internal.Configuration [37m-[37m [32mDetected a static method [org.example.hrmOrange.common.BaseTest.afterSuite()]. Static configuration methods can cause unexpected behavior.
[0m[37m[2025-11-21 22:40:55] [34m[INFO ][37m [32morg.testng.internal.Utils [37m-[37m [32m[TestNG] Running:
  C:\Users\mytie\AppData\Local\JetBrains\IntelliJIdea2025.2\temp-testng-customsuite.xml

[0m[37m[2025-11-21 22:40:56] [34m[INFO ][37m [32morg.example.hrmOrange.allure.AllureReportUtils [37m-[37m [32mRemoved old report
[0m[37m[2025-11-21 22:40:59] [34m[INFO ][37m [32morg.example.hrmOrange.allure.LogUtils [37m-[37m [32mNavigate to URL: https://opensource-demo.orangehrmlive.com/web/index.php/auth/login
[0m[37m[2025-11-21 22:41:03] [34m[INFO ][37m [32morg.example.hrmOrange.allure.LogUtils [37m-[37m [32mNavigate to URL: https://opensource-demo.orangehrmlive.com/web/index.php/auth/login
[0m[37m[2025-11-21 22:41:03] [34m[INFO ][37m [32morg.example.hrmOrange.allure.LogUtils [37m-[37m [32mWait until visible: //input[@name='username']
[0m[37m[2025-11-21 22:41:04] [34m[INFO ][37m [32morg.example.hrmOrange.allure.LogUtils [37m-[37m [32mFill input //input[@name='username'] with: Admin
[0m[37m[2025-11-21 22:41:04] [34m[INFO ][37m [32morg.example.hrmOrange.allure.LogUtils [37m-[37m [32mFill input //input[@name='password'] with: admin123
[0m[37m[2025-11-21 22:41:04] [34m[INFO ][37m [32morg.example.hrmOrange.allure.LogUtils [37m-[37m [32mClick element: //button[@type='submit']
[0m[37m[2025-11-21 22:41:05] [34m[INFO ][37m [32morg.example.hrmOrange.allure.LogUtils [37m-[37m [32mWait until visible: //h6[normalize-space()='Dashboard']
[0m[37m[2025-11-21 22:41:06] [34m[INFO ][37m [32morg.example.hrmOrange.allure.LogUtils [37m-[37m [32mVerify visible: //h6[normalize-space()='Dashboard'] → true
[0m[37m[2025-11-21 22:41:06] [34m[INFO ][37m [32morg.example.hrmOrange.allure.LogUtils [37m-[37m [32mClick element: //span[normalize-space()='Admin']
[0m[37m[2025-11-21 22:41:07] [34m[INFO ][37m [32morg.example.hrmOrange.allure.LogUtils [37m-[37m [32mWait until visible: //label[normalize-space()='Username']/parent::div/following-sibling::div//input
[0m[37m[2025-11-21 22:41:08] [34m[INFO ][37m [32morg.example.hrmOrange.allure.LogUtils [37m-[37m [32mFill input //label[normalize-space()='Username']/parent::div/following-sibling::div//input with: Admin
[0m[37m[2025-11-21 22:41:08] [34m[INFO ][37m [32morg.example.hrmOrange.allure.LogUtils [37m-[37m [32mClick element: //button[normalize-space()='Search']
[0m[37m[2025-11-21 22:41:08] [34m[INFO ][37m [32morg.example.hrmOrange.allure.LogUtils [37m-[37m [32mWait until visible: //div[@role='table'] | //span[normalize-space()='No Records Found']
[0m[37m[2025-11-21 22:41:08] [34m[INFO ][37m [32morg.example.hrmOrange.allure.LogUtils [37m-[37m [32mClick element: //label[normalize-space()='User Role']/following::div[contains(@class,'oxd-select-text--after')][1]
[0m[37m[2025-11-21 22:41:08] [34m[INFO ][37m [32morg.example.hrmOrange.allure.LogUtils [37m-[37m [32mClick element: //div[@role='option']//span[normalize-space()='ESS']
[0m[37m[2025-11-21 22:41:08] [34m[INFO ][37m [32morg.example.hrmOrange.allure.LogUtils [37m-[37m [32mFill input //input[@placeholder='Type for hints...'] with: 
[0m[37m[2025-11-21 22:41:08] [34m[INFO ][37m [32morg.example.hrmOrange.allure.LogUtils [37m-[37m [32mFill input //input[@placeholder='Type for hints...'] with: Johana Birinciddd
[0m[37m[2025-11-21 22:41:08] [34m[INFO ][37m [32morg.example.hrmOrange.allure.LogUtils [37m-[37m [32mWait until visible: //div[@role='listbox']
[0m[37m[2025-11-21 22:41:09] [34m[INFO ][37m [32morg.example.hrmOrange.allure.AllureReportUtils [37m-[37m [32mStarting Allure report generation...
[0m[37m[2025-11-21 22:41:09] [34m[INFO ][37m [32morg.example.hrmOrange.allure.AllureReportUtils [37m-[37m [32mRunning: mvn allure:report
[0m[37m[2025-11-21 22:41:16] [34m[INFO ][37m [32morg.example.hrmOrange.allure.AllureReportUtils [37m-[37m [32mLooking for Allure report at: C:\Users\mytie\IdeaProjects\Playwright_demo\target\site\allure-maven-plugin
[0m[37m[2025-11-21 22:41:16] [34m[WARN ][37m [32morg.example.hrmOrange.allure.AllureReportUtils [37m-[37m [32m⚠️ Allure report directory not found at: C:\Users\mytie\IdeaProjects\Playwright_demo\target\site\allure-maven-plugin
[0m[37m[2025-11-21 22:41:16] [34m[INFO ][37m [32morg.example.hrmOrange.allure.AllureReportUtils [37m-[37m [32mChecking alternative location: target/allure-report
[0m[37m[2025-11-21 22:41:16] [34m[INFO ][37m [32morg.example.hrmOrange.allure.AllureReportUtils [37m-[37m [32mFound report at alternative location: C:\Users\mytie\IdeaProjects\Playwright_demo\target\allure-report
[0m[37m[2025-11-21 22:41:16] [34m[INFO ][37m [32morg.example.hrmOrange.allure.AllureReportUtils [37m-[37m [32mCreated directory reports\2025-11-21\common_224116
[0m[37m[2025-11-21 22:41:16] [34m[INFO ][37m [32morg.example.hrmOrange.allure.AllureReportUtils [37m-[37m [32mCopying report from: C:\Users\mytie\IdeaProjects\Playwright_demo\target\allure-report
[0m[37m[2025-11-21 22:41:16] [34m[INFO ][37m [32morg.example.hrmOrange.allure.AllureReportUtils [37m-[37m [32mCopying report to: C:\Users\mytie\IdeaProjects\Playwright_demo\reports\2025-11-21\common_224116
[0m[37m[2025-11-21 22:41:16] [34m[INFO ][37m [32morg.example.hrmOrange.allure.AllureReportUtils [37m-[37m [32m✅ Report copied successfully!
[0m[37m[2025-11-21 22:41:16] [34m[INFO ][37m [32morg.example.hrmOrange.allure.AllureReportUtils [37m-[37m [32mIndex file created at: C:\Users\mytie\IdeaProjects\Playwright_demo\reports\2025-11-21\index.html
[0m[37m[2025-11-21 22:41:16] [34m[INFO ][37m [32morg.example.hrmOrange.allure.AllureReportUtils [37m-[37m [32m✅ Allure Report generated successfully at: C:\Users\mytie\IdeaProjects\Playwright_demo\reports
[0m[37m[2025-11-21 22:44:12] [34m[DEBUG][37m [32morg.testng.TestNG [37m-[37m [32msuiteXmlPath: "C:\Users\mytie\AppData\Local\JetBrains\IntelliJIdea2025.2\temp-testng-customsuite.xml"
[0m[37m[2025-11-21 22:44:12] [34m[WARN ][37m [32morg.testng.internal.Configuration [37m-[37m [32mDetected a static method [org.example.hrmOrange.common.BaseTest.beforeSuite()]. Static configuration methods can cause unexpected behavior.
[0m[37m[2025-11-21 22:44:12] [34m[WARN ][37m [32morg.testng.internal.Configuration [37m-[37m [32mDetected a static method [org.example.hrmOrange.common.BaseTest.afterSuite()]. Static configuration methods can cause unexpected behavior.
[0m[37m[2025-11-21 22:44:12] [34m[INFO ][37m [32morg.testng.internal.Utils [37m-[37m [32m[TestNG] Running:
  C:\Users\mytie\AppData\Local\JetBrains\IntelliJIdea2025.2\temp-testng-customsuite.xml

[0m[37m[2025-11-21 22:44:12] [34m[INFO ][37m [32morg.example.hrmOrange.allure.AllureReportUtils [37m-[37m [32mRemoved old report
[0m[37m[2025-11-21 22:44:15] [34m[INFO ][37m [32morg.example.hrmOrange.allure.LogUtils [37m-[37m [32mNavigate to URL: https://opensource-demo.orangehrmlive.com/web/index.php/auth/login
[0m[37m[2025-11-21 22:44:18] [34m[INFO ][37m [32morg.example.hrmOrange.allure.LogUtils [37m-[37m [32mNavigate to URL: https://opensource-demo.orangehrmlive.com/web/index.php/auth/login
[0m[37m[2025-11-21 22:44:19] [34m[INFO ][37m [32morg.example.hrmOrange.allure.LogUtils [37m-[37m [32mWait until visible: //input[@name='username']
[0m[37m[2025-11-21 22:44:20] [34m[INFO ][37m [32morg.example.hrmOrange.allure.LogUtils [37m-[37m [32mFill input //input[@name='username'] with: Admin
[0m[37m[2025-11-21 22:44:20] [34m[INFO ][37m [32morg.example.hrmOrange.allure.LogUtils [37m-[37m [32mFill input //input[@name='password'] with: admin123
[0m[37m[2025-11-21 22:44:20] [34m[INFO ][37m [32morg.example.hrmOrange.allure.LogUtils [37m-[37m [32mClick element: //button[@type='submit']
[0m[37m[2025-11-21 22:44:21] [34m[INFO ][37m [32morg.example.hrmOrange.allure.LogUtils [37m-[37m [32mWait until visible: //h6[normalize-space()='Dashboard']
[0m[37m[2025-11-21 22:44:22] [34m[INFO ][37m [32morg.example.hrmOrange.allure.LogUtils [37m-[37m [32mVerify visible: //h6[normalize-space()='Dashboard'] → true
[0m[37m[2025-11-21 22:44:22] [34m[INFO ][37m [32morg.example.hrmOrange.allure.LogUtils [37m-[37m [32mClick element: //span[normalize-space()='Admin']
[0m[37m[2025-11-21 22:44:23] [34m[INFO ][37m [32morg.example.hrmOrange.allure.LogUtils [37m-[37m [32mWait until visible: //label[normalize-space()='Username']/parent::div/following-sibling::div//input
[0m[37m[2025-11-21 22:44:24] [34m[INFO ][37m [32morg.example.hrmOrange.allure.LogUtils [37m-[37m [32mFill input //label[normalize-space()='Username']/parent::div/following-sibling::div//input with: Admin
[0m[37m[2025-11-21 22:44:24] [34m[INFO ][37m [32morg.example.hrmOrange.allure.LogUtils [37m-[37m [32mClick element: //button[normalize-space()='Search']
[0m[37m[2025-11-21 22:44:24] [34m[INFO ][37m [32morg.example.hrmOrange.allure.LogUtils [37m-[37m [32mWait until visible: //div[@role='table'] | //span[normalize-space()='No Records Found']
[0m[37m[2025-11-21 22:44:24] [34m[INFO ][37m [32morg.example.hrmOrange.allure.LogUtils [37m-[37m [32mClick element: //label[normalize-space()='User Role']/following::div[contains(@class,'oxd-select-text--after')][1]
[0m[37m[2025-11-21 22:44:24] [34m[INFO ][37m [32morg.example.hrmOrange.allure.LogUtils [37m-[37m [32mClick element: //div[@role='option']//span[normalize-space()='ESS']
[0m[37m[2025-11-21 22:44:24] [34m[INFO ][37m [32morg.example.hrmOrange.allure.LogUtils [37m-[37m [32mFill input //input[@placeholder='Type for hints...'] with: 
[0m[37m[2025-11-21 22:44:24] [34m[INFO ][37m [32morg.example.hrmOrange.allure.LogUtils [37m-[37m [32mFill input //input[@placeholder='Type for hints...'] with: Joha
[0m[37m[2025-11-21 22:44:25] [34m[INFO ][37m [32morg.example.hrmOrange.allure.LogUtils [37m-[37m [32mWait until visible: //div[@role='listbox']
[0m[37m[2025-11-21 22:44:26] [34m[INFO ][37m [32morg.example.hrmOrange.allure.AllureReportUtils [37m-[37m [32mStarting Allure report generation...
[0m[37m[2025-11-21 22:44:26] [34m[INFO ][37m [32morg.example.hrmOrange.allure.AllureReportUtils [37m-[37m [32mRunning: mvn allure:report
[0m[37m[2025-11-21 22:44:31] [34m[INFO ][37m [32morg.example.hrmOrange.allure.AllureReportUtils [37m-[37m [32mLooking for Allure report at: C:\Users\mytie\IdeaProjects\Playwright_demo\target\site\allure-maven-plugin
[0m[37m[2025-11-21 22:44:31] [34m[WARN ][37m [32morg.example.hrmOrange.allure.AllureReportUtils [37m-[37m [32m⚠️ Allure report directory not found at: C:\Users\mytie\IdeaProjects\Playwright_demo\target\site\allure-maven-plugin
[0m[37m[2025-11-21 22:44:31] [34m[INFO ][37m [32morg.example.hrmOrange.allure.AllureReportUtils [37m-[37m [32mChecking alternative location: target/allure-report
[0m[37m[2025-11-21 22:44:31] [34m[INFO ][37m [32morg.example.hrmOrange.allure.AllureReportUtils [37m-[37m [32mFound report at alternative location: C:\Users\mytie\IdeaProjects\Playwright_demo\target\allure-report
[0m[37m[2025-11-21 22:44:31] [34m[INFO ][37m [32morg.example.hrmOrange.allure.AllureReportUtils [37m-[37m [32mCreated directory reports\2025-11-21\common_224431
[0m[37m[2025-11-21 22:44:31] [34m[INFO ][37m [32morg.example.hrmOrange.allure.AllureReportUtils [37m-[37m [32mCopying report from: C:\Users\mytie\IdeaProjects\Playwright_demo\target\allure-report
[0m[37m[2025-11-21 22:44:31] [34m[INFO ][37m [32morg.example.hrmOrange.allure.AllureReportUtils [37m-[37m [32mCopying report to: C:\Users\mytie\IdeaProjects\Playwright_demo\reports\2025-11-21\common_224431
[0m[37m[2025-11-21 22:44:31] [34m[INFO ][37m [32morg.example.hrmOrange.allure.AllureReportUtils [37m-[37m [32m✅ Report copied successfully!
[0m[37m[2025-11-21 22:44:31] [34m[INFO ][37m [32morg.example.hrmOrange.allure.AllureReportUtils [37m-[37m [32mIndex file created at: C:\Users\mytie\IdeaProjects\Playwright_demo\reports\2025-11-21\index.html
[0m[37m[2025-11-21 22:44:31] [34m[INFO ][37m [32morg.example.hrmOrange.allure.AllureReportUtils [37m-[37m [32m✅ Allure Report generated successfully at: C:\Users\mytie\IdeaProjects\Playwright_demo\reports
[0m[37m[2025-11-21 22:50:05] [34m[DEBUG][37m [32morg.testng.TestNG [37m-[37m [32msuiteXmlPath: "C:\Users\mytie\AppData\Local\JetBrains\IntelliJIdea2025.2\temp-testng-customsuite.xml"
[0m[37m[2025-11-21 22:50:05] [34m[WARN ][37m [32morg.testng.internal.Configuration [37m-[37m [32mDetected a static method [org.example.hrmOrange.common.BaseTest.beforeSuite()]. Static configuration methods can cause unexpected behavior.
[0m[37m[2025-11-21 22:50:05] [34m[WARN ][37m [32morg.testng.internal.Configuration [37m-[37m [32mDetected a static method [org.example.hrmOrange.common.BaseTest.afterSuite()]. Static configuration methods can cause unexpected behavior.
[0m[37m[2025-11-21 22:50:05] [34m[INFO ][37m [32morg.testng.internal.Utils [37m-[37m [32m[TestNG] Running:
  C:\Users\mytie\AppData\Local\JetBrains\IntelliJIdea2025.2\temp-testng-customsuite.xml

[0m[37m[2025-11-21 22:50:05] [34m[INFO ][37m [32morg.example.hrmOrange.allure.AllureReportUtils [37m-[37m [32mRemoved old report
[0m[37m[2025-11-21 22:50:08] [34m[INFO ][37m [32morg.example.hrmOrange.allure.LogUtils [37m-[37m [32mNavigate to URL: https://opensource-demo.orangehrmlive.com/web/index.php/auth/login
[0m[37m[2025-11-21 22:50:12] [34m[INFO ][37m [32morg.example.hrmOrange.allure.LogUtils [37m-[37m [32mNavigate to URL: https://opensource-demo.orangehrmlive.com/web/index.php/auth/login
[0m[37m[2025-11-21 22:50:12] [34m[INFO ][37m [32morg.example.hrmOrange.allure.LogUtils [37m-[37m [32mWait until visible: //input[@name='username']
[0m[37m[2025-11-21 22:50:14] [34m[INFO ][37m [32morg.example.hrmOrange.allure.LogUtils [37m-[37m [32mFill input //input[@name='username'] with: Admin
[0m[37m[2025-11-21 22:50:14] [34m[INFO ][37m [32morg.example.hrmOrange.allure.LogUtils [37m-[37m [32mFill input //input[@name='password'] with: admin123
[0m[37m[2025-11-21 22:50:14] [34m[INFO ][37m [32morg.example.hrmOrange.allure.LogUtils [37m-[37m [32mClick element: //button[@type='submit']
[0m[37m[2025-11-21 22:50:15] [34m[INFO ][37m [32morg.example.hrmOrange.allure.LogUtils [37m-[37m [32mWait until visible: //h6[normalize-space()='Dashboard']
[0m[37m[2025-11-21 22:50:16] [34m[INFO ][37m [32morg.example.hrmOrange.allure.LogUtils [37m-[37m [32mVerify visible: //h6[normalize-space()='Dashboard'] → true
[0m[37m[2025-11-21 22:50:16] [34m[INFO ][37m [32morg.example.hrmOrange.allure.LogUtils [37m-[37m [32mClick element: //span[normalize-space()='Admin']
[0m[37m[2025-11-21 22:50:17] [34m[INFO ][37m [32morg.example.hrmOrange.allure.LogUtils [37m-[37m [32mWait until visible: //label[normalize-space()='Username']/parent::div/following-sibling::div//input
[0m[37m[2025-11-21 22:50:19] [34m[INFO ][37m [32morg.example.hrmOrange.allure.LogUtils [37m-[37m [32mFill input //label[normalize-space()='Username']/parent::div/following-sibling::div//input with: Admin
[0m[37m[2025-11-21 22:50:19] [34m[INFO ][37m [32morg.example.hrmOrange.allure.LogUtils [37m-[37m [32mClick element: //button[normalize-space()='Search']
[0m[37m[2025-11-21 22:50:19] [34m[INFO ][37m [32morg.example.hrmOrange.allure.LogUtils [37m-[37m [32mWait until visible: //div[@role='table'] | //span[normalize-space()='No Records Found']
[0m[37m[2025-11-21 22:50:19] [34m[INFO ][37m [32morg.example.hrmOrange.allure.LogUtils [37m-[37m [32mClick element: //label[normalize-space()='User Role']/following::div[contains(@class,'oxd-select-text--after')][1]
[0m[37m[2025-11-21 22:50:19] [34m[INFO ][37m [32morg.example.hrmOrange.allure.LogUtils [37m-[37m [32mClick element: //div[@role='option']//span[normalize-space()='ESS']
[0m[37m[2025-11-21 22:50:19] [34m[INFO ][37m [32morg.example.hrmOrange.allure.LogUtils [37m-[37m [32mClick element: //input[@placeholder='Type for hints...']
[0m[37m[2025-11-21 22:50:19] [34m[INFO ][37m [32morg.example.hrmOrange.allure.LogUtils [37m-[37m [32mFill input //input[@placeholder='Type for hints...'] with: 
[0m[37m[2025-11-21 22:50:19] [34m[INFO ][37m [32morg.example.hrmOrange.allure.LogUtils [37m-[37m [32mType text into //input[@placeholder='Type for hints...']: Joha
[0m[37m[2025-11-21 22:50:20] [34m[INFO ][37m [32morg.example.hrmOrange.allure.LogUtils [37m-[37m [32mWait until visible: //div[@role='listbox']
[0m[37m[2025-11-21 22:50:20] [34m[INFO ][37m [32morg.example.hrmOrange.allure.LogUtils [37m-[37m [32mClick element: //div[@role='listbox']//div[@role='option'][1]
[0m[37m[2025-11-21 22:50:20] [34m[INFO ][37m [32morg.example.hrmOrange.allure.LogUtils [37m-[37m [32mClick element: //label[normalize-space()='Status']/following-sibling::div//div[contains(@class,'oxd-select-text')]
[0m[37m[2025-11-21 22:50:51] [34m[INFO ][37m [32morg.example.hrmOrange.allure.AllureReportUtils [37m-[37m [32mStarting Allure report generation...
[0m[37m[2025-11-21 22:50:51] [34m[INFO ][37m [32morg.example.hrmOrange.allure.AllureReportUtils [37m-[37m [32mRunning: mvn allure:report
[0m[37m[2025-11-21 22:51:00] [34m[INFO ][37m [32morg.example.hrmOrange.allure.AllureReportUtils [37m-[37m [32mLooking for Allure report at: C:\Users\mytie\IdeaProjects\Playwright_demo\target\site\allure-maven-plugin
[0m[37m[2025-11-21 22:51:00] [34m[WARN ][37m [32morg.example.hrmOrange.allure.AllureReportUtils [37m-[37m [32m⚠️ Allure report directory not found at: C:\Users\mytie\IdeaProjects\Playwright_demo\target\site\allure-maven-plugin
[0m[37m[2025-11-21 22:51:00] [34m[INFO ][37m [32morg.example.hrmOrange.allure.AllureReportUtils [37m-[37m [32mChecking alternative location: target/allure-report
[0m[37m[2025-11-21 22:51:00] [34m[INFO ][37m [32morg.example.hrmOrange.allure.AllureReportUtils [37m-[37m [32mFound report at alternative location: C:\Users\mytie\IdeaProjects\Playwright_demo\target\allure-report
[0m[37m[2025-11-21 22:51:00] [34m[INFO ][37m [32morg.example.hrmOrange.allure.AllureReportUtils [37m-[37m [32mCreated directory reports\2025-11-21\common_225100
[0m[37m[2025-11-21 22:51:00] [34m[INFO ][37m [32morg.example.hrmOrange.allure.AllureReportUtils [37m-[37m [32mCopying report from: C:\Users\mytie\IdeaProjects\Playwright_demo\target\allure-report
[0m[37m[2025-11-21 22:51:00] [34m[INFO ][37m [32morg.example.hrmOrange.allure.AllureReportUtils [37m-[37m [32mCopying report to: C:\Users\mytie\IdeaProjects\Playwright_demo\reports\2025-11-21\common_225100
[0m[37m[2025-11-21 22:51:00] [34m[INFO ][37m [32morg.example.hrmOrange.allure.AllureReportUtils [37m-[37m [32m✅ Report copied successfully!
[0m[37m[2025-11-21 22:51:00] [34m[INFO ][37m [32morg.example.hrmOrange.allure.AllureReportUtils [37m-[37m [32mIndex file created at: C:\Users\mytie\IdeaProjects\Playwright_demo\reports\2025-11-21\index.html
[0m[37m[2025-11-21 22:51:00] [34m[INFO ][37m [32morg.example.hrmOrange.allure.AllureReportUtils [37m-[37m [32m✅ Allure Report generated successfully at: C:\Users\mytie\IdeaProjects\Playwright_demo\reports
[0m[37m[2025-11-21 22:53:15] [34m[DEBUG][37m [32morg.testng.TestNG [37m-[37m [32msuiteXmlPath: "C:\Users\mytie\AppData\Local\JetBrains\IntelliJIdea2025.2\temp-testng-customsuite.xml"
[0m[37m[2025-11-21 22:53:15] [34m[WARN ][37m [32morg.testng.internal.Configuration [37m-[37m [32mDetected a static method [org.example.hrmOrange.common.BaseTest.beforeSuite()]. Static configuration methods can cause unexpected behavior.
[0m[37m[2025-11-21 22:53:15] [34m[WARN ][37m [32morg.testng.internal.Configuration [37m-[37m [32mDetected a static method [org.example.hrmOrange.common.BaseTest.afterSuite()]. Static configuration methods can cause unexpected behavior.
[0m[37m[2025-11-21 22:53:15] [34m[INFO ][37m [32morg.testng.internal.Utils [37m-[37m [32m[TestNG] Running:
  C:\Users\mytie\AppData\Local\JetBrains\IntelliJIdea2025.2\temp-testng-customsuite.xml

[0m[37m[2025-11-21 22:53:15] [34m[INFO ][37m [32morg.example.hrmOrange.allure.AllureReportUtils [37m-[37m [32mRemoved old report
[0m[37m[2025-11-21 22:53:18] [34m[INFO ][37m [32morg.example.hrmOrange.allure.LogUtils [37m-[37m [32mNavigate to URL: https://opensource-demo.orangehrmlive.com/web/index.php/auth/login
[0m[37m[2025-11-21 22:53:22] [34m[INFO ][37m [32morg.example.hrmOrange.allure.LogUtils [37m-[37m [32mNavigate to URL: https://opensource-demo.orangehrmlive.com/web/index.php/auth/login
[0m[37m[2025-11-21 22:53:23] [34m[INFO ][37m [32morg.example.hrmOrange.allure.LogUtils [37m-[37m [32mWait until visible: //input[@name='username']
[0m[37m[2025-11-21 22:53:24] [34m[INFO ][37m [32morg.example.hrmOrange.allure.LogUtils [37m-[37m [32mFill input //input[@name='username'] with: Admin
[0m[37m[2025-11-21 22:53:24] [34m[INFO ][37m [32morg.example.hrmOrange.allure.LogUtils [37m-[37m [32mFill input //input[@name='password'] with: admin123
[0m[37m[2025-11-21 22:53:24] [34m[INFO ][37m [32morg.example.hrmOrange.allure.LogUtils [37m-[37m [32mClick element: //button[@type='submit']
[0m[37m[2025-11-21 22:53:25] [34m[INFO ][37m [32morg.example.hrmOrange.allure.LogUtils [37m-[37m [32mWait until visible: //h6[normalize-space()='Dashboard']
[0m[37m[2025-11-21 22:53:26] [34m[INFO ][37m [32morg.example.hrmOrange.allure.LogUtils [37m-[37m [32mVerify visible: //h6[normalize-space()='Dashboard'] → true
[0m[37m[2025-11-21 22:53:26] [34m[INFO ][37m [32morg.example.hrmOrange.allure.LogUtils [37m-[37m [32mClick element: //span[normalize-space()='Admin']
[0m[37m[2025-11-21 22:53:27] [34m[INFO ][37m [32morg.example.hrmOrange.allure.LogUtils [37m-[37m [32mWait until visible: //label[normalize-space()='Username']/parent::div/following-sibling::div//input
[0m[37m[2025-11-21 22:53:28] [34m[INFO ][37m [32morg.example.hrmOrange.allure.LogUtils [37m-[37m [32mFill input //label[normalize-space()='Username']/parent::div/following-sibling::div//input with: Admin
[0m[37m[2025-11-21 22:53:28] [34m[INFO ][37m [32morg.example.hrmOrange.allure.LogUtils [37m-[37m [32mClick element: //button[normalize-space()='Search']
[0m[37m[2025-11-21 22:53:28] [34m[INFO ][37m [32morg.example.hrmOrange.allure.LogUtils [37m-[37m [32mWait until visible: //div[@role='table'] | //span[normalize-space()='No Records Found']
[0m[37m[2025-11-21 22:53:28] [34m[INFO ][37m [32morg.example.hrmOrange.allure.LogUtils [37m-[37m [32mClick element: //label[normalize-space()='User Role']/following::div[contains(@class,'oxd-select-text--after')][1]
[0m[37m[2025-11-21 22:53:28] [34m[INFO ][37m [32morg.example.hrmOrange.allure.LogUtils [37m-[37m [32mClick element: //div[@role='option']//span[normalize-space()='ESS']
[0m[37m[2025-11-21 22:53:28] [34m[INFO ][37m [32morg.example.hrmOrange.allure.LogUtils [37m-[37m [32mClick element: //input[@placeholder='Type for hints...']
[0m[37m[2025-11-21 22:53:28] [34m[INFO ][37m [32morg.example.hrmOrange.allure.LogUtils [37m-[37m [32mFill input //input[@placeholder='Type for hints...'] with: 
[0m[37m[2025-11-21 22:53:28] [34m[INFO ][37m [32morg.example.hrmOrange.allure.LogUtils [37m-[37m [32mType text into //input[@placeholder='Type for hints...']: Joha
[0m[37m[2025-11-21 22:53:29] [34m[INFO ][37m [32morg.example.hrmOrange.allure.LogUtils [37m-[37m [32mWait until visible: //div[@role='listbox']
[0m[37m[2025-11-21 22:53:29] [34m[INFO ][37m [32morg.example.hrmOrange.allure.LogUtils [37m-[37m [32mClick element: //div[@role='listbox']//div[@role='option'][1]
[0m[37m[2025-11-21 22:53:30] [34m[INFO ][37m [32morg.example.hrmOrange.allure.LogUtils [37m-[37m [32mClick element: (//label[normalize-space()='Status']/parent::div/following-sibling::div//div[contains(@class,'oxd-select-text')])[1]
[0m[37m[2025-11-21 22:53:30] [34m[INFO ][37m [32morg.example.hrmOrange.allure.LogUtils [37m-[37m [32mWait until visible: //div[@role='listbox']
[0m[37m[2025-11-21 22:53:30] [34m[INFO ][37m [32morg.example.hrmOrange.allure.LogUtils [37m-[37m [32mClick element: //div[@role='listbox']//span[normalize-space()='Enabled']
[0m[37m[2025-11-21 22:53:30] [34m[INFO ][37m [32morg.example.hrmOrange.allure.LogUtils [37m-[37m [32mClick element: //button[normalize-space()='Reset']
[0m[37m[2025-11-21 22:53:30] [34m[INFO ][37m [32morg.example.hrmOrange.allure.LogUtils [37m-[37m [32mText from element [//label[normalize-space()='User Role']/parent::div/following-sibling::div//div[contains(@class,'oxd-select-text--after')]/preceding-sibling::div] = -- Select --
[0m[37m[2025-11-21 22:53:30] [34m[INFO ][37m [32morg.example.hrmOrange.allure.LogUtils [37m-[37m [32mText from element [//label[normalize-space()='Status']/parent::div/following-sibling::div//div[contains(@class,'oxd-select-text--after')]/preceding-sibling::div] = -- Select --
[0m[37m[2025-11-21 22:53:30] [34m[INFO ][37m [32morg.example.hrmOrange.allure.AllureReportUtils [37m-[37m [32mStarting Allure report generation...
[0m[37m[2025-11-21 22:53:30] [34m[INFO ][37m [32morg.example.hrmOrange.allure.AllureReportUtils [37m-[37m [32mRunning: mvn allure:report
[0m[37m[2025-11-21 22:53:35] [34m[INFO ][37m [32morg.example.hrmOrange.allure.AllureReportUtils [37m-[37m [32mLooking for Allure report at: C:\Users\mytie\IdeaProjects\Playwright_demo\target\site\allure-maven-plugin
[0m[37m[2025-11-21 22:53:35] [34m[WARN ][37m [32morg.example.hrmOrange.allure.AllureReportUtils [37m-[37m [32m⚠️ Allure report directory not found at: C:\Users\mytie\IdeaProjects\Playwright_demo\target\site\allure-maven-plugin
[0m[37m[2025-11-21 22:53:35] [34m[INFO ][37m [32morg.example.hrmOrange.allure.AllureReportUtils [37m-[37m [32mChecking alternative location: target/allure-report
[0m[37m[2025-11-21 22:53:35] [34m[INFO ][37m [32morg.example.hrmOrange.allure.AllureReportUtils [37m-[37m [32mFound report at alternative location: C:\Users\mytie\IdeaProjects\Playwright_demo\target\allure-report
[0m[37m[2025-11-21 22:53:35] [34m[INFO ][37m [32morg.example.hrmOrange.allure.AllureReportUtils [37m-[37m [32mCreated directory reports\2025-11-21\common_225335
[0m[37m[2025-11-21 22:53:35] [34m[INFO ][37m [32morg.example.hrmOrange.allure.AllureReportUtils [37m-[37m [32mCopying report from: C:\Users\mytie\IdeaProjects\Playwright_demo\target\allure-report
[0m[37m[2025-11-21 22:53:35] [34m[INFO ][37m [32morg.example.hrmOrange.allure.AllureReportUtils [37m-[37m [32mCopying report to: C:\Users\mytie\IdeaProjects\Playwright_demo\reports\2025-11-21\common_225335
[0m[37m[2025-11-21 22:53:35] [34m[INFO ][37m [32morg.example.hrmOrange.allure.AllureReportUtils [37m-[37m [32m✅ Report copied successfully!
[0m[37m[2025-11-21 22:53:35] [34m[INFO ][37m [32morg.example.hrmOrange.allure.AllureReportUtils [37m-[37m [32mIndex file created at: C:\Users\mytie\IdeaProjects\Playwright_demo\reports\2025-11-21\index.html
[0m[37m[2025-11-21 22:53:35] [34m[INFO ][37m [32morg.example.hrmOrange.allure.AllureReportUtils [37m-[37m [32m✅ Allure Report generated successfully at: C:\Users\mytie\IdeaProjects\Playwright_demo\reports
[0m[37m[2025-11-21 22:54:33] [34m[DEBUG][37m [32morg.testng.TestNG [37m-[37m [32msuiteXmlPath: "C:\Users\mytie\AppData\Local\JetBrains\IntelliJIdea2025.2\temp-testng-customsuite.xml"
[0m[37m[2025-11-21 22:54:34] [34m[WARN ][37m [32morg.testng.internal.Configuration [37m-[37m [32mDetected a static method [org.example.hrmOrange.common.BaseTest.beforeSuite()]. Static configuration methods can cause unexpected behavior.
[0m[37m[2025-11-21 22:54:34] [34m[WARN ][37m [32morg.testng.internal.Configuration [37m-[37m [32mDetected a static method [org.example.hrmOrange.common.BaseTest.afterSuite()]. Static configuration methods can cause unexpected behavior.
[0m[37m[2025-11-21 22:54:34] [34m[INFO ][37m [32morg.testng.internal.Utils [37m-[37m [32m[TestNG] Running:
  C:\Users\mytie\AppData\Local\JetBrains\IntelliJIdea2025.2\temp-testng-customsuite.xml

[0m[37m[2025-11-21 22:54:34] [34m[INFO ][37m [32morg.example.hrmOrange.allure.AllureReportUtils [37m-[37m [32mRemoved old report
[0m[37m[2025-11-21 22:54:37] [34m[INFO ][37m [32morg.example.hrmOrange.allure.LogUtils [37m-[37m [32mNavigate to URL: https://opensource-demo.orangehrmlive.com/web/index.php/auth/login
[0m[37m[2025-11-21 22:54:40] [34m[INFO ][37m [32morg.example.hrmOrange.allure.LogUtils [37m-[37m [32mNavigate to URL: https://opensource-demo.orangehrmlive.com/web/index.php/auth/login
[0m[37m[2025-11-21 22:54:41] [34m[INFO ][37m [32morg.example.hrmOrange.allure.LogUtils [37m-[37m [32mWait until visible: //input[@name='username']
[0m[37m[2025-11-21 22:54:42] [34m[INFO ][37m [32morg.example.hrmOrange.allure.LogUtils [37m-[37m [32mFill input //input[@name='username'] with: Admin
[0m[37m[2025-11-21 22:54:42] [34m[INFO ][37m [32morg.example.hrmOrange.allure.LogUtils [37m-[37m [32mFill input //input[@name='password'] with: admin123
[0m[37m[2025-11-21 22:54:42] [34m[INFO ][37m [32morg.example.hrmOrange.allure.LogUtils [37m-[37m [32mClick element: //button[@type='submit']
[0m[37m[2025-11-21 22:54:43] [34m[INFO ][37m [32morg.example.hrmOrange.allure.LogUtils [37m-[37m [32mWait until visible: //h6[normalize-space()='Dashboard']
[0m[37m[2025-11-21 22:54:43] [34m[INFO ][37m [32morg.example.hrmOrange.allure.LogUtils [37m-[37m [32mVerify visible: //h6[normalize-space()='Dashboard'] → true
[0m[37m[2025-11-21 22:54:43] [34m[INFO ][37m [32morg.example.hrmOrange.allure.LogUtils [37m-[37m [32mClick element: //span[normalize-space()='Admin']
[0m[37m[2025-11-21 22:54:44] [34m[INFO ][37m [32morg.example.hrmOrange.allure.LogUtils [37m-[37m [32mWait until visible: //label[normalize-space()='Username']/parent::div/following-sibling::div//input
[0m[37m[2025-11-21 22:54:46] [34m[INFO ][37m [32morg.example.hrmOrange.allure.LogUtils [37m-[37m [32mFill input //label[normalize-space()='Username']/parent::div/following-sibling::div//input with: Admin
[0m[37m[2025-11-21 22:54:46] [34m[INFO ][37m [32morg.example.hrmOrange.allure.LogUtils [37m-[37m [32mClick element: //button[normalize-space()='Search']
[0m[37m[2025-11-21 22:54:46] [34m[INFO ][37m [32morg.example.hrmOrange.allure.LogUtils [37m-[37m [32mWait until visible: //div[@role='table'] | //span[normalize-space()='No Records Found']
[0m[37m[2025-11-21 22:54:46] [34m[INFO ][37m [32morg.example.hrmOrange.allure.LogUtils [37m-[37m [32mWait until visible: //div[normalize-space(text())='Admin']
[0m[37m[2025-11-21 22:54:47] [34m[INFO ][37m [32morg.example.hrmOrange.allure.AllureReportUtils [37m-[37m [32mStarting Allure report generation...
[0m[37m[2025-11-21 22:54:47] [34m[INFO ][37m [32morg.example.hrmOrange.allure.AllureReportUtils [37m-[37m [32mRunning: mvn allure:report
[0m[37m[2025-11-21 22:54:53] [34m[INFO ][37m [32morg.example.hrmOrange.allure.AllureReportUtils [37m-[37m [32mLooking for Allure report at: C:\Users\mytie\IdeaProjects\Playwright_demo\target\site\allure-maven-plugin
[0m[37m[2025-11-21 22:54:53] [34m[WARN ][37m [32morg.example.hrmOrange.allure.AllureReportUtils [37m-[37m [32m⚠️ Allure report directory not found at: C:\Users\mytie\IdeaProjects\Playwright_demo\target\site\allure-maven-plugin
[0m[37m[2025-11-21 22:54:53] [34m[INFO ][37m [32morg.example.hrmOrange.allure.AllureReportUtils [37m-[37m [32mChecking alternative location: target/allure-report
[0m[37m[2025-11-21 22:54:53] [34m[INFO ][37m [32morg.example.hrmOrange.allure.AllureReportUtils [37m-[37m [32mFound report at alternative location: C:\Users\mytie\IdeaProjects\Playwright_demo\target\allure-report
[0m[37m[2025-11-21 22:54:53] [34m[INFO ][37m [32morg.example.hrmOrange.allure.AllureReportUtils [37m-[37m [32mCreated directory reports\2025-11-21\common_225453
[0m[37m[2025-11-21 22:54:53] [34m[INFO ][37m [32morg.example.hrmOrange.allure.AllureReportUtils [37m-[37m [32mCopying report from: C:\Users\mytie\IdeaProjects\Playwright_demo\target\allure-report
[0m[37m[2025-11-21 22:54:53] [34m[INFO ][37m [32morg.example.hrmOrange.allure.AllureReportUtils [37m-[37m [32mCopying report to: C:\Users\mytie\IdeaProjects\Playwright_demo\reports\2025-11-21\common_225453
[0m[37m[2025-11-21 22:54:53] [34m[INFO ][37m [32morg.example.hrmOrange.allure.AllureReportUtils [37m-[37m [32m✅ Report copied successfully!
[0m[37m[2025-11-21 22:54:53] [34m[INFO ][37m [32morg.example.hrmOrange.allure.AllureReportUtils [37m-[37m [32mIndex file created at: C:\Users\mytie\IdeaProjects\Playwright_demo\reports\2025-11-21\index.html
[0m[37m[2025-11-21 22:54:53] [34m[INFO ][37m [32morg.example.hrmOrange.allure.AllureReportUtils [37m-[37m [32m✅ Allure Report generated successfully at: C:\Users\mytie\IdeaProjects\Playwright_demo\reports
[0m[37m[2025-11-21 22:55:59] [34m[DEBUG][37m [32morg.testng.TestNG [37m-[37m [32msuiteXmlPath: "C:\Users\mytie\AppData\Local\JetBrains\IntelliJIdea2025.2\temp-testng-customsuite.xml"
[0m[37m[2025-11-21 22:55:59] [34m[WARN ][37m [32morg.testng.internal.Configuration [37m-[37m [32mDetected a static method [org.example.hrmOrange.common.BaseTest.beforeSuite()]. Static configuration methods can cause unexpected behavior.
[0m[37m[2025-11-21 22:55:59] [34m[WARN ][37m [32morg.testng.internal.Configuration [37m-[37m [32mDetected a static method [org.example.hrmOrange.common.BaseTest.afterSuite()]. Static configuration methods can cause unexpected behavior.
[0m[37m[2025-11-21 22:55:59] [34m[INFO ][37m [32morg.testng.internal.Utils [37m-[37m [32m[TestNG] Running:
  C:\Users\mytie\AppData\Local\JetBrains\IntelliJIdea2025.2\temp-testng-customsuite.xml

[0m[37m[2025-11-21 22:55:59] [34m[INFO ][37m [32morg.example.hrmOrange.allure.AllureReportUtils [37m-[37m [32mRemoved old report
[0m[37m[2025-11-21 22:56:02] [34m[INFO ][37m [32morg.example.hrmOrange.allure.LogUtils [37m-[37m [32mNavigate to URL: https://opensource-demo.orangehrmlive.com/web/index.php/auth/login
[0m[37m[2025-11-21 22:56:06] [34m[INFO ][37m [32morg.example.hrmOrange.allure.LogUtils [37m-[37m [32mNavigate to URL: https://opensource-demo.orangehrmlive.com/web/index.php/auth/login
[0m[37m[2025-11-21 22:56:06] [34m[INFO ][37m [32morg.example.hrmOrange.allure.LogUtils [37m-[37m [32mWait until visible: //input[@name='username']
[0m[37m[2025-11-21 22:56:07] [34m[INFO ][37m [32morg.example.hrmOrange.allure.LogUtils [37m-[37m [32mFill input //input[@name='username'] with: Admin
[0m[37m[2025-11-21 22:56:07] [34m[INFO ][37m [32morg.example.hrmOrange.allure.LogUtils [37m-[37m [32mFill input //input[@name='password'] with: admin123
[0m[37m[2025-11-21 22:56:07] [34m[INFO ][37m [32morg.example.hrmOrange.allure.LogUtils [37m-[37m [32mClick element: //button[@type='submit']
[0m[37m[2025-11-21 22:56:08] [34m[INFO ][37m [32morg.example.hrmOrange.allure.LogUtils [37m-[37m [32mWait until visible: //h6[normalize-space()='Dashboard']
[0m[37m[2025-11-21 22:56:09] [34m[INFO ][37m [32morg.example.hrmOrange.allure.LogUtils [37m-[37m [32mVerify visible: //h6[normalize-space()='Dashboard'] → true
[0m[37m[2025-11-21 22:56:09] [34m[INFO ][37m [32morg.example.hrmOrange.allure.LogUtils [37m-[37m [32mClick element: //span[normalize-space()='Admin']
[0m[37m[2025-11-21 22:56:10] [34m[INFO ][37m [32morg.example.hrmOrange.allure.LogUtils [37m-[37m [32mWait until visible: //label[normalize-space()='Username']/parent::div/following-sibling::div//input
[0m[37m[2025-11-21 22:56:12] [34m[INFO ][37m [32morg.example.hrmOrange.allure.LogUtils [37m-[37m [32mFill input //label[normalize-space()='Username']/parent::div/following-sibling::div//input with: Admin
[0m[37m[2025-11-21 22:56:12] [34m[INFO ][37m [32morg.example.hrmOrange.allure.LogUtils [37m-[37m [32mClick element: //button[normalize-space()='Search']
[0m[37m[2025-11-21 22:56:12] [34m[INFO ][37m [32morg.example.hrmOrange.allure.LogUtils [37m-[37m [32mWait until visible: //div[@role='table'] | //span[normalize-space()='No Records Found']
[0m[37m[2025-11-21 22:56:12] [34m[INFO ][37m [32morg.example.hrmOrange.allure.LogUtils [37m-[37m [32mWait until visible: //div[@role='table']
[0m[37m[2025-11-21 22:56:12] [34m[INFO ][37m [32morg.example.hrmOrange.allure.AllureReportUtils [37m-[37m [32mStarting Allure report generation...
[0m[37m[2025-11-21 22:56:12] [34m[INFO ][37m [32morg.example.hrmOrange.allure.AllureReportUtils [37m-[37m [32mRunning: mvn allure:report
[0m[37m[2025-11-21 22:56:18] [34m[INFO ][37m [32morg.example.hrmOrange.allure.AllureReportUtils [37m-[37m [32mLooking for Allure report at: C:\Users\mytie\IdeaProjects\Playwright_demo\target\site\allure-maven-plugin
[0m[37m[2025-11-21 22:56:18] [34m[WARN ][37m [32morg.example.hrmOrange.allure.AllureReportUtils [37m-[37m [32m⚠️ Allure report directory not found at: C:\Users\mytie\IdeaProjects\Playwright_demo\target\site\allure-maven-plugin
[0m[37m[2025-11-21 22:56:18] [34m[INFO ][37m [32morg.example.hrmOrange.allure.AllureReportUtils [37m-[37m [32mChecking alternative location: target/allure-report
[0m[37m[2025-11-21 22:56:18] [34m[INFO ][37m [32morg.example.hrmOrange.allure.AllureReportUtils [37m-[37m [32mFound report at alternative location: C:\Users\mytie\IdeaProjects\Playwright_demo\target\allure-report
[0m[37m[2025-11-21 22:56:18] [34m[INFO ][37m [32morg.example.hrmOrange.allure.AllureReportUtils [37m-[37m [32mCreated directory reports\2025-11-21\common_225618
[0m[37m[2025-11-21 22:56:18] [34m[INFO ][37m [32morg.example.hrmOrange.allure.AllureReportUtils [37m-[37m [32mCopying report from: C:\Users\mytie\IdeaProjects\Playwright_demo\target\allure-report
[0m[37m[2025-11-21 22:56:18] [34m[INFO ][37m [32morg.example.hrmOrange.allure.AllureReportUtils [37m-[37m [32mCopying report to: C:\Users\mytie\IdeaProjects\Playwright_demo\reports\2025-11-21\common_225618
[0m[37m[2025-11-21 22:56:18] [34m[INFO ][37m [32morg.example.hrmOrange.allure.AllureReportUtils [37m-[37m [32m✅ Report copied successfully!
[0m[37m[2025-11-21 22:56:18] [34m[INFO ][37m [32morg.example.hrmOrange.allure.AllureReportUtils [37m-[37m [32mIndex file created at: C:\Users\mytie\IdeaProjects\Playwright_demo\reports\2025-11-21\index.html
[0m[37m[2025-11-21 22:56:18] [34m[INFO ][37m [32morg.example.hrmOrange.allure.AllureReportUtils [37m-[37m [32m✅ Allure Report generated successfully at: C:\Users\mytie\IdeaProjects\Playwright_demo\reports
[0m[37m[2025-11-21 22:58:38] [34m[DEBUG][37m [32morg.testng.TestNG [37m-[37m [32msuiteXmlPath: "C:\Users\mytie\AppData\Local\JetBrains\IntelliJIdea2025.2\temp-testng-customsuite.xml"
[0m[37m[2025-11-21 22:58:38] [34m[WARN ][37m [32morg.testng.internal.Configuration [37m-[37m [32mDetected a static method [org.example.hrmOrange.common.BaseTest.beforeSuite()]. Static configuration methods can cause unexpected behavior.
[0m[37m[2025-11-21 22:58:38] [34m[WARN ][37m [32morg.testng.internal.Configuration [37m-[37m [32mDetected a static method [org.example.hrmOrange.common.BaseTest.afterSuite()]. Static configuration methods can cause unexpected behavior.
[0m[37m[2025-11-21 22:58:38] [34m[INFO ][37m [32morg.testng.internal.Utils [37m-[37m [32m[TestNG] Running:
  C:\Users\mytie\AppData\Local\JetBrains\IntelliJIdea2025.2\temp-testng-customsuite.xml

[0m[37m[2025-11-21 22:58:38] [34m[INFO ][37m [32morg.example.hrmOrange.allure.AllureReportUtils [37m-[37m [32mRemoved old report
[0m[37m[2025-11-21 22:58:43] [34m[INFO ][37m [32morg.example.hrmOrange.allure.LogUtils [37m-[37m [32mNavigate to URL: https://opensource-demo.orangehrmlive.com/web/index.php/auth/login
[0m[37m[2025-11-21 22:58:46] [34m[INFO ][37m [32morg.example.hrmOrange.allure.LogUtils [37m-[37m [32mNavigate to URL: https://opensource-demo.orangehrmlive.com/web/index.php/auth/login
[0m[37m[2025-11-21 22:58:47] [34m[INFO ][37m [32morg.example.hrmOrange.allure.LogUtils [37m-[37m [32mWait until visible: //input[@name='username']
[0m[37m[2025-11-21 22:58:48] [34m[INFO ][37m [32morg.example.hrmOrange.allure.LogUtils [37m-[37m [32mFill input //input[@name='username'] with: Admin
[0m[37m[2025-11-21 22:58:48] [34m[INFO ][37m [32morg.example.hrmOrange.allure.LogUtils [37m-[37m [32mFill input //input[@name='password'] with: admin123
[0m[37m[2025-11-21 22:58:48] [34m[INFO ][37m [32morg.example.hrmOrange.allure.LogUtils [37m-[37m [32mClick element: //button[@type='submit']
[0m[37m[2025-11-21 22:58:50] [34m[INFO ][37m [32morg.example.hrmOrange.allure.LogUtils [37m-[37m [32mWait until visible: //h6[normalize-space()='Dashboard']
[0m[37m[2025-11-21 22:58:51] [34m[INFO ][37m [32morg.example.hrmOrange.allure.LogUtils [37m-[37m [32mVerify visible: //h6[normalize-space()='Dashboard'] → true
[0m[37m[2025-11-21 22:58:51] [34m[INFO ][37m [32morg.example.hrmOrange.allure.LogUtils [37m-[37m [32mClick element: //span[normalize-space()='Admin']
[0m[37m[2025-11-21 22:58:52] [34m[INFO ][37m [32morg.example.hrmOrange.allure.LogUtils [37m-[37m [32mWait until visible: //label[normalize-space()='Username']/parent::div/following-sibling::div//input
[0m[37m[2025-11-21 22:58:53] [34m[INFO ][37m [32morg.example.hrmOrange.allure.LogUtils [37m-[37m [32mFill input //label[normalize-space()='Username']/parent::div/following-sibling::div//input with: Admin
[0m[37m[2025-11-21 22:58:53] [34m[INFO ][37m [32morg.example.hrmOrange.allure.LogUtils [37m-[37m [32mClick element: //button[normalize-space()='Search']
[0m[37m[2025-11-21 22:58:53] [34m[INFO ][37m [32morg.example.hrmOrange.allure.LogUtils [37m-[37m [32mWait until visible: //div[@role='table'] | //span[normalize-space()='No Records Found']
[0m[37m[2025-11-21 22:58:53] [34m[INFO ][37m [32morg.example.hrmOrange.allure.LogUtils [37m-[37m [32mWait until visible: //div[@class='oxd-table-body']
[0m[37m[2025-11-21 22:58:55] [34m[INFO ][37m [32morg.example.hrmOrange.allure.AllureReportUtils [37m-[37m [32mStarting Allure report generation...
[0m[37m[2025-11-21 22:58:55] [34m[INFO ][37m [32morg.example.hrmOrange.allure.AllureReportUtils [37m-[37m [32mRunning: mvn allure:report
[0m[37m[2025-11-21 22:59:00] [34m[INFO ][37m [32morg.example.hrmOrange.allure.AllureReportUtils [37m-[37m [32mLooking for Allure report at: C:\Users\mytie\IdeaProjects\Playwright_demo\target\site\allure-maven-plugin
[0m[37m[2025-11-21 22:59:00] [34m[WARN ][37m [32morg.example.hrmOrange.allure.AllureReportUtils [37m-[37m [32m⚠️ Allure report directory not found at: C:\Users\mytie\IdeaProjects\Playwright_demo\target\site\allure-maven-plugin
[0m[37m[2025-11-21 22:59:00] [34m[INFO ][37m [32morg.example.hrmOrange.allure.AllureReportUtils [37m-[37m [32mChecking alternative location: target/allure-report
[0m[37m[2025-11-21 22:59:00] [34m[INFO ][37m [32morg.example.hrmOrange.allure.AllureReportUtils [37m-[37m [32mFound report at alternative location: C:\Users\mytie\IdeaProjects\Playwright_demo\target\allure-report
[0m[37m[2025-11-21 22:59:00] [34m[INFO ][37m [32morg.example.hrmOrange.allure.AllureReportUtils [37m-[37m [32mCreated directory reports\2025-11-21\common_225900
[0m[37m[2025-11-21 22:59:00] [34m[INFO ][37m [32morg.example.hrmOrange.allure.AllureReportUtils [37m-[37m [32mCopying report from: C:\Users\mytie\IdeaProjects\Playwright_demo\target\allure-report
[0m[37m[2025-11-21 22:59:00] [34m[INFO ][37m [32morg.example.hrmOrange.allure.AllureReportUtils [37m-[37m [32mCopying report to: C:\Users\mytie\IdeaProjects\Playwright_demo\reports\2025-11-21\common_225900
[0m[37m[2025-11-21 22:59:00] [34m[INFO ][37m [32morg.example.hrmOrange.allure.AllureReportUtils [37m-[37m [32m✅ Report copied successfully!
[0m[37m[2025-11-21 22:59:00] [34m[INFO ][37m [32morg.example.hrmOrange.allure.AllureReportUtils [37m-[37m [32mIndex file created at: C:\Users\mytie\IdeaProjects\Playwright_demo\reports\2025-11-21\index.html
[0m[37m[2025-11-21 22:59:00] [34m[INFO ][37m [32morg.example.hrmOrange.allure.AllureReportUtils [37m-[37m [32m✅ Allure Report generated successfully at: C:\Users\mytie\IdeaProjects\Playwright_demo\reports
[0m[37m[2025-11-21 23:00:30] [34m[DEBUG][37m [32morg.testng.TestNG [37m-[37m [32msuiteXmlPath: "C:\Users\mytie\AppData\Local\JetBrains\IntelliJIdea2025.2\temp-testng-customsuite.xml"
[0m[37m[2025-11-21 23:00:30] [34m[WARN ][37m [32morg.testng.internal.Configuration [37m-[37m [32mDetected a static method [org.example.hrmOrange.common.BaseTest.beforeSuite()]. Static configuration methods can cause unexpected behavior.
[0m[37m[2025-11-21 23:00:30] [34m[WARN ][37m [32morg.testng.internal.Configuration [37m-[37m [32mDetected a static method [org.example.hrmOrange.common.BaseTest.afterSuite()]. Static configuration methods can cause unexpected behavior.
[0m[37m[2025-11-21 23:00:30] [34m[INFO ][37m [32morg.testng.internal.Utils [37m-[37m [32m[TestNG] Running:
  C:\Users\mytie\AppData\Local\JetBrains\IntelliJIdea2025.2\temp-testng-customsuite.xml

[0m[37m[2025-11-21 23:00:30] [34m[INFO ][37m [32morg.example.hrmOrange.allure.AllureReportUtils [37m-[37m [32mRemoved old report
[0m[37m[2025-11-21 23:00:33] [34m[INFO ][37m [32morg.example.hrmOrange.allure.LogUtils [37m-[37m [32mNavigate to URL: https://opensource-demo.orangehrmlive.com/web/index.php/auth/login
[0m[37m[2025-11-21 23:00:36] [34m[INFO ][37m [32morg.example.hrmOrange.allure.LogUtils [37m-[37m [32mNavigate to URL: https://opensource-demo.orangehrmlive.com/web/index.php/auth/login
[0m[37m[2025-11-21 23:00:37] [34m[INFO ][37m [32morg.example.hrmOrange.allure.LogUtils [37m-[37m [32mWait until visible: //input[@name='username']
[0m[37m[2025-11-21 23:00:37] [34m[INFO ][37m [32morg.example.hrmOrange.allure.LogUtils [37m-[37m [32mFill input //input[@name='username'] with: Admin
[0m[37m[2025-11-21 23:00:37] [34m[INFO ][37m [32morg.example.hrmOrange.allure.LogUtils [37m-[37m [32mFill input //input[@name='password'] with: admin123
[0m[37m[2025-11-21 23:00:37] [34m[INFO ][37m [32morg.example.hrmOrange.allure.LogUtils [37m-[37m [32mClick element: //button[@type='submit']
[0m[37m[2025-11-21 23:00:38] [34m[INFO ][37m [32morg.example.hrmOrange.allure.LogUtils [37m-[37m [32mWait until visible: //h6[normalize-space()='Dashboard']
[0m[37m[2025-11-21 23:00:39] [34m[INFO ][37m [32morg.example.hrmOrange.allure.LogUtils [37m-[37m [32mVerify visible: //h6[normalize-space()='Dashboard'] → true
[0m[37m[2025-11-21 23:00:39] [34m[INFO ][37m [32morg.example.hrmOrange.allure.LogUtils [37m-[37m [32mClick element: //span[normalize-space()='Admin']
[0m[37m[2025-11-21 23:00:40] [34m[INFO ][37m [32morg.example.hrmOrange.allure.LogUtils [37m-[37m [32mWait until visible: //label[normalize-space()='Username']/parent::div/following-sibling::div//input
[0m[37m[2025-11-21 23:00:41] [34m[INFO ][37m [32morg.example.hrmOrange.allure.LogUtils [37m-[37m [32mFill input //label[normalize-space()='Username']/parent::div/following-sibling::div//input with: Admin
[0m[37m[2025-11-21 23:00:41] [34m[INFO ][37m [32morg.example.hrmOrange.allure.LogUtils [37m-[37m [32mClick element: //button[normalize-space()='Search']
[0m[37m[2025-11-21 23:00:41] [34m[INFO ][37m [32morg.example.hrmOrange.allure.LogUtils [37m-[37m [32mWait until visible: //div[@class='oxd-table-body']
[0m[37m[2025-11-21 23:00:43] [34m[INFO ][37m [32morg.example.hrmOrange.allure.LogUtils [37m-[37m [32mWait until visible: //div[@class='oxd-table-body']
[0m[37m[2025-11-21 23:00:45] [34m[INFO ][37m [32morg.example.hrmOrange.allure.AllureReportUtils [37m-[37m [32mStarting Allure report generation...
[0m[37m[2025-11-21 23:00:45] [34m[INFO ][37m [32morg.example.hrmOrange.allure.AllureReportUtils [37m-[37m [32mRunning: mvn allure:report
[0m[37m[2025-11-21 23:00:51] [34m[INFO ][37m [32morg.example.hrmOrange.allure.AllureReportUtils [37m-[37m [32mLooking for Allure report at: C:\Users\mytie\IdeaProjects\Playwright_demo\target\site\allure-maven-plugin
[0m[37m[2025-11-21 23:00:51] [34m[WARN ][37m [32morg.example.hrmOrange.allure.AllureReportUtils [37m-[37m [32m⚠️ Allure report directory not found at: C:\Users\mytie\IdeaProjects\Playwright_demo\target\site\allure-maven-plugin
[0m[37m[2025-11-21 23:00:51] [34m[INFO ][37m [32morg.example.hrmOrange.allure.AllureReportUtils [37m-[37m [32mChecking alternative location: target/allure-report
[0m[37m[2025-11-21 23:00:51] [34m[INFO ][37m [32morg.example.hrmOrange.allure.AllureReportUtils [37m-[37m [32mFound report at alternative location: C:\Users\mytie\IdeaProjects\Playwright_demo\target\allure-report
[0m[37m[2025-11-21 23:00:51] [34m[INFO ][37m [32morg.example.hrmOrange.allure.AllureReportUtils [37m-[37m [32mCreated directory reports\2025-11-21\common_230051
[0m[37m[2025-11-21 23:00:51] [34m[INFO ][37m [32morg.example.hrmOrange.allure.AllureReportUtils [37m-[37m [32mCopying report from: C:\Users\mytie\IdeaProjects\Playwright_demo\target\allure-report
[0m[37m[2025-11-21 23:00:51] [34m[INFO ][37m [32morg.example.hrmOrange.allure.AllureReportUtils [37m-[37m [32mCopying report to: C:\Users\mytie\IdeaProjects\Playwright_demo\reports\2025-11-21\common_230051
[0m[37m[2025-11-21 23:00:51] [34m[INFO ][37m [32morg.example.hrmOrange.allure.AllureReportUtils [37m-[37m [32m✅ Report copied successfully!
[0m[37m[2025-11-21 23:00:51] [34m[INFO ][37m [32morg.example.hrmOrange.allure.AllureReportUtils [37m-[37m [32mIndex file created at: C:\Users\mytie\IdeaProjects\Playwright_demo\reports\2025-11-21\index.html
[0m[37m[2025-11-21 23:00:51] [34m[INFO ][37m [32morg.example.hrmOrange.allure.AllureReportUtils [37m-[37m [32m✅ Allure Report generated successfully at: C:\Users\mytie\IdeaProjects\Playwright_demo\reports
[0m[37m[2025-11-21 23:01:13] [34m[DEBUG][37m [32morg.testng.TestNG [37m-[37m [32msuiteXmlPath: "C:\Users\mytie\AppData\Local\JetBrains\IntelliJIdea2025.2\temp-testng-customsuite.xml"
[0m[37m[2025-11-21 23:01:13] [34m[WARN ][37m [32morg.testng.internal.Configuration [37m-[37m [32mDetected a static method [org.example.hrmOrange.common.BaseTest.beforeSuite()]. Static configuration methods can cause unexpected behavior.
[0m[37m[2025-11-21 23:01:13] [34m[WARN ][37m [32morg.testng.internal.Configuration [37m-[37m [32mDetected a static method [org.example.hrmOrange.common.BaseTest.afterSuite()]. Static configuration methods can cause unexpected behavior.
[0m[37m[2025-11-21 23:01:13] [34m[INFO ][37m [32morg.testng.internal.Utils [37m-[37m [32m[TestNG] Running:
  C:\Users\mytie\AppData\Local\JetBrains\IntelliJIdea2025.2\temp-testng-customsuite.xml

[0m[37m[2025-11-21 23:01:13] [34m[INFO ][37m [32morg.example.hrmOrange.allure.AllureReportUtils [37m-[37m [32mRemoved old report
[0m[37m[2025-11-21 23:01:16] [34m[INFO ][37m [32morg.example.hrmOrange.allure.LogUtils [37m-[37m [32mNavigate to URL: https://opensource-demo.orangehrmlive.com/web/index.php/auth/login
[0m[37m[2025-11-21 23:01:20] [34m[INFO ][37m [32morg.example.hrmOrange.allure.LogUtils [37m-[37m [32mNavigate to URL: https://opensource-demo.orangehrmlive.com/web/index.php/auth/login
[0m[37m[2025-11-21 23:01:20] [34m[INFO ][37m [32morg.example.hrmOrange.allure.LogUtils [37m-[37m [32mWait until visible: //input[@name='username']
[0m[37m[2025-11-21 23:01:21] [34m[INFO ][37m [32morg.example.hrmOrange.allure.LogUtils [37m-[37m [32mFill input //input[@name='username'] with: Admin
[0m[37m[2025-11-21 23:01:21] [34m[INFO ][37m [32morg.example.hrmOrange.allure.LogUtils [37m-[37m [32mFill input //input[@name='password'] with: admin123
[0m[37m[2025-11-21 23:01:21] [34m[INFO ][37m [32morg.example.hrmOrange.allure.LogUtils [37m-[37m [32mClick element: //button[@type='submit']
[0m[37m[2025-11-21 23:01:23] [34m[INFO ][37m [32morg.example.hrmOrange.allure.LogUtils [37m-[37m [32mWait until visible: //h6[normalize-space()='Dashboard']
[0m[37m[2025-11-21 23:01:24] [34m[INFO ][37m [32morg.example.hrmOrange.allure.LogUtils [37m-[37m [32mVerify visible: //h6[normalize-space()='Dashboard'] → true
[0m[37m[2025-11-21 23:01:24] [34m[INFO ][37m [32morg.example.hrmOrange.allure.LogUtils [37m-[37m [32mClick element: //span[normalize-space()='Admin']
[0m[37m[2025-11-21 23:01:26] [34m[INFO ][37m [32morg.example.hrmOrange.allure.LogUtils [37m-[37m [32mWait until visible: //label[normalize-space()='Username']/parent::div/following-sibling::div//input
[0m[37m[2025-11-21 23:01:28] [34m[INFO ][37m [32morg.example.hrmOrange.allure.LogUtils [37m-[37m [32mFill input //label[normalize-space()='Username']/parent::div/following-sibling::div//input with: Admin
[0m[37m[2025-11-21 23:01:28] [34m[INFO ][37m [32morg.example.hrmOrange.allure.LogUtils [37m-[37m [32mClick element: //button[normalize-space()='Search']
[0m[37m[2025-11-21 23:01:28] [34m[INFO ][37m [32morg.example.hrmOrange.allure.LogUtils [37m-[37m [32mWait until visible: //div[@class='oxd-table-body']
[0m[37m[2025-11-21 23:01:29] [34m[INFO ][37m [32morg.example.hrmOrange.allure.LogUtils [37m-[37m [32mClick element: //label[normalize-space()='User Role']/following::div[contains(@class,'oxd-select-text--after')][1]
[0m[37m[2025-11-21 23:01:29] [34m[INFO ][37m [32morg.example.hrmOrange.allure.LogUtils [37m-[37m [32mClick element: //div[@role='option']//span[normalize-space()='ESS']
[0m[37m[2025-11-21 23:01:29] [34m[INFO ][37m [32morg.example.hrmOrange.allure.LogUtils [37m-[37m [32mClick element: //input[@placeholder='Type for hints...']
[0m[37m[2025-11-21 23:01:29] [34m[INFO ][37m [32morg.example.hrmOrange.allure.LogUtils [37m-[37m [32mFill input //input[@placeholder='Type for hints...'] with: 
[0m[37m[2025-11-21 23:01:30] [34m[INFO ][37m [32morg.example.hrmOrange.allure.LogUtils [37m-[37m [32mType text into //input[@placeholder='Type for hints...']: Joha
[0m[37m[2025-11-21 23:01:31] [34m[INFO ][37m [32morg.example.hrmOrange.allure.LogUtils [37m-[37m [32mWait until visible: //div[@role='listbox']
[0m[37m[2025-11-21 23:01:31] [34m[INFO ][37m [32morg.example.hrmOrange.allure.LogUtils [37m-[37m [32mClick element: //div[@role='listbox']//div[@role='option'][1]
[0m[37m[2025-11-21 23:01:32] [34m[INFO ][37m [32morg.example.hrmOrange.allure.LogUtils [37m-[37m [32mClick element: (//label[normalize-space()='Status']/parent::div/following-sibling::div//div[contains(@class,'oxd-select-text')])[1]
[0m[37m[2025-11-21 23:01:32] [34m[INFO ][37m [32morg.example.hrmOrange.allure.LogUtils [37m-[37m [32mWait until visible: //div[@role='listbox']
[0m[37m[2025-11-21 23:01:32] [34m[INFO ][37m [32morg.example.hrmOrange.allure.LogUtils [37m-[37m [32mClick element: //div[@role='listbox']//span[normalize-space()='Enabled']
[0m[37m[2025-11-21 23:01:32] [34m[INFO ][37m [32morg.example.hrmOrange.allure.LogUtils [37m-[37m [32mClick element: //button[normalize-space()='Reset']
[0m[37m[2025-11-21 23:01:32] [34m[INFO ][37m [32morg.example.hrmOrange.allure.LogUtils [37m-[37m [32mText from element [//label[normalize-space()='User Role']/parent::div/following-sibling::div//div[contains(@class,'oxd-select-text--after')]/preceding-sibling::div] = -- Select --
[0m[37m[2025-11-21 23:01:32] [34m[INFO ][37m [32morg.example.hrmOrange.allure.LogUtils [37m-[37m [32mText from element [//label[normalize-space()='Status']/parent::div/following-sibling::div//div[contains(@class,'oxd-select-text--after')]/preceding-sibling::div] = -- Select --
[0m[37m[2025-11-21 23:01:32] [34m[INFO ][37m [32morg.example.hrmOrange.allure.AllureReportUtils [37m-[37m [32mStarting Allure report generation...
[0m[37m[2025-11-21 23:01:32] [34m[INFO ][37m [32morg.example.hrmOrange.allure.AllureReportUtils [37m-[37m [32mRunning: mvn allure:report
[0m[37m[2025-11-21 23:01:37] [34m[INFO ][37m [32morg.example.hrmOrange.allure.AllureReportUtils [37m-[37m [32mLooking for Allure report at: C:\Users\mytie\IdeaProjects\Playwright_demo\target\site\allure-maven-plugin
[0m[37m[2025-11-21 23:01:37] [34m[WARN ][37m [32morg.example.hrmOrange.allure.AllureReportUtils [37m-[37m [32m⚠️ Allure report directory not found at: C:\Users\mytie\IdeaProjects\Playwright_demo\target\site\allure-maven-plugin
[0m[37m[2025-11-21 23:01:37] [34m[INFO ][37m [32morg.example.hrmOrange.allure.AllureReportUtils [37m-[37m [32mChecking alternative location: target/allure-report
[0m[37m[2025-11-21 23:01:37] [34m[INFO ][37m [32morg.example.hrmOrange.allure.AllureReportUtils [37m-[37m [32mFound report at alternative location: C:\Users\mytie\IdeaProjects\Playwright_demo\target\allure-report
[0m[37m[2025-11-21 23:01:37] [34m[INFO ][37m [32morg.example.hrmOrange.allure.AllureReportUtils [37m-[37m [32mCreated directory reports\2025-11-21\common_230137
[0m[37m[2025-11-21 23:01:37] [34m[INFO ][37m [32morg.example.hrmOrange.allure.AllureReportUtils [37m-[37m [32mCopying report from: C:\Users\mytie\IdeaProjects\Playwright_demo\target\allure-report
[0m[37m[2025-11-21 23:01:37] [34m[INFO ][37m [32morg.example.hrmOrange.allure.AllureReportUtils [37m-[37m [32mCopying report to: C:\Users\mytie\IdeaProjects\Playwright_demo\reports\2025-11-21\common_230137
[0m[37m[2025-11-21 23:01:37] [34m[INFO ][37m [32morg.example.hrmOrange.allure.AllureReportUtils [37m-[37m [32m✅ Report copied successfully!
[0m[37m[2025-11-21 23:01:37] [34m[INFO ][37m [32morg.example.hrmOrange.allure.AllureReportUtils [37m-[37m [32mIndex file created at: C:\Users\mytie\IdeaProjects\Playwright_demo\reports\2025-11-21\index.html
[0m[37m[2025-11-21 23:01:37] [34m[INFO ][37m [32morg.example.hrmOrange.allure.AllureReportUtils [37m-[37m [32m✅ Allure Report generated successfully at: C:\Users\mytie\IdeaProjects\Playwright_demo\reports
[0m[37m[2025-11-21 23:03:48] [34m[DEBUG][37m [32morg.testng.TestNG [37m-[37m [32msuiteXmlPath: "C:\Users\mytie\AppData\Local\JetBrains\IntelliJIdea2025.2\temp-testng-customsuite.xml"
[0m[37m[2025-11-21 23:03:49] [34m[WARN ][37m [32morg.testng.internal.Configuration [37m-[37m [32mDetected a static method [org.example.hrmOrange.common.BaseTest.beforeSuite()]. Static configuration methods can cause unexpected behavior.
[0m[37m[2025-11-21 23:03:49] [34m[WARN ][37m [32morg.testng.internal.Configuration [37m-[37m [32mDetected a static method [org.example.hrmOrange.common.BaseTest.afterSuite()]. Static configuration methods can cause unexpected behavior.
[0m[37m[2025-11-21 23:03:49] [34m[INFO ][37m [32morg.testng.internal.Utils [37m-[37m [32m[TestNG] Running:
  C:\Users\mytie\AppData\Local\JetBrains\IntelliJIdea2025.2\temp-testng-customsuite.xml

[0m[37m[2025-11-21 23:03:49] [34m[INFO ][37m [32morg.example.hrmOrange.allure.AllureReportUtils [37m-[37m [32mRemoved old report
[0m[37m[2025-11-21 23:03:51] [34m[INFO ][37m [32morg.example.hrmOrange.allure.LogUtils [37m-[37m [32mNavigate to URL: https://opensource-demo.orangehrmlive.com/web/index.php/auth/login
[0m[37m[2025-11-21 23:03:55] [34m[INFO ][37m [32morg.example.hrmOrange.allure.LogUtils [37m-[37m [32mNavigate to URL: https://opensource-demo.orangehrmlive.com/web/index.php/auth/login
[0m[37m[2025-11-21 23:03:55] [34m[INFO ][37m [32morg.example.hrmOrange.allure.LogUtils [37m-[37m [32mWait until visible: //input[@name='username']
[0m[37m[2025-11-21 23:03:57] [34m[INFO ][37m [32morg.example.hrmOrange.allure.LogUtils [37m-[37m [32mFill input //input[@name='username'] with: Admin
[0m[37m[2025-11-21 23:03:57] [34m[INFO ][37m [32morg.example.hrmOrange.allure.LogUtils [37m-[37m [32mFill input //input[@name='password'] with: admin123
[0m[37m[2025-11-21 23:03:57] [34m[INFO ][37m [32morg.example.hrmOrange.allure.LogUtils [37m-[37m [32mClick element: //button[@type='submit']
[0m[37m[2025-11-21 23:03:59] [34m[INFO ][37m [32morg.example.hrmOrange.allure.LogUtils [37m-[37m [32mWait until visible: //h6[normalize-space()='Dashboard']
[0m[37m[2025-11-21 23:04:00] [34m[INFO ][37m [32morg.example.hrmOrange.allure.LogUtils [37m-[37m [32mVerify visible: //h6[normalize-space()='Dashboard'] → true
[0m[37m[2025-11-21 23:04:00] [34m[INFO ][37m [32morg.example.hrmOrange.allure.LogUtils [37m-[37m [32mClick element: //span[normalize-space()='Admin']
[0m[37m[2025-11-21 23:04:01] [34m[INFO ][37m [32morg.example.hrmOrange.allure.LogUtils [37m-[37m [32mWait until visible: //label[normalize-space()='Username']/parent::div/following-sibling::div//input
[0m[37m[2025-11-21 23:04:02] [34m[INFO ][37m [32morg.example.hrmOrange.allure.LogUtils [37m-[37m [32mClick element: //label[normalize-space()='User Role']/following::div[contains(@class,'oxd-select-text--after')][1]
[0m[37m[2025-11-21 23:04:02] [34m[INFO ][37m [32morg.example.hrmOrange.allure.LogUtils [37m-[37m [32mClick element: //div[@role='option']//span[normalize-space()='Admin']
[0m[37m[2025-11-21 23:04:02] [34m[INFO ][37m [32morg.example.hrmOrange.allure.LogUtils [37m-[37m [32mClick element: //button[normalize-space()='Search']
[0m[37m[2025-11-21 23:04:02] [34m[INFO ][37m [32morg.example.hrmOrange.allure.LogUtils [37m-[37m [32mWait until visible: //div[@class='oxd-table-body']
[0m[37m[2025-11-21 23:04:05] [34m[INFO ][37m [32morg.example.hrmOrange.allure.AllureReportUtils [37m-[37m [32mStarting Allure report generation...
[0m[37m[2025-11-21 23:04:05] [34m[INFO ][37m [32morg.example.hrmOrange.allure.AllureReportUtils [37m-[37m [32mRunning: mvn allure:report
[0m[37m[2025-11-21 23:04:10] [34m[INFO ][37m [32morg.example.hrmOrange.allure.AllureReportUtils [37m-[37m [32mLooking for Allure report at: C:\Users\mytie\IdeaProjects\Playwright_demo\target\site\allure-maven-plugin
[0m[37m[2025-11-21 23:04:10] [34m[WARN ][37m [32morg.example.hrmOrange.allure.AllureReportUtils [37m-[37m [32m⚠️ Allure report directory not found at: C:\Users\mytie\IdeaProjects\Playwright_demo\target\site\allure-maven-plugin
[0m[37m[2025-11-21 23:04:10] [34m[INFO ][37m [32morg.example.hrmOrange.allure.AllureReportUtils [37m-[37m [32mChecking alternative location: target/allure-report
[0m[37m[2025-11-21 23:04:10] [34m[INFO ][37m [32morg.example.hrmOrange.allure.AllureReportUtils [37m-[37m [32mFound report at alternative location: C:\Users\mytie\IdeaProjects\Playwright_demo\target\allure-report
[0m[37m[2025-11-21 23:04:10] [34m[INFO ][37m [32morg.example.hrmOrange.allure.AllureReportUtils [37m-[37m [32mCreated directory reports\2025-11-21\common_230410
[0m[37m[2025-11-21 23:04:10] [34m[INFO ][37m [32morg.example.hrmOrange.allure.AllureReportUtils [37m-[37m [32mCopying report from: C:\Users\mytie\IdeaProjects\Playwright_demo\target\allure-report
[0m[37m[2025-11-21 23:04:10] [34m[INFO ][37m [32morg.example.hrmOrange.allure.AllureReportUtils [37m-[37m [32mCopying report to: C:\Users\mytie\IdeaProjects\Playwright_demo\reports\2025-11-21\common_230410
[0m[37m[2025-11-21 23:04:11] [34m[INFO ][37m [32morg.example.hrmOrange.allure.AllureReportUtils [37m-[37m [32m✅ Report copied successfully!
[0m[37m[2025-11-21 23:04:11] [34m[INFO ][37m [32morg.example.hrmOrange.allure.AllureReportUtils [37m-[37m [32mIndex file created at: C:\Users\mytie\IdeaProjects\Playwright_demo\reports\2025-11-21\index.html
[0m[37m[2025-11-21 23:04:11] [34m[INFO ][37m [32morg.example.hrmOrange.allure.AllureReportUtils [37m-[37m [32m✅ Allure Report generated successfully at: C:\Users\mytie\IdeaProjects\Playwright_demo\reports
[0m[37m[2025-11-21 23:05:47] [34m[DEBUG][37m [32morg.testng.TestNG [37m-[37m [32msuiteXmlPath: "C:\Users\mytie\AppData\Local\JetBrains\IntelliJIdea2025.2\temp-testng-customsuite.xml"
[0m[37m[2025-11-21 23:05:47] [34m[WARN ][37m [32morg.testng.internal.Configuration [37m-[37m [32mDetected a static method [org.example.hrmOrange.common.BaseTest.beforeSuite()]. Static configuration methods can cause unexpected behavior.
[0m[37m[2025-11-21 23:05:47] [34m[WARN ][37m [32morg.testng.internal.Configuration [37m-[37m [32mDetected a static method [org.example.hrmOrange.common.BaseTest.afterSuite()]. Static configuration methods can cause unexpected behavior.
[0m[37m[2025-11-21 23:05:47] [34m[INFO ][37m [32morg.testng.internal.Utils [37m-[37m [32m[TestNG] Running:
  C:\Users\mytie\AppData\Local\JetBrains\IntelliJIdea2025.2\temp-testng-customsuite.xml

[0m[37m[2025-11-21 23:05:47] [34m[INFO ][37m [32morg.example.hrmOrange.allure.AllureReportUtils [37m-[37m [32mRemoved old report
[0m[37m[2025-11-21 23:05:50] [34m[INFO ][37m [32morg.example.hrmOrange.allure.LogUtils [37m-[37m [32mNavigate to URL: https://opensource-demo.orangehrmlive.com/web/index.php/auth/login
[0m[37m[2025-11-21 23:05:54] [34m[INFO ][37m [32morg.example.hrmOrange.allure.LogUtils [37m-[37m [32mNavigate to URL: https://opensource-demo.orangehrmlive.com/web/index.php/auth/login
[0m[37m[2025-11-21 23:05:54] [34m[INFO ][37m [32morg.example.hrmOrange.allure.LogUtils [37m-[37m [32mWait until visible: //input[@name='username']
[0m[37m[2025-11-21 23:05:55] [34m[INFO ][37m [32morg.example.hrmOrange.allure.LogUtils [37m-[37m [32mFill input //input[@name='username'] with: Admin
[0m[37m[2025-11-21 23:05:55] [34m[INFO ][37m [32morg.example.hrmOrange.allure.LogUtils [37m-[37m [32mFill input //input[@name='password'] with: admin123
[0m[37m[2025-11-21 23:05:55] [34m[INFO ][37m [32morg.example.hrmOrange.allure.LogUtils [37m-[37m [32mClick element: //button[@type='submit']
[0m[37m[2025-11-21 23:05:56] [34m[INFO ][37m [32morg.example.hrmOrange.allure.LogUtils [37m-[37m [32mWait until visible: //h6[normalize-space()='Dashboard']
[0m[37m[2025-11-21 23:05:57] [34m[INFO ][37m [32morg.example.hrmOrange.allure.LogUtils [37m-[37m [32mVerify visible: //h6[normalize-space()='Dashboard'] → true
[0m[37m[2025-11-21 23:05:57] [34m[INFO ][37m [32morg.example.hrmOrange.allure.LogUtils [37m-[37m [32mClick element: //span[normalize-space()='Admin']
[0m[37m[2025-11-21 23:05:58] [34m[INFO ][37m [32morg.example.hrmOrange.allure.LogUtils [37m-[37m [32mWait until visible: //label[normalize-space()='Username']/parent::div/following-sibling::div//input
[0m[37m[2025-11-21 23:05:59] [34m[INFO ][37m [32morg.example.hrmOrange.allure.LogUtils [37m-[37m [32mClick element: (//label[normalize-space()='Status']/parent::div/following-sibling::div//div[contains(@class,'oxd-select-text')])[1]
[0m[37m[2025-11-21 23:05:59] [34m[INFO ][37m [32morg.example.hrmOrange.allure.LogUtils [37m-[37m [32mWait until visible: //div[@role='listbox']
[0m[37m[2025-11-21 23:05:59] [34m[INFO ][37m [32morg.example.hrmOrange.allure.LogUtils [37m-[37m [32mClick element: //div[@role='listbox']//span[normalize-space()='Enabled']
[0m[37m[2025-11-21 23:05:59] [34m[INFO ][37m [32morg.example.hrmOrange.allure.LogUtils [37m-[37m [32mClick element: //button[normalize-space()='Search']
[0m[37m[2025-11-21 23:05:59] [34m[INFO ][37m [32morg.example.hrmOrange.allure.LogUtils [37m-[37m [32mVerify visible: //div[contains(@class,'orangehrm-container')] → true
[0m[37m[2025-11-21 23:06:00] [34m[INFO ][37m [32morg.example.hrmOrange.allure.AllureReportUtils [37m-[37m [32mStarting Allure report generation...
[0m[37m[2025-11-21 23:06:00] [34m[INFO ][37m [32morg.example.hrmOrange.allure.AllureReportUtils [37m-[37m [32mRunning: mvn allure:report
[0m[37m[2025-11-21 23:06:04] [34m[INFO ][37m [32morg.example.hrmOrange.allure.AllureReportUtils [37m-[37m [32mLooking for Allure report at: C:\Users\mytie\IdeaProjects\Playwright_demo\target\site\allure-maven-plugin
[0m[37m[2025-11-21 23:06:04] [34m[WARN ][37m [32morg.example.hrmOrange.allure.AllureReportUtils [37m-[37m [32m⚠️ Allure report directory not found at: C:\Users\mytie\IdeaProjects\Playwright_demo\target\site\allure-maven-plugin
[0m[37m[2025-11-21 23:06:04] [34m[INFO ][37m [32morg.example.hrmOrange.allure.AllureReportUtils [37m-[37m [32mChecking alternative location: target/allure-report
[0m[37m[2025-11-21 23:06:04] [34m[INFO ][37m [32morg.example.hrmOrange.allure.AllureReportUtils [37m-[37m [32mFound report at alternative location: C:\Users\mytie\IdeaProjects\Playwright_demo\target\allure-report
[0m[37m[2025-11-21 23:06:04] [34m[INFO ][37m [32morg.example.hrmOrange.allure.AllureReportUtils [37m-[37m [32mCreated directory reports\2025-11-21\common_230604
[0m[37m[2025-11-21 23:06:04] [34m[INFO ][37m [32morg.example.hrmOrange.allure.AllureReportUtils [37m-[37m [32mCopying report from: C:\Users\mytie\IdeaProjects\Playwright_demo\target\allure-report
[0m[37m[2025-11-21 23:06:04] [34m[INFO ][37m [32morg.example.hrmOrange.allure.AllureReportUtils [37m-[37m [32mCopying report to: C:\Users\mytie\IdeaProjects\Playwright_demo\reports\2025-11-21\common_230604
[0m[37m[2025-11-21 23:06:04] [34m[INFO ][37m [32morg.example.hrmOrange.allure.AllureReportUtils [37m-[37m [32m✅ Report copied successfully!
[0m[37m[2025-11-21 23:06:04] [34m[INFO ][37m [32morg.example.hrmOrange.allure.AllureReportUtils [37m-[37m [32mIndex file created at: C:\Users\mytie\IdeaProjects\Playwright_demo\reports\2025-11-21\index.html
[0m[37m[2025-11-21 23:06:04] [34m[INFO ][37m [32morg.example.hrmOrange.allure.AllureReportUtils [37m-[37m [32m✅ Allure Report generated successfully at: C:\Users\mytie\IdeaProjects\Playwright_demo\reports
[0m[37m[2025-11-21 23:07:50] [34m[DEBUG][37m [32morg.testng.TestNG [37m-[37m [32msuiteXmlPath: "C:\Users\mytie\AppData\Local\JetBrains\IntelliJIdea2025.2\temp-testng-customsuite.xml"
[0m[37m[2025-11-21 23:07:50] [34m[WARN ][37m [32morg.testng.internal.Configuration [37m-[37m [32mDetected a static method [org.example.hrmOrange.common.BaseTest.beforeSuite()]. Static configuration methods can cause unexpected behavior.
[0m[37m[2025-11-21 23:07:50] [34m[WARN ][37m [32morg.testng.internal.Configuration [37m-[37m [32mDetected a static method [org.example.hrmOrange.common.BaseTest.afterSuite()]. Static configuration methods can cause unexpected behavior.
[0m[37m[2025-11-21 23:07:50] [34m[INFO ][37m [32morg.testng.internal.Utils [37m-[37m [32m[TestNG] Running:
  C:\Users\mytie\AppData\Local\JetBrains\IntelliJIdea2025.2\temp-testng-customsuite.xml

[0m[37m[2025-11-21 23:07:50] [34m[INFO ][37m [32morg.example.hrmOrange.allure.AllureReportUtils [37m-[37m [32mRemoved old report
[0m[37m[2025-11-21 23:07:54] [34m[INFO ][37m [32morg.example.hrmOrange.allure.LogUtils [37m-[37m [32mNavigate to URL: https://opensource-demo.orangehrmlive.com/web/index.php/auth/login
[0m[37m[2025-11-21 23:07:57] [34m[INFO ][37m [32morg.example.hrmOrange.allure.LogUtils [37m-[37m [32mNavigate to URL: https://opensource-demo.orangehrmlive.com/web/index.php/auth/login
[0m[37m[2025-11-21 23:07:57] [34m[INFO ][37m [32morg.example.hrmOrange.allure.LogUtils [37m-[37m [32mWait until visible: //input[@name='username']
[0m[37m[2025-11-21 23:07:58] [34m[INFO ][37m [32morg.example.hrmOrange.allure.LogUtils [37m-[37m [32mFill input //input[@name='username'] with: Admin
[0m[37m[2025-11-21 23:07:58] [34m[INFO ][37m [32morg.example.hrmOrange.allure.LogUtils [37m-[37m [32mFill input //input[@name='password'] with: admin123
[0m[37m[2025-11-21 23:07:58] [34m[INFO ][37m [32morg.example.hrmOrange.allure.LogUtils [37m-[37m [32mClick element: //button[@type='submit']
[0m[37m[2025-11-21 23:08:00] [34m[INFO ][37m [32morg.example.hrmOrange.allure.LogUtils [37m-[37m [32mWait until visible: //h6[normalize-space()='Dashboard']
[0m[37m[2025-11-21 23:08:00] [34m[INFO ][37m [32morg.example.hrmOrange.allure.LogUtils [37m-[37m [32mVerify visible: //h6[normalize-space()='Dashboard'] → true
[0m[37m[2025-11-21 23:08:00] [34m[INFO ][37m [32morg.example.hrmOrange.allure.LogUtils [37m-[37m [32mClick element: //span[normalize-space()='Admin']
[0m[37m[2025-11-21 23:08:01] [34m[INFO ][37m [32morg.example.hrmOrange.allure.LogUtils [37m-[37m [32mWait until visible: //label[normalize-space()='Username']/parent::div/following-sibling::div//input
[0m[37m[2025-11-21 23:08:03] [34m[INFO ][37m [32morg.example.hrmOrange.allure.LogUtils [37m-[37m [32mClick element: //input[@placeholder='Type for hints...']
[0m[37m[2025-11-21 23:08:03] [34m[INFO ][37m [32morg.example.hrmOrange.allure.LogUtils [37m-[37m [32mFill input //input[@placeholder='Type for hints...'] with: 
[0m[37m[2025-11-21 23:08:03] [34m[INFO ][37m [32morg.example.hrmOrange.allure.LogUtils [37m-[37m [32mType text into //input[@placeholder='Type for hints...']: Joha
[0m[37m[2025-11-21 23:08:04] [34m[INFO ][37m [32morg.example.hrmOrange.allure.LogUtils [37m-[37m [32mWait until visible: //div[@role='listbox']
[0m[37m[2025-11-21 23:08:04] [34m[INFO ][37m [32morg.example.hrmOrange.allure.LogUtils [37m-[37m [32mClick element: //div[@role='listbox']//div[@role='option'][1]
[0m[37m[2025-11-21 23:08:05] [34m[INFO ][37m [32morg.example.hrmOrange.allure.LogUtils [37m-[37m [32mClick element: //button[normalize-space()='Search']
[0m[37m[2025-11-21 23:08:05] [34m[INFO ][37m [32morg.example.hrmOrange.allure.LogUtils [37m-[37m [32mWait until visible: //div[@role='rowgroup']//div[@role='row']//div[@role='cell' and contains(translate(normalize-space(.), 'ABCDEFGHIJKLMNOPQRSTUVWXYZ', 'abcdefghijklmnopqrstuvwxyz'), 'johana')]
[0m[37m[2025-11-21 23:08:15] [34m[INFO ][37m [32morg.example.hrmOrange.allure.AllureReportUtils [37m-[37m [32mStarting Allure report generation...
[0m[37m[2025-11-21 23:08:15] [34m[INFO ][37m [32morg.example.hrmOrange.allure.AllureReportUtils [37m-[37m [32mRunning: mvn allure:report
[0m[37m[2025-11-21 23:08:20] [34m[INFO ][37m [32morg.example.hrmOrange.allure.AllureReportUtils [37m-[37m [32mLooking for Allure report at: C:\Users\mytie\IdeaProjects\Playwright_demo\target\site\allure-maven-plugin
[0m[37m[2025-11-21 23:08:20] [34m[WARN ][37m [32morg.example.hrmOrange.allure.AllureReportUtils [37m-[37m [32m⚠️ Allure report directory not found at: C:\Users\mytie\IdeaProjects\Playwright_demo\target\site\allure-maven-plugin
[0m[37m[2025-11-21 23:08:20] [34m[INFO ][37m [32morg.example.hrmOrange.allure.AllureReportUtils [37m-[37m [32mChecking alternative location: target/allure-report
[0m[37m[2025-11-21 23:08:20] [34m[INFO ][37m [32morg.example.hrmOrange.allure.AllureReportUtils [37m-[37m [32mFound report at alternative location: C:\Users\mytie\IdeaProjects\Playwright_demo\target\allure-report
[0m[37m[2025-11-21 23:08:20] [34m[INFO ][37m [32morg.example.hrmOrange.allure.AllureReportUtils [37m-[37m [32mCreated directory reports\2025-11-21\common_230820
[0m[37m[2025-11-21 23:08:20] [34m[INFO ][37m [32morg.example.hrmOrange.allure.AllureReportUtils [37m-[37m [32mCopying report from: C:\Users\mytie\IdeaProjects\Playwright_demo\target\allure-report
[0m[37m[2025-11-21 23:08:20] [34m[INFO ][37m [32morg.example.hrmOrange.allure.AllureReportUtils [37m-[37m [32mCopying report to: C:\Users\mytie\IdeaProjects\Playwright_demo\reports\2025-11-21\common_230820
[0m[37m[2025-11-21 23:08:20] [34m[INFO ][37m [32morg.example.hrmOrange.allure.AllureReportUtils [37m-[37m [32m✅ Report copied successfully!
[0m[37m[2025-11-21 23:08:20] [34m[INFO ][37m [32morg.example.hrmOrange.allure.AllureReportUtils [37m-[37m [32mIndex file created at: C:\Users\mytie\IdeaProjects\Playwright_demo\reports\2025-11-21\index.html
[0m[37m[2025-11-21 23:08:20] [34m[INFO ][37m [32morg.example.hrmOrange.allure.AllureReportUtils [37m-[37m [32m✅ Allure Report generated successfully at: C:\Users\mytie\IdeaProjects\Playwright_demo\reports
[0m[37m[2025-11-21 23:14:11] [34m[DEBUG][37m [32morg.testng.TestNG [37m-[37m [32msuiteXmlPath: "C:\Users\mytie\AppData\Local\JetBrains\IntelliJIdea2025.2\temp-testng-customsuite.xml"
[0m[37m[2025-11-21 23:14:11] [34m[WARN ][37m [32morg.testng.internal.Configuration [37m-[37m [32mDetected a static method [org.example.hrmOrange.common.BaseTest.beforeSuite()]. Static configuration methods can cause unexpected behavior.
[0m[37m[2025-11-21 23:14:11] [34m[WARN ][37m [32morg.testng.internal.Configuration [37m-[37m [32mDetected a static method [org.example.hrmOrange.common.BaseTest.afterSuite()]. Static configuration methods can cause unexpected behavior.
[0m[37m[2025-11-21 23:14:11] [34m[INFO ][37m [32morg.testng.internal.Utils [37m-[37m [32m[TestNG] Running:
  C:\Users\mytie\AppData\Local\JetBrains\IntelliJIdea2025.2\temp-testng-customsuite.xml

[0m[37m[2025-11-21 23:14:11] [34m[INFO ][37m [32morg.example.hrmOrange.allure.AllureReportUtils [37m-[37m [32mRemoved old report
[0m[37m[2025-11-21 23:14:14] [34m[INFO ][37m [32morg.example.hrmOrange.allure.LogUtils [37m-[37m [32mNavigate to URL: https://opensource-demo.orangehrmlive.com/web/index.php/auth/login
[0m[37m[2025-11-21 23:14:18] [34m[INFO ][37m [32morg.example.hrmOrange.allure.LogUtils [37m-[37m [32mNavigate to URL: https://opensource-demo.orangehrmlive.com/web/index.php/auth/login
[0m[37m[2025-11-21 23:14:18] [34m[INFO ][37m [32morg.example.hrmOrange.allure.LogUtils [37m-[37m [32mWait until visible: //input[@name='username']
[0m[37m[2025-11-21 23:14:19] [34m[INFO ][37m [32morg.example.hrmOrange.allure.LogUtils [37m-[37m [32mFill input //input[@name='username'] with: Admin
[0m[37m[2025-11-21 23:14:19] [34m[INFO ][37m [32morg.example.hrmOrange.allure.LogUtils [37m-[37m [32mFill input //input[@name='password'] with: admin123
[0m[37m[2025-11-21 23:14:19] [34m[INFO ][37m [32morg.example.hrmOrange.allure.LogUtils [37m-[37m [32mClick element: //button[@type='submit']
[0m[37m[2025-11-21 23:14:20] [34m[INFO ][37m [32morg.example.hrmOrange.allure.LogUtils [37m-[37m [32mWait until visible: //h6[normalize-space()='Dashboard']
[0m[37m[2025-11-21 23:14:21] [34m[INFO ][37m [32morg.example.hrmOrange.allure.LogUtils [37m-[37m [32mVerify visible: //h6[normalize-space()='Dashboard'] → true
[0m[37m[2025-11-21 23:14:21] [34m[INFO ][37m [32morg.example.hrmOrange.allure.LogUtils [37m-[37m [32mClick element: //span[normalize-space()='Admin']
[0m[37m[2025-11-21 23:14:22] [34m[INFO ][37m [32morg.example.hrmOrange.allure.LogUtils [37m-[37m [32mWait until visible: //label[normalize-space()='Username']/parent::div/following-sibling::div//input
[0m[37m[2025-11-21 23:14:23] [34m[INFO ][37m [32morg.example.hrmOrange.allure.LogUtils [37m-[37m [32mFill input //input[@placeholder='Type for hints...'] with: Invalid Employee XYZ
[0m[37m[2025-11-21 23:14:23] [34m[INFO ][37m [32morg.example.hrmOrange.allure.LogUtils [37m-[37m [32mClick element: //button[normalize-space()='Search']
[0m[37m[2025-11-21 23:14:23] [34m[INFO ][37m [32morg.example.hrmOrange.allure.LogUtils [37m-[37m [32mWait until visible: //span[contains(@class, 'oxd-input-field-error-message') and text()='Invalid']
[0m[37m[2025-11-21 23:14:23] [34m[INFO ][37m [32morg.example.hrmOrange.allure.LogUtils [37m-[37m [32mVerify visible: //span[contains(@class, 'oxd-input-field-error-message') and text()='Invalid'] → true
[0m[37m[2025-11-21 23:14:24] [34m[INFO ][37m [32morg.example.hrmOrange.allure.AllureReportUtils [37m-[37m [32mStarting Allure report generation...
[0m[37m[2025-11-21 23:14:24] [34m[INFO ][37m [32morg.example.hrmOrange.allure.AllureReportUtils [37m-[37m [32mRunning: mvn allure:report
[0m[37m[2025-11-21 23:14:28] [34m[INFO ][37m [32morg.example.hrmOrange.allure.AllureReportUtils [37m-[37m [32mLooking for Allure report at: C:\Users\mytie\IdeaProjects\Playwright_demo\target\site\allure-maven-plugin
[0m[37m[2025-11-21 23:14:28] [34m[WARN ][37m [32morg.example.hrmOrange.allure.AllureReportUtils [37m-[37m [32m⚠️ Allure report directory not found at: C:\Users\mytie\IdeaProjects\Playwright_demo\target\site\allure-maven-plugin
[0m[37m[2025-11-21 23:14:28] [34m[INFO ][37m [32morg.example.hrmOrange.allure.AllureReportUtils [37m-[37m [32mChecking alternative location: target/allure-report
[0m[37m[2025-11-21 23:14:28] [34m[INFO ][37m [32morg.example.hrmOrange.allure.AllureReportUtils [37m-[37m [32mFound report at alternative location: C:\Users\mytie\IdeaProjects\Playwright_demo\target\allure-report
[0m[37m[2025-11-21 23:14:28] [34m[INFO ][37m [32morg.example.hrmOrange.allure.AllureReportUtils [37m-[37m [32mCreated directory reports\2025-11-21\common_231428
[0m[37m[2025-11-21 23:14:28] [34m[INFO ][37m [32morg.example.hrmOrange.allure.AllureReportUtils [37m-[37m [32mCopying report from: C:\Users\mytie\IdeaProjects\Playwright_demo\target\allure-report
[0m[37m[2025-11-21 23:14:28] [34m[INFO ][37m [32morg.example.hrmOrange.allure.AllureReportUtils [37m-[37m [32mCopying report to: C:\Users\mytie\IdeaProjects\Playwright_demo\reports\2025-11-21\common_231428
[0m[37m[2025-11-21 23:14:28] [34m[INFO ][37m [32morg.example.hrmOrange.allure.AllureReportUtils [37m-[37m [32m✅ Report copied successfully!
[0m[37m[2025-11-21 23:14:28] [34m[INFO ][37m [32morg.example.hrmOrange.allure.AllureReportUtils [37m-[37m [32mIndex file created at: C:\Users\mytie\IdeaProjects\Playwright_demo\reports\2025-11-21\index.html
[0m[37m[2025-11-21 23:14:28] [34m[INFO ][37m [32morg.example.hrmOrange.allure.AllureReportUtils [37m-[37m [32m✅ Allure Report generated successfully at: C:\Users\mytie\IdeaProjects\Playwright_demo\reports
[0m[37m[2025-11-21 23:18:22] [34m[DEBUG][37m [32morg.testng.TestNG [37m-[37m [32msuiteXmlPath: "C:\Users\mytie\AppData\Local\JetBrains\IntelliJIdea2025.2\temp-testng-customsuite.xml"
[0m[37m[2025-11-21 23:18:22] [34m[WARN ][37m [32morg.testng.internal.Configuration [37m-[37m [32mDetected a static method [org.example.hrmOrange.common.BaseTest.beforeSuite()]. Static configuration methods can cause unexpected behavior.
[0m[37m[2025-11-21 23:18:22] [34m[WARN ][37m [32morg.testng.internal.Configuration [37m-[37m [32mDetected a static method [org.example.hrmOrange.common.BaseTest.afterSuite()]. Static configuration methods can cause unexpected behavior.
[0m[37m[2025-11-21 23:18:22] [34m[INFO ][37m [32morg.testng.internal.Utils [37m-[37m [32m[TestNG] Running:
  C:\Users\mytie\AppData\Local\JetBrains\IntelliJIdea2025.2\temp-testng-customsuite.xml

[0m[37m[2025-11-21 23:18:22] [34m[INFO ][37m [32morg.example.hrmOrange.allure.AllureReportUtils [37m-[37m [32mRemoved old report
[0m[37m[2025-11-21 23:18:25] [34m[INFO ][37m [32morg.example.hrmOrange.allure.LogUtils [37m-[37m [32mNavigate to URL: https://opensource-demo.orangehrmlive.com/web/index.php/auth/login
[0m[37m[2025-11-21 23:18:29] [34m[INFO ][37m [32morg.example.hrmOrange.allure.LogUtils [37m-[37m [32mNavigate to URL: https://opensource-demo.orangehrmlive.com/web/index.php/auth/login
[0m[37m[2025-11-21 23:18:29] [34m[INFO ][37m [32morg.example.hrmOrange.allure.LogUtils [37m-[37m [32mWait until visible: //input[@name='username']
[0m[37m[2025-11-21 23:18:30] [34m[INFO ][37m [32morg.example.hrmOrange.allure.LogUtils [37m-[37m [32mFill input //input[@name='username'] with: Admin
[0m[37m[2025-11-21 23:18:30] [34m[INFO ][37m [32morg.example.hrmOrange.allure.LogUtils [37m-[37m [32mFill input //input[@name='password'] with: admin123
[0m[37m[2025-11-21 23:18:30] [34m[INFO ][37m [32morg.example.hrmOrange.allure.LogUtils [37m-[37m [32mClick element: //button[@type='submit']
[0m[37m[2025-11-21 23:18:31] [34m[INFO ][37m [32morg.example.hrmOrange.allure.LogUtils [37m-[37m [32mWait until visible: //h6[normalize-space()='Dashboard']
[0m[37m[2025-11-21 23:18:32] [34m[INFO ][37m [32morg.example.hrmOrange.allure.LogUtils [37m-[37m [32mVerify visible: //h6[normalize-space()='Dashboard'] → true
[0m[37m[2025-11-21 23:18:32] [34m[INFO ][37m [32morg.example.hrmOrange.allure.LogUtils [37m-[37m [32mClick element: //span[normalize-space()='Admin']
[0m[37m[2025-11-21 23:18:33] [34m[INFO ][37m [32morg.example.hrmOrange.allure.LogUtils [37m-[37m [32mWait until visible: //label[normalize-space()='Username']/parent::div/following-sibling::div//input
[0m[37m[2025-11-21 23:18:34] [34m[INFO ][37m [32morg.example.hrmOrange.allure.LogUtils [37m-[37m [32mClick element: //input[@placeholder='Type for hints...']
[0m[37m[2025-11-21 23:18:34] [34m[INFO ][37m [32morg.example.hrmOrange.allure.LogUtils [37m-[37m [32mFill input //input[@placeholder='Type for hints...'] with: 
[0m[37m[2025-11-21 23:18:34] [34m[INFO ][37m [32morg.example.hrmOrange.allure.LogUtils [37m-[37m [32mType text into //input[@placeholder='Type for hints...']: NonE
[0m[37m[2025-11-21 23:18:35] [34m[INFO ][37m [32morg.example.hrmOrange.allure.LogUtils [37m-[37m [32mWait until visible: //div[@role='listbox']
[0m[37m[2025-11-21 23:18:35] [34m[INFO ][37m [32morg.example.hrmOrange.allure.LogUtils [37m-[37m [32mClick element: //div[@role='listbox']//div[@role='option'][1]
[0m[37m[2025-11-21 23:18:36] [34m[INFO ][37m [32morg.example.hrmOrange.allure.LogUtils [37m-[37m [32mClick element: //button[normalize-space()='Search']
[0m[37m[2025-11-21 23:18:36] [34m[INFO ][37m [32morg.example.hrmOrange.allure.LogUtils [37m-[37m [32mWait until visible: //span[normalize-space()='No Records Found']
[0m[37m[2025-11-21 23:18:41] [34m[INFO ][37m [32morg.example.hrmOrange.allure.AllureReportUtils [37m-[37m [32mStarting Allure report generation...
[0m[37m[2025-11-21 23:18:41] [34m[INFO ][37m [32morg.example.hrmOrange.allure.AllureReportUtils [37m-[37m [32mRunning: mvn allure:report
[0m[37m[2025-11-21 23:18:46] [34m[INFO ][37m [32morg.example.hrmOrange.allure.AllureReportUtils [37m-[37m [32mLooking for Allure report at: C:\Users\mytie\IdeaProjects\Playwright_demo\target\site\allure-maven-plugin
[0m[37m[2025-11-21 23:18:46] [34m[WARN ][37m [32morg.example.hrmOrange.allure.AllureReportUtils [37m-[37m [32m⚠️ Allure report directory not found at: C:\Users\mytie\IdeaProjects\Playwright_demo\target\site\allure-maven-plugin
[0m[37m[2025-11-21 23:18:46] [34m[INFO ][37m [32morg.example.hrmOrange.allure.AllureReportUtils [37m-[37m [32mChecking alternative location: target/allure-report
[0m[37m[2025-11-21 23:18:46] [34m[INFO ][37m [32morg.example.hrmOrange.allure.AllureReportUtils [37m-[37m [32mFound report at alternative location: C:\Users\mytie\IdeaProjects\Playwright_demo\target\allure-report
[0m[37m[2025-11-21 23:18:46] [34m[INFO ][37m [32morg.example.hrmOrange.allure.AllureReportUtils [37m-[37m [32mCreated directory reports\2025-11-21\common_231846
[0m[37m[2025-11-21 23:18:46] [34m[INFO ][37m [32morg.example.hrmOrange.allure.AllureReportUtils [37m-[37m [32mCopying report from: C:\Users\mytie\IdeaProjects\Playwright_demo\target\allure-report
[0m[37m[2025-11-21 23:18:46] [34m[INFO ][37m [32morg.example.hrmOrange.allure.AllureReportUtils [37m-[37m [32mCopying report to: C:\Users\mytie\IdeaProjects\Playwright_demo\reports\2025-11-21\common_231846
[0m[37m[2025-11-21 23:18:46] [34m[INFO ][37m [32morg.example.hrmOrange.allure.AllureReportUtils [37m-[37m [32m✅ Report copied successfully!
[0m[37m[2025-11-21 23:18:46] [34m[INFO ][37m [32morg.example.hrmOrange.allure.AllureReportUtils [37m-[37m [32mIndex file created at: C:\Users\mytie\IdeaProjects\Playwright_demo\reports\2025-11-21\index.html
[0m[37m[2025-11-21 23:18:46] [34m[INFO ][37m [32morg.example.hrmOrange.allure.AllureReportUtils [37m-[37m [32m✅ Allure Report generated successfully at: C:\Users\mytie\IdeaProjects\Playwright_demo\reports
[0m[37m[2025-11-21 23:20:16] [34m[DEBUG][37m [32morg.testng.TestNG [37m-[37m [32msuiteXmlPath: "C:\Users\mytie\AppData\Local\JetBrains\IntelliJIdea2025.2\temp-testng-customsuite.xml"
[0m[37m[2025-11-21 23:20:17] [34m[WARN ][37m [32morg.testng.internal.Configuration [37m-[37m [32mDetected a static method [org.example.hrmOrange.common.BaseTest.beforeSuite()]. Static configuration methods can cause unexpected behavior.
[0m[37m[2025-11-21 23:20:17] [34m[WARN ][37m [32morg.testng.internal.Configuration [37m-[37m [32mDetected a static method [org.example.hrmOrange.common.BaseTest.afterSuite()]. Static configuration methods can cause unexpected behavior.
[0m[37m[2025-11-21 23:20:17] [34m[INFO ][37m [32morg.testng.internal.Utils [37m-[37m [32m[TestNG] Running:
  C:\Users\mytie\AppData\Local\JetBrains\IntelliJIdea2025.2\temp-testng-customsuite.xml

[0m[37m[2025-11-21 23:20:17] [34m[INFO ][37m [32morg.example.hrmOrange.allure.AllureReportUtils [37m-[37m [32mRemoved old report
[0m[37m[2025-11-21 23:20:19] [34m[INFO ][37m [32morg.example.hrmOrange.allure.LogUtils [37m-[37m [32mNavigate to URL: https://opensource-demo.orangehrmlive.com/web/index.php/auth/login
[0m[37m[2025-11-21 23:20:23] [34m[INFO ][37m [32morg.example.hrmOrange.allure.LogUtils [37m-[37m [32mNavigate to URL: https://opensource-demo.orangehrmlive.com/web/index.php/auth/login
[0m[37m[2025-11-21 23:20:23] [34m[INFO ][37m [32morg.example.hrmOrange.allure.LogUtils [37m-[37m [32mWait until visible: //input[@name='username']
[0m[37m[2025-11-21 23:20:24] [34m[INFO ][37m [32morg.example.hrmOrange.allure.LogUtils [37m-[37m [32mFill input //input[@name='username'] with: Admin
[0m[37m[2025-11-21 23:20:24] [34m[INFO ][37m [32morg.example.hrmOrange.allure.LogUtils [37m-[37m [32mFill input //input[@name='password'] with: admin123
[0m[37m[2025-11-21 23:20:24] [34m[INFO ][37m [32morg.example.hrmOrange.allure.LogUtils [37m-[37m [32mClick element: //button[@type='submit']
[0m[37m[2025-11-21 23:20:25] [34m[INFO ][37m [32morg.example.hrmOrange.allure.LogUtils [37m-[37m [32mWait until visible: //h6[normalize-space()='Dashboard']
[0m[37m[2025-11-21 23:20:26] [34m[INFO ][37m [32morg.example.hrmOrange.allure.LogUtils [37m-[37m [32mVerify visible: //h6[normalize-space()='Dashboard'] → true
[0m[37m[2025-11-21 23:20:26] [34m[INFO ][37m [32morg.example.hrmOrange.allure.LogUtils [37m-[37m [32mClick element: //span[normalize-space()='Admin']
[0m[37m[2025-11-21 23:20:27] [34m[INFO ][37m [32morg.example.hrmOrange.allure.LogUtils [37m-[37m [32mWait until visible: //label[normalize-space()='Username']/parent::div/following-sibling::div//input
[0m[37m[2025-11-21 23:20:28] [34m[INFO ][37m [32morg.example.hrmOrange.allure.LogUtils [37m-[37m [32mFill input //input[@placeholder='Type for hints...'] with: NonExistent Employee Name
[0m[37m[2025-11-21 23:20:28] [34m[INFO ][37m [32morg.example.hrmOrange.allure.LogUtils [37m-[37m [32mClick element: //button[normalize-space()='Search']
[0m[37m[2025-11-21 23:20:28] [34m[INFO ][37m [32morg.example.hrmOrange.allure.LogUtils [37m-[37m [32mWait until visible: //span[contains(@class, 'oxd-input-field-error-message') and text()='Invalid']
[0m[37m[2025-11-21 23:20:28] [34m[INFO ][37m [32morg.example.hrmOrange.allure.LogUtils [37m-[37m [32mVerify visible: //span[contains(@class, 'oxd-input-field-error-message') and text()='Invalid'] → true
[0m[37m[2025-11-21 23:20:28] [34m[INFO ][37m [32morg.example.hrmOrange.allure.AllureReportUtils [37m-[37m [32mStarting Allure report generation...
[0m[37m[2025-11-21 23:20:28] [34m[INFO ][37m [32morg.example.hrmOrange.allure.AllureReportUtils [37m-[37m [32mRunning: mvn allure:report
[0m[37m[2025-11-21 23:20:34] [34m[INFO ][37m [32morg.example.hrmOrange.allure.AllureReportUtils [37m-[37m [32mLooking for Allure report at: C:\Users\mytie\IdeaProjects\Playwright_demo\target\site\allure-maven-plugin
[0m[37m[2025-11-21 23:20:34] [34m[WARN ][37m [32morg.example.hrmOrange.allure.AllureReportUtils [37m-[37m [32m⚠️ Allure report directory not found at: C:\Users\mytie\IdeaProjects\Playwright_demo\target\site\allure-maven-plugin
[0m[37m[2025-11-21 23:20:34] [34m[INFO ][37m [32morg.example.hrmOrange.allure.AllureReportUtils [37m-[37m [32mChecking alternative location: target/allure-report
[0m[37m[2025-11-21 23:20:34] [34m[INFO ][37m [32morg.example.hrmOrange.allure.AllureReportUtils [37m-[37m [32mFound report at alternative location: C:\Users\mytie\IdeaProjects\Playwright_demo\target\allure-report
[0m[37m[2025-11-21 23:20:34] [34m[INFO ][37m [32morg.example.hrmOrange.allure.AllureReportUtils [37m-[37m [32mCreated directory reports\2025-11-21\common_232034
[0m[37m[2025-11-21 23:20:34] [34m[INFO ][37m [32morg.example.hrmOrange.allure.AllureReportUtils [37m-[37m [32mCopying report from: C:\Users\mytie\IdeaProjects\Playwright_demo\target\allure-report
[0m[37m[2025-11-21 23:20:34] [34m[INFO ][37m [32morg.example.hrmOrange.allure.AllureReportUtils [37m-[37m [32mCopying report to: C:\Users\mytie\IdeaProjects\Playwright_demo\reports\2025-11-21\common_232034
[0m[37m[2025-11-21 23:20:34] [34m[INFO ][37m [32morg.example.hrmOrange.allure.AllureReportUtils [37m-[37m [32m✅ Report copied successfully!
[0m[37m[2025-11-21 23:20:34] [34m[INFO ][37m [32morg.example.hrmOrange.allure.AllureReportUtils [37m-[37m [32mIndex file created at: C:\Users\mytie\IdeaProjects\Playwright_demo\reports\2025-11-21\index.html
[0m[37m[2025-11-21 23:20:34] [34m[INFO ][37m [32morg.example.hrmOrange.allure.AllureReportUtils [37m-[37m [32m✅ Allure Report generated successfully at: C:\Users\mytie\IdeaProjects\Playwright_demo\reports
[0m[37m[2025-11-21 23:22:14] [34m[DEBUG][37m [32morg.testng.TestNG [37m-[37m [32msuiteXmlPath: "C:\Users\mytie\AppData\Local\JetBrains\IntelliJIdea2025.2\temp-testng-customsuite.xml"
[0m[37m[2025-11-21 23:22:14] [34m[WARN ][37m [32morg.testng.internal.Configuration [37m-[37m [32mDetected a static method [org.example.hrmOrange.common.BaseTest.beforeSuite()]. Static configuration methods can cause unexpected behavior.
[0m[37m[2025-11-21 23:22:14] [34m[WARN ][37m [32morg.testng.internal.Configuration [37m-[37m [32mDetected a static method [org.example.hrmOrange.common.BaseTest.afterSuite()]. Static configuration methods can cause unexpected behavior.
[0m[37m[2025-11-21 23:22:14] [34m[INFO ][37m [32morg.testng.internal.Utils [37m-[37m [32m[TestNG] Running:
  C:\Users\mytie\AppData\Local\JetBrains\IntelliJIdea2025.2\temp-testng-customsuite.xml

[0m[37m[2025-11-21 23:22:14] [34m[INFO ][37m [32morg.example.hrmOrange.allure.AllureReportUtils [37m-[37m [32mRemoved old report
[0m[37m[2025-11-21 23:22:17] [34m[INFO ][37m [32morg.example.hrmOrange.allure.LogUtils [37m-[37m [32mNavigate to URL: https://opensource-demo.orangehrmlive.com/web/index.php/auth/login
[0m[37m[2025-11-21 23:22:20] [34m[INFO ][37m [32morg.example.hrmOrange.allure.LogUtils [37m-[37m [32mNavigate to URL: https://opensource-demo.orangehrmlive.com/web/index.php/auth/login
[0m[37m[2025-11-21 23:22:21] [34m[INFO ][37m [32morg.example.hrmOrange.allure.LogUtils [37m-[37m [32mWait until visible: //input[@name='username']
[0m[37m[2025-11-21 23:22:22] [34m[INFO ][37m [32morg.example.hrmOrange.allure.LogUtils [37m-[37m [32mFill input //input[@name='username'] with: Admin
[0m[37m[2025-11-21 23:22:22] [34m[INFO ][37m [32morg.example.hrmOrange.allure.LogUtils [37m-[37m [32mFill input //input[@name='password'] with: admin123
[0m[37m[2025-11-21 23:22:22] [34m[INFO ][37m [32morg.example.hrmOrange.allure.LogUtils [37m-[37m [32mClick element: //button[@type='submit']
[0m[37m[2025-11-21 23:22:23] [34m[INFO ][37m [32morg.example.hrmOrange.allure.LogUtils [37m-[37m [32mWait until visible: //h6[normalize-space()='Dashboard']
[0m[37m[2025-11-21 23:22:24] [34m[INFO ][37m [32morg.example.hrmOrange.allure.LogUtils [37m-[37m [32mVerify visible: //h6[normalize-space()='Dashboard'] → true
[0m[37m[2025-11-21 23:22:24] [34m[INFO ][37m [32morg.example.hrmOrange.allure.LogUtils [37m-[37m [32mClick element: //span[normalize-space()='Admin']
[0m[37m[2025-11-21 23:22:25] [34m[INFO ][37m [32morg.example.hrmOrange.allure.LogUtils [37m-[37m [32mWait until visible: //label[normalize-space()='Username']/parent::div/following-sibling::div//input
[0m[37m[2025-11-21 23:22:25] [34m[INFO ][37m [32morg.example.hrmOrange.allure.LogUtils [37m-[37m [32mFill input //label[normalize-space()='Username']/parent::div/following-sibling::div//input with: Admin
[0m[37m[2025-11-21 23:22:25] [34m[INFO ][37m [32morg.example.hrmOrange.allure.LogUtils [37m-[37m [32mClick element: //button[normalize-space()='Search']
[0m[37m[2025-11-21 23:22:25] [34m[INFO ][37m [32morg.example.hrmOrange.allure.LogUtils [37m-[37m [32mWait until visible: //div[@class='oxd-table-body']
[0m[37m[2025-11-21 23:22:27] [34m[INFO ][37m [32morg.example.hrmOrange.allure.LogUtils [37m-[37m [32mClick element: //label[normalize-space()='User Role']/following::div[contains(@class,'oxd-select-text--after')][1]
[0m[37m[2025-11-21 23:22:27] [34m[INFO ][37m [32morg.example.hrmOrange.allure.LogUtils [37m-[37m [32mClick element: //div[@role='option']//span[normalize-space()='Admin']
[0m[37m[2025-11-21 23:22:27] [34m[INFO ][37m [32morg.example.hrmOrange.allure.LogUtils [37m-[37m [32mClick element: (//label[normalize-space()='Status']/parent::div/following-sibling::div//div[contains(@class,'oxd-select-text')])[1]
[0m[37m[2025-11-21 23:22:27] [34m[INFO ][37m [32morg.example.hrmOrange.allure.LogUtils [37m-[37m [32mWait until visible: //div[@role='listbox']
[0m[37m[2025-11-21 23:22:27] [34m[INFO ][37m [32morg.example.hrmOrange.allure.LogUtils [37m-[37m [32mClick element: //div[@role='listbox']//span[normalize-space()='Enabled']
[0m[37m[2025-11-21 23:22:28] [34m[INFO ][37m [32morg.example.hrmOrange.allure.LogUtils [37m-[37m [32mClick element: //button[normalize-space()='Search']
[0m[37m[2025-11-21 23:22:28] [34m[INFO ][37m [32morg.example.hrmOrange.allure.LogUtils [37m-[37m [32mWait until visible: //div[@class='oxd-table-body']
[0m[37m[2025-11-21 23:22:31] [34m[INFO ][37m [32morg.example.hrmOrange.allure.AllureReportUtils [37m-[37m [32mStarting Allure report generation...
[0m[37m[2025-11-21 23:22:31] [34m[INFO ][37m [32morg.example.hrmOrange.allure.AllureReportUtils [37m-[37m [32mRunning: mvn allure:report
[0m[37m[2025-11-21 23:22:35] [34m[INFO ][37m [32morg.example.hrmOrange.allure.AllureReportUtils [37m-[37m [32mLooking for Allure report at: C:\Users\mytie\IdeaProjects\Playwright_demo\target\site\allure-maven-plugin
[0m[37m[2025-11-21 23:22:35] [34m[WARN ][37m [32morg.example.hrmOrange.allure.AllureReportUtils [37m-[37m [32m⚠️ Allure report directory not found at: C:\Users\mytie\IdeaProjects\Playwright_demo\target\site\allure-maven-plugin
[0m[37m[2025-11-21 23:22:35] [34m[INFO ][37m [32morg.example.hrmOrange.allure.AllureReportUtils [37m-[37m [32mChecking alternative location: target/allure-report
[0m[37m[2025-11-21 23:22:35] [34m[INFO ][37m [32morg.example.hrmOrange.allure.AllureReportUtils [37m-[37m [32mFound report at alternative location: C:\Users\mytie\IdeaProjects\Playwright_demo\target\allure-report
[0m[37m[2025-11-21 23:22:35] [34m[INFO ][37m [32morg.example.hrmOrange.allure.AllureReportUtils [37m-[37m [32mCreated directory reports\2025-11-21\common_232235
[0m[37m[2025-11-21 23:22:35] [34m[INFO ][37m [32morg.example.hrmOrange.allure.AllureReportUtils [37m-[37m [32mCopying report from: C:\Users\mytie\IdeaProjects\Playwright_demo\target\allure-report
[0m[37m[2025-11-21 23:22:35] [34m[INFO ][37m [32morg.example.hrmOrange.allure.AllureReportUtils [37m-[37m [32mCopying report to: C:\Users\mytie\IdeaProjects\Playwright_demo\reports\2025-11-21\common_232235
[0m[37m[2025-11-21 23:22:35] [34m[INFO ][37m [32morg.example.hrmOrange.allure.AllureReportUtils [37m-[37m [32m✅ Report copied successfully!
[0m[37m[2025-11-21 23:22:35] [34m[INFO ][37m [32morg.example.hrmOrange.allure.AllureReportUtils [37m-[37m [32mIndex file created at: C:\Users\mytie\IdeaProjects\Playwright_demo\reports\2025-11-21\index.html
[0m[37m[2025-11-21 23:22:35] [34m[INFO ][37m [32morg.example.hrmOrange.allure.AllureReportUtils [37m-[37m [32m✅ Allure Report generated successfully at: C:\Users\mytie\IdeaProjects\Playwright_demo\reports
[0m[37m[2025-11-21 23:23:56] [34m[DEBUG][37m [32morg.testng.TestNG [37m-[37m [32msuiteXmlPath: "C:\Users\mytie\AppData\Local\JetBrains\IntelliJIdea2025.2\temp-testng-customsuite.xml"
[0m[37m[2025-11-21 23:23:56] [34m[WARN ][37m [32morg.testng.internal.Configuration [37m-[37m [32mDetected a static method [org.example.hrmOrange.common.BaseTest.beforeSuite()]. Static configuration methods can cause unexpected behavior.
[0m[37m[2025-11-21 23:23:56] [34m[WARN ][37m [32morg.testng.internal.Configuration [37m-[37m [32mDetected a static method [org.example.hrmOrange.common.BaseTest.afterSuite()]. Static configuration methods can cause unexpected behavior.
[0m[37m[2025-11-21 23:23:56] [34m[INFO ][37m [32morg.testng.internal.Utils [37m-[37m [32m[TestNG] Running:
  C:\Users\mytie\AppData\Local\JetBrains\IntelliJIdea2025.2\temp-testng-customsuite.xml

[0m[37m[2025-11-21 23:23:56] [34m[INFO ][37m [32morg.example.hrmOrange.allure.AllureReportUtils [37m-[37m [32mRemoved old report
[0m[37m[2025-11-21 23:23:59] [34m[INFO ][37m [32morg.example.hrmOrange.allure.LogUtils [37m-[37m [32mNavigate to URL: https://opensource-demo.orangehrmlive.com/web/index.php/auth/login
[0m[37m[2025-11-21 23:24:02] [34m[INFO ][37m [32morg.example.hrmOrange.allure.LogUtils [37m-[37m [32mNavigate to URL: https://opensource-demo.orangehrmlive.com/web/index.php/auth/login
[0m[37m[2025-11-21 23:24:03] [34m[INFO ][37m [32morg.example.hrmOrange.allure.LogUtils [37m-[37m [32mWait until visible: //input[@name='username']
[0m[37m[2025-11-21 23:24:03] [34m[INFO ][37m [32morg.example.hrmOrange.allure.LogUtils [37m-[37m [32mFill input //input[@name='username'] with: Admin
[0m[37m[2025-11-21 23:24:03] [34m[INFO ][37m [32morg.example.hrmOrange.allure.LogUtils [37m-[37m [32mFill input //input[@name='password'] with: admin123
[0m[37m[2025-11-21 23:24:03] [34m[INFO ][37m [32morg.example.hrmOrange.allure.LogUtils [37m-[37m [32mClick element: //button[@type='submit']
[0m[37m[2025-11-21 23:24:05] [34m[INFO ][37m [32morg.example.hrmOrange.allure.LogUtils [37m-[37m [32mWait until visible: //h6[normalize-space()='Dashboard']
[0m[37m[2025-11-21 23:24:06] [34m[INFO ][37m [32morg.example.hrmOrange.allure.LogUtils [37m-[37m [32mVerify visible: //h6[normalize-space()='Dashboard'] → true
[0m[37m[2025-11-21 23:24:06] [34m[INFO ][37m [32morg.example.hrmOrange.allure.LogUtils [37m-[37m [32mClick element: //span[normalize-space()='Admin']
[0m[37m[2025-11-21 23:24:07] [34m[INFO ][37m [32morg.example.hrmOrange.allure.LogUtils [37m-[37m [32mWait until visible: //label[normalize-space()='Username']/parent::div/following-sibling::div//input
[0m[37m[2025-11-21 23:24:08] [34m[INFO ][37m [32morg.example.hrmOrange.allure.LogUtils [37m-[37m [32mFill input //label[normalize-space()='Username']/parent::div/following-sibling::div//input with: Invalid Name XYZ
[0m[37m[2025-11-21 23:24:08] [34m[INFO ][37m [32morg.example.hrmOrange.allure.LogUtils [37m-[37m [32mClick element: //button[normalize-space()='Search']
[0m[37m[2025-11-21 23:24:08] [34m[INFO ][37m [32morg.example.hrmOrange.allure.LogUtils [37m-[37m [32mWait until visible: //div[@class='oxd-table-body']
[0m[37m[2025-11-21 23:24:18] [34m[INFO ][37m [32morg.example.hrmOrange.allure.AllureReportUtils [37m-[37m [32mStarting Allure report generation...
[0m[37m[2025-11-21 23:24:18] [34m[INFO ][37m [32morg.example.hrmOrange.allure.AllureReportUtils [37m-[37m [32mRunning: mvn allure:report
[0m[37m[2025-11-21 23:24:23] [34m[INFO ][37m [32morg.example.hrmOrange.allure.AllureReportUtils [37m-[37m [32mLooking for Allure report at: C:\Users\mytie\IdeaProjects\Playwright_demo\target\site\allure-maven-plugin
[0m[37m[2025-11-21 23:24:23] [34m[WARN ][37m [32morg.example.hrmOrange.allure.AllureReportUtils [37m-[37m [32m⚠️ Allure report directory not found at: C:\Users\mytie\IdeaProjects\Playwright_demo\target\site\allure-maven-plugin
[0m[37m[2025-11-21 23:24:23] [34m[INFO ][37m [32morg.example.hrmOrange.allure.AllureReportUtils [37m-[37m [32mChecking alternative location: target/allure-report
[0m[37m[2025-11-21 23:24:23] [34m[INFO ][37m [32morg.example.hrmOrange.allure.AllureReportUtils [37m-[37m [32mFound report at alternative location: C:\Users\mytie\IdeaProjects\Playwright_demo\target\allure-report
[0m[37m[2025-11-21 23:24:23] [34m[INFO ][37m [32morg.example.hrmOrange.allure.AllureReportUtils [37m-[37m [32mCreated directory reports\2025-11-21\common_232423
[0m[37m[2025-11-21 23:24:23] [34m[INFO ][37m [32morg.example.hrmOrange.allure.AllureReportUtils [37m-[37m [32mCopying report from: C:\Users\mytie\IdeaProjects\Playwright_demo\target\allure-report
[0m[37m[2025-11-21 23:24:23] [34m[INFO ][37m [32morg.example.hrmOrange.allure.AllureReportUtils [37m-[37m [32mCopying report to: C:\Users\mytie\IdeaProjects\Playwright_demo\reports\2025-11-21\common_232423
[0m[37m[2025-11-21 23:24:23] [34m[INFO ][37m [32morg.example.hrmOrange.allure.AllureReportUtils [37m-[37m [32m✅ Report copied successfully!
[0m[37m[2025-11-21 23:24:23] [34m[INFO ][37m [32morg.example.hrmOrange.allure.AllureReportUtils [37m-[37m [32mIndex file created at: C:\Users\mytie\IdeaProjects\Playwright_demo\reports\2025-11-21\index.html
[0m[37m[2025-11-21 23:24:23] [34m[INFO ][37m [32morg.example.hrmOrange.allure.AllureReportUtils [37m-[37m [32m✅ Allure Report generated successfully at: C:\Users\mytie\IdeaProjects\Playwright_demo\reports
[0m[37m[2025-11-21 23:26:34] [34m[DEBUG][37m [32morg.testng.TestNG [37m-[37m [32msuiteXmlPath: "C:\Users\mytie\AppData\Local\JetBrains\IntelliJIdea2025.2\temp-testng-customsuite.xml"
[0m[37m[2025-11-21 23:26:34] [34m[WARN ][37m [32morg.testng.internal.Configuration [37m-[37m [32mDetected a static method [org.example.hrmOrange.common.BaseTest.beforeSuite()]. Static configuration methods can cause unexpected behavior.
[0m[37m[2025-11-21 23:26:34] [34m[WARN ][37m [32morg.testng.internal.Configuration [37m-[37m [32mDetected a static method [org.example.hrmOrange.common.BaseTest.afterSuite()]. Static configuration methods can cause unexpected behavior.
[0m[37m[2025-11-21 23:26:34] [34m[INFO ][37m [32morg.testng.internal.Utils [37m-[37m [32m[TestNG] Running:
  C:\Users\mytie\AppData\Local\JetBrains\IntelliJIdea2025.2\temp-testng-customsuite.xml

[0m[37m[2025-11-21 23:26:34] [34m[INFO ][37m [32morg.example.hrmOrange.allure.AllureReportUtils [37m-[37m [32mRemoved old report
[0m[37m[2025-11-21 23:26:37] [34m[INFO ][37m [32morg.example.hrmOrange.allure.LogUtils [37m-[37m [32mNavigate to URL: https://opensource-demo.orangehrmlive.com/web/index.php/auth/login
[0m[37m[2025-11-21 23:26:40] [34m[INFO ][37m [32morg.example.hrmOrange.allure.LogUtils [37m-[37m [32mNavigate to URL: https://opensource-demo.orangehrmlive.com/web/index.php/auth/login
[0m[37m[2025-11-21 23:26:41] [34m[INFO ][37m [32morg.example.hrmOrange.allure.LogUtils [37m-[37m [32mWait until visible: //input[@name='username']
[0m[37m[2025-11-21 23:26:41] [34m[INFO ][37m [32morg.example.hrmOrange.allure.LogUtils [37m-[37m [32mFill input //input[@name='username'] with: Admin
[0m[37m[2025-11-21 23:26:41] [34m[INFO ][37m [32morg.example.hrmOrange.allure.LogUtils [37m-[37m [32mFill input //input[@name='password'] with: admin123
[0m[37m[2025-11-21 23:26:41] [34m[INFO ][37m [32morg.example.hrmOrange.allure.LogUtils [37m-[37m [32mClick element: //button[@type='submit']
[0m[37m[2025-11-21 23:26:43] [34m[INFO ][37m [32morg.example.hrmOrange.allure.LogUtils [37m-[37m [32mWait until visible: //h6[normalize-space()='Dashboard']
[0m[37m[2025-11-21 23:26:44] [34m[INFO ][37m [32morg.example.hrmOrange.allure.LogUtils [37m-[37m [32mVerify visible: //h6[normalize-space()='Dashboard'] → true
[0m[37m[2025-11-21 23:26:44] [34m[INFO ][37m [32morg.example.hrmOrange.allure.LogUtils [37m-[37m [32mClick element: //span[normalize-space()='Admin']
[0m[37m[2025-11-21 23:26:44] [34m[INFO ][37m [32morg.example.hrmOrange.allure.LogUtils [37m-[37m [32mWait until visible: //label[normalize-space()='Username']/parent::div/following-sibling::div//input
[0m[37m[2025-11-21 23:26:46] [34m[INFO ][37m [32morg.example.hrmOrange.allure.LogUtils [37m-[37m [32mFill input //label[normalize-space()='Username']/parent::div/following-sibling::div//input with: Admin
[0m[37m[2025-11-21 23:26:46] [34m[INFO ][37m [32morg.example.hrmOrange.allure.LogUtils [37m-[37m [32mClick element: //label[normalize-space()='User Role']/following::div[contains(@class,'oxd-select-text--after')][1]
[0m[37m[2025-11-21 23:26:46] [34m[INFO ][37m [32morg.example.hrmOrange.allure.LogUtils [37m-[37m [32mClick element: //div[@role='option']//span[normalize-space()='ESS']
[0m[37m[2025-11-21 23:26:46] [34m[INFO ][37m [32morg.example.hrmOrange.allure.LogUtils [37m-[37m [32mClick element: //input[@placeholder='Type for hints...']
[0m[37m[2025-11-21 23:26:46] [34m[INFO ][37m [32morg.example.hrmOrange.allure.LogUtils [37m-[37m [32mFill input //input[@placeholder='Type for hints...'] with: 
[0m[37m[2025-11-21 23:26:46] [34m[INFO ][37m [32morg.example.hrmOrange.allure.LogUtils [37m-[37m [32mType text into //input[@placeholder='Type for hints...']: Joha
[0m[37m[2025-11-21 23:26:47] [34m[INFO ][37m [32morg.example.hrmOrange.allure.LogUtils [37m-[37m [32mWait until visible: //div[@role='listbox']
[0m[37m[2025-11-21 23:26:47] [34m[INFO ][37m [32morg.example.hrmOrange.allure.LogUtils [37m-[37m [32mClick element: //div[@role='listbox']//div[@role='option'][1]
[0m[37m[2025-11-21 23:26:48] [34m[INFO ][37m [32morg.example.hrmOrange.allure.LogUtils [37m-[37m [32mClick element: (//label[normalize-space()='Status']/parent::div/following-sibling::div//div[contains(@class,'oxd-select-text')])[1]
[0m[37m[2025-11-21 23:26:48] [34m[INFO ][37m [32morg.example.hrmOrange.allure.LogUtils [37m-[37m [32mWait until visible: //div[@role='listbox']
[0m[37m[2025-11-21 23:26:48] [34m[INFO ][37m [32morg.example.hrmOrange.allure.LogUtils [37m-[37m [32mClick element: //div[@role='listbox']//span[normalize-space()='Enabled']
[0m[37m[2025-11-21 23:26:48] [34m[INFO ][37m [32morg.example.hrmOrange.allure.LogUtils [37m-[37m [32mClick element: //button[normalize-space()='Reset']
[0m[37m[2025-11-21 23:26:48] [34m[INFO ][37m [32morg.example.hrmOrange.allure.LogUtils [37m-[37m [32mText from element [//label[normalize-space()='User Role']/parent::div/following-sibling::div//div[contains(@class,'oxd-select-text--after')]/preceding-sibling::div] = -- Select --
[0m[37m[2025-11-21 23:26:48] [34m[INFO ][37m [32morg.example.hrmOrange.allure.LogUtils [37m-[37m [32mText from element [//label[normalize-space()='Status']/parent::div/following-sibling::div//div[contains(@class,'oxd-select-text--after')]/preceding-sibling::div] = -- Select --
[0m[37m[2025-11-21 23:26:48] [34m[INFO ][37m [32morg.example.hrmOrange.allure.AllureReportUtils [37m-[37m [32mStarting Allure report generation...
[0m[37m[2025-11-21 23:26:48] [34m[INFO ][37m [32morg.example.hrmOrange.allure.AllureReportUtils [37m-[37m [32mRunning: mvn allure:report
[0m[37m[2025-11-21 23:26:53] [34m[INFO ][37m [32morg.example.hrmOrange.allure.AllureReportUtils [37m-[37m [32mLooking for Allure report at: C:\Users\mytie\IdeaProjects\Playwright_demo\target\site\allure-maven-plugin
[0m[37m[2025-11-21 23:26:53] [34m[WARN ][37m [32morg.example.hrmOrange.allure.AllureReportUtils [37m-[37m [32m⚠️ Allure report directory not found at: C:\Users\mytie\IdeaProjects\Playwright_demo\target\site\allure-maven-plugin
[0m[37m[2025-11-21 23:26:53] [34m[INFO ][37m [32morg.example.hrmOrange.allure.AllureReportUtils [37m-[37m [32mChecking alternative location: target/allure-report
[0m[37m[2025-11-21 23:26:53] [34m[INFO ][37m [32morg.example.hrmOrange.allure.AllureReportUtils [37m-[37m [32mFound report at alternative location: C:\Users\mytie\IdeaProjects\Playwright_demo\target\allure-report
[0m[37m[2025-11-21 23:26:53] [34m[INFO ][37m [32morg.example.hrmOrange.allure.AllureReportUtils [37m-[37m [32mCreated directory reports\2025-11-21\common_232653
[0m[37m[2025-11-21 23:26:53] [34m[INFO ][37m [32morg.example.hrmOrange.allure.AllureReportUtils [37m-[37m [32mCopying report from: C:\Users\mytie\IdeaProjects\Playwright_demo\target\allure-report
[0m[37m[2025-11-21 23:26:53] [34m[INFO ][37m [32morg.example.hrmOrange.allure.AllureReportUtils [37m-[37m [32mCopying report to: C:\Users\mytie\IdeaProjects\Playwright_demo\reports\2025-11-21\common_232653
[0m[37m[2025-11-21 23:26:53] [34m[INFO ][37m [32morg.example.hrmOrange.allure.AllureReportUtils [37m-[37m [32m✅ Report copied successfully!
[0m[37m[2025-11-21 23:26:53] [34m[INFO ][37m [32morg.example.hrmOrange.allure.AllureReportUtils [37m-[37m [32mIndex file created at: C:\Users\mytie\IdeaProjects\Playwright_demo\reports\2025-11-21\index.html
[0m[37m[2025-11-21 23:26:53] [34m[INFO ][37m [32morg.example.hrmOrange.allure.AllureReportUtils [37m-[37m [32m✅ Allure Report generated successfully at: C:\Users\mytie\IdeaProjects\Playwright_demo\reports
[0m[37m[2025-11-21 23:26:59] [34m[DEBUG][37m [32morg.testng.TestNG [37m-[37m [32msuiteXmlPath: "C:\Users\mytie\AppData\Local\JetBrains\IntelliJIdea2025.2\temp-testng-customsuite.xml"
[0m[37m[2025-11-21 23:26:59] [34m[WARN ][37m [32morg.testng.internal.Configuration [37m-[37m [32mDetected a static method [org.example.hrmOrange.common.BaseTest.beforeSuite()]. Static configuration methods can cause unexpected behavior.
[0m[37m[2025-11-21 23:26:59] [34m[WARN ][37m [32morg.testng.internal.Configuration [37m-[37m [32mDetected a static method [org.example.hrmOrange.common.BaseTest.afterSuite()]. Static configuration methods can cause unexpected behavior.
[0m[37m[2025-11-21 23:26:59] [34m[INFO ][37m [32morg.testng.internal.Utils [37m-[37m [32m[TestNG] Running:
  C:\Users\mytie\AppData\Local\JetBrains\IntelliJIdea2025.2\temp-testng-customsuite.xml

[0m[37m[2025-11-21 23:26:59] [34m[INFO ][37m [32morg.example.hrmOrange.allure.AllureReportUtils [37m-[37m [32mRemoved old report
[0m[37m[2025-11-21 23:27:02] [34m[INFO ][37m [32morg.example.hrmOrange.allure.LogUtils [37m-[37m [32mNavigate to URL: https://opensource-demo.orangehrmlive.com/web/index.php/auth/login
[0m[37m[2025-11-21 23:27:05] [34m[INFO ][37m [32morg.example.hrmOrange.allure.LogUtils [37m-[37m [32mNavigate to URL: https://opensource-demo.orangehrmlive.com/web/index.php/auth/login
[0m[37m[2025-11-21 23:27:06] [34m[INFO ][37m [32morg.example.hrmOrange.allure.LogUtils [37m-[37m [32mWait until visible: //input[@name='username']
[0m[37m[2025-11-21 23:27:07] [34m[INFO ][37m [32morg.example.hrmOrange.allure.LogUtils [37m-[37m [32mFill input //input[@name='username'] with: Admin
[0m[37m[2025-11-21 23:27:07] [34m[INFO ][37m [32morg.example.hrmOrange.allure.LogUtils [37m-[37m [32mFill input //input[@name='password'] with: admin123
[0m[37m[2025-11-21 23:27:07] [34m[INFO ][37m [32morg.example.hrmOrange.allure.LogUtils [37m-[37m [32mClick element: //button[@type='submit']
[0m[37m[2025-11-21 23:27:08] [34m[INFO ][37m [32morg.example.hrmOrange.allure.LogUtils [37m-[37m [32mWait until visible: //h6[normalize-space()='Dashboard']
[0m[37m[2025-11-21 23:27:09] [34m[INFO ][37m [32morg.example.hrmOrange.allure.LogUtils [37m-[37m [32mVerify visible: //h6[normalize-space()='Dashboard'] → true
[0m[37m[2025-11-21 23:27:09] [34m[INFO ][37m [32morg.example.hrmOrange.allure.LogUtils [37m-[37m [32mClick element: //span[normalize-space()='Admin']
[0m[37m[2025-11-21 23:27:10] [34m[INFO ][37m [32morg.example.hrmOrange.allure.LogUtils [37m-[37m [32mWait until visible: //label[normalize-space()='Username']/parent::div/following-sibling::div//input
[0m[37m[2025-11-21 23:27:11] [34m[INFO ][37m [32morg.example.hrmOrange.allure.LogUtils [37m-[37m [32mFill input //label[normalize-space()='Username']/parent::div/following-sibling::div//input with: Invalid Name XYZ
[0m[37m[2025-11-21 23:27:11] [34m[INFO ][37m [32morg.example.hrmOrange.allure.LogUtils [37m-[37m [32mClick element: //button[normalize-space()='Search']
[0m[37m[2025-11-21 23:27:11] [34m[INFO ][37m [32morg.example.hrmOrange.allure.LogUtils [37m-[37m [32mWait until visible: //span[normalize-space()='No Records Found']
[0m[37m[2025-11-21 23:27:12] [34m[INFO ][37m [32morg.example.hrmOrange.allure.LogUtils [37m-[37m [32mVerify visible: //span[normalize-space()='No Records Found'] → true
[0m[37m[2025-11-21 23:27:12] [34m[INFO ][37m [32morg.example.hrmOrange.allure.AllureReportUtils [37m-[37m [32mStarting Allure report generation...
[0m[37m[2025-11-21 23:27:12] [34m[INFO ][37m [32morg.example.hrmOrange.allure.AllureReportUtils [37m-[37m [32mRunning: mvn allure:report
[0m[37m[2025-11-21 23:27:18] [34m[INFO ][37m [32morg.example.hrmOrange.allure.AllureReportUtils [37m-[37m [32mLooking for Allure report at: C:\Users\mytie\IdeaProjects\Playwright_demo\target\site\allure-maven-plugin
[0m[37m[2025-11-21 23:27:18] [34m[WARN ][37m [32morg.example.hrmOrange.allure.AllureReportUtils [37m-[37m [32m⚠️ Allure report directory not found at: C:\Users\mytie\IdeaProjects\Playwright_demo\target\site\allure-maven-plugin
[0m[37m[2025-11-21 23:27:18] [34m[INFO ][37m [32morg.example.hrmOrange.allure.AllureReportUtils [37m-[37m [32mChecking alternative location: target/allure-report
[0m[37m[2025-11-21 23:27:18] [34m[INFO ][37m [32morg.example.hrmOrange.allure.AllureReportUtils [37m-[37m [32mFound report at alternative location: C:\Users\mytie\IdeaProjects\Playwright_demo\target\allure-report
[0m[37m[2025-11-21 23:27:18] [34m[INFO ][37m [32morg.example.hrmOrange.allure.AllureReportUtils [37m-[37m [32mCreated directory reports\2025-11-21\common_232718
[0m[37m[2025-11-21 23:27:18] [34m[INFO ][37m [32morg.example.hrmOrange.allure.AllureReportUtils [37m-[37m [32mCopying report from: C:\Users\mytie\IdeaProjects\Playwright_demo\target\allure-report
[0m[37m[2025-11-21 23:27:18] [34m[INFO ][37m [32morg.example.hrmOrange.allure.AllureReportUtils [37m-[37m [32mCopying report to: C:\Users\mytie\IdeaProjects\Playwright_demo\reports\2025-11-21\common_232718
[0m[37m[2025-11-21 23:27:18] [34m[INFO ][37m [32morg.example.hrmOrange.allure.AllureReportUtils [37m-[37m [32m✅ Report copied successfully!
[0m[37m[2025-11-21 23:27:18] [34m[INFO ][37m [32morg.example.hrmOrange.allure.AllureReportUtils [37m-[37m [32mIndex file created at: C:\Users\mytie\IdeaProjects\Playwright_demo\reports\2025-11-21\index.html
[0m[37m[2025-11-21 23:27:18] [34m[INFO ][37m [32morg.example.hrmOrange.allure.AllureReportUtils [37m-[37m [32m✅ Allure Report generated successfully at: C:\Users\mytie\IdeaProjects\Playwright_demo\reports
[0m[37m[2025-11-21 23:28:23] [34m[DEBUG][37m [32morg.testng.TestNG [37m-[37m [32msuiteXmlPath: "C:\Users\mytie\AppData\Local\JetBrains\IntelliJIdea2025.2\temp-testng-customsuite.xml"
[0m[37m[2025-11-21 23:28:23] [34m[WARN ][37m [32morg.testng.internal.Configuration [37m-[37m [32mDetected a static method [org.example.hrmOrange.common.BaseTest.beforeSuite()]. Static configuration methods can cause unexpected behavior.
[0m[37m[2025-11-21 23:28:23] [34m[WARN ][37m [32morg.testng.internal.Configuration [37m-[37m [32mDetected a static method [org.example.hrmOrange.common.BaseTest.afterSuite()]. Static configuration methods can cause unexpected behavior.
[0m[37m[2025-11-21 23:28:23] [34m[INFO ][37m [32morg.testng.internal.Utils [37m-[37m [32m[TestNG] Running:
  C:\Users\mytie\AppData\Local\JetBrains\IntelliJIdea2025.2\temp-testng-customsuite.xml

[0m[37m[2025-11-21 23:28:23] [34m[INFO ][37m [32morg.example.hrmOrange.allure.AllureReportUtils [37m-[37m [32mRemoved old report
[0m[37m[2025-11-21 23:28:26] [34m[INFO ][37m [32morg.example.hrmOrange.allure.LogUtils [37m-[37m [32mNavigate to URL: https://opensource-demo.orangehrmlive.com/web/index.php/auth/login
[0m[37m[2025-11-21 23:28:29] [34m[INFO ][37m [32morg.example.hrmOrange.allure.LogUtils [37m-[37m [32mNavigate to URL: https://opensource-demo.orangehrmlive.com/web/index.php/auth/login
[0m[37m[2025-11-21 23:28:29] [34m[INFO ][37m [32morg.example.hrmOrange.allure.LogUtils [37m-[37m [32mWait until visible: //input[@name='username']
[0m[37m[2025-11-21 23:28:30] [34m[INFO ][37m [32morg.example.hrmOrange.allure.LogUtils [37m-[37m [32mFill input //input[@name='username'] with: Admin
[0m[37m[2025-11-21 23:28:30] [34m[INFO ][37m [32morg.example.hrmOrange.allure.LogUtils [37m-[37m [32mFill input //input[@name='password'] with: admin123
[0m[37m[2025-11-21 23:28:30] [34m[INFO ][37m [32morg.example.hrmOrange.allure.LogUtils [37m-[37m [32mClick element: //button[@type='submit']
[0m[37m[2025-11-21 23:28:31] [34m[INFO ][37m [32morg.example.hrmOrange.allure.LogUtils [37m-[37m [32mWait until visible: //h6[normalize-space()='Dashboard']
[0m[37m[2025-11-21 23:28:32] [34m[INFO ][37m [32morg.example.hrmOrange.allure.LogUtils [37m-[37m [32mVerify visible: //h6[normalize-space()='Dashboard'] → true
[0m[37m[2025-11-21 23:28:32] [34m[INFO ][37m [32morg.example.hrmOrange.allure.LogUtils [37m-[37m [32mClick element: //span[normalize-space()='Admin']
[0m[37m[2025-11-21 23:28:33] [34m[INFO ][37m [32morg.example.hrmOrange.allure.LogUtils [37m-[37m [32mWait until visible: //label[normalize-space()='Username']/parent::div/following-sibling::div//input
[0m[37m[2025-11-21 23:28:35] [34m[INFO ][37m [32morg.example.hrmOrange.allure.LogUtils [37m-[37m [32mClick element: //button[normalize-space()='Search']
[0m[37m[2025-11-21 23:28:35] [34m[INFO ][37m [32morg.example.hrmOrange.allure.LogUtils [37m-[37m [32mVerify visible: //div[contains(@class,'orangehrm-container')] → true
[0m[37m[2025-11-21 23:28:35] [34m[INFO ][37m [32morg.example.hrmOrange.allure.AllureReportUtils [37m-[37m [32mStarting Allure report generation...
[0m[37m[2025-11-21 23:28:35] [34m[INFO ][37m [32morg.example.hrmOrange.allure.AllureReportUtils [37m-[37m [32mRunning: mvn allure:report
[0m[37m[2025-11-21 23:28:39] [34m[INFO ][37m [32morg.example.hrmOrange.allure.AllureReportUtils [37m-[37m [32mLooking for Allure report at: C:\Users\mytie\IdeaProjects\Playwright_demo\target\site\allure-maven-plugin
[0m[37m[2025-11-21 23:28:39] [34m[WARN ][37m [32morg.example.hrmOrange.allure.AllureReportUtils [37m-[37m [32m⚠️ Allure report directory not found at: C:\Users\mytie\IdeaProjects\Playwright_demo\target\site\allure-maven-plugin
[0m[37m[2025-11-21 23:28:39] [34m[INFO ][37m [32morg.example.hrmOrange.allure.AllureReportUtils [37m-[37m [32mChecking alternative location: target/allure-report
[0m[37m[2025-11-21 23:28:39] [34m[INFO ][37m [32morg.example.hrmOrange.allure.AllureReportUtils [37m-[37m [32mFound report at alternative location: C:\Users\mytie\IdeaProjects\Playwright_demo\target\allure-report
[0m[37m[2025-11-21 23:28:39] [34m[INFO ][37m [32morg.example.hrmOrange.allure.AllureReportUtils [37m-[37m [32mCreated directory reports\2025-11-21\common_232839
[0m[37m[2025-11-21 23:28:39] [34m[INFO ][37m [32morg.example.hrmOrange.allure.AllureReportUtils [37m-[37m [32mCopying report from: C:\Users\mytie\IdeaProjects\Playwright_demo\target\allure-report
[0m[37m[2025-11-21 23:28:39] [34m[INFO ][37m [32morg.example.hrmOrange.allure.AllureReportUtils [37m-[37m [32mCopying report to: C:\Users\mytie\IdeaProjects\Playwright_demo\reports\2025-11-21\common_232839
[0m[37m[2025-11-21 23:28:39] [34m[INFO ][37m [32morg.example.hrmOrange.allure.AllureReportUtils [37m-[37m [32m✅ Report copied successfully!
[0m[37m[2025-11-21 23:28:39] [34m[INFO ][37m [32morg.example.hrmOrange.allure.AllureReportUtils [37m-[37m [32mIndex file created at: C:\Users\mytie\IdeaProjects\Playwright_demo\reports\2025-11-21\index.html
[0m[37m[2025-11-21 23:28:39] [34m[INFO ][37m [32morg.example.hrmOrange.allure.AllureReportUtils [37m-[37m [32m✅ Allure Report generated successfully at: C:\Users\mytie\IdeaProjects\Playwright_demo\reports
[0m[37m[2025-11-21 23:31:48] [34m[DEBUG][37m [32morg.testng.TestNG [37m-[37m [32msuiteXmlPath: "C:\Users\mytie\AppData\Local\JetBrains\IntelliJIdea2025.2\temp-testng-customsuite.xml"
[0m[37m[2025-11-21 23:31:48] [34m[WARN ][37m [32morg.testng.internal.Configuration [37m-[37m [32mDetected a static method [org.example.hrmOrange.common.BaseTest.beforeSuite()]. Static configuration methods can cause unexpected behavior.
[0m[37m[2025-11-21 23:31:48] [34m[WARN ][37m [32morg.testng.internal.Configuration [37m-[37m [32mDetected a static method [org.example.hrmOrange.common.BaseTest.afterSuite()]. Static configuration methods can cause unexpected behavior.
[0m[37m[2025-11-21 23:31:48] [34m[INFO ][37m [32morg.testng.internal.Utils [37m-[37m [32m[TestNG] Running:
  C:\Users\mytie\AppData\Local\JetBrains\IntelliJIdea2025.2\temp-testng-customsuite.xml

[0m[37m[2025-11-21 23:31:48] [34m[INFO ][37m [32morg.example.hrmOrange.allure.AllureReportUtils [37m-[37m [32mRemoved old report
[0m[37m[2025-11-21 23:31:51] [34m[INFO ][37m [32morg.example.hrmOrange.allure.LogUtils [37m-[37m [32mNavigate to URL: https://opensource-demo.orangehrmlive.com/web/index.php/auth/login
[0m[37m[2025-11-21 23:31:54] [34m[INFO ][37m [32morg.example.hrmOrange.allure.LogUtils [37m-[37m [32mNavigate to URL: https://opensource-demo.orangehrmlive.com/web/index.php/auth/login
[0m[37m[2025-11-21 23:31:55] [34m[INFO ][37m [32morg.example.hrmOrange.allure.LogUtils [37m-[37m [32mWait until visible: //input[@name='username']
[0m[37m[2025-11-21 23:31:55] [34m[INFO ][37m [32morg.example.hrmOrange.allure.LogUtils [37m-[37m [32mFill input //input[@name='username'] with: Admin
[0m[37m[2025-11-21 23:31:55] [34m[INFO ][37m [32morg.example.hrmOrange.allure.LogUtils [37m-[37m [32mFill input //input[@name='password'] with: admin123
[0m[37m[2025-11-21 23:31:55] [34m[INFO ][37m [32morg.example.hrmOrange.allure.LogUtils [37m-[37m [32mClick element: //button[@type='submit']
[0m[37m[2025-11-21 23:31:57] [34m[INFO ][37m [32morg.example.hrmOrange.allure.LogUtils [37m-[37m [32mWait until visible: //h6[normalize-space()='Dashboard']
[0m[37m[2025-11-21 23:31:58] [34m[INFO ][37m [32morg.example.hrmOrange.allure.LogUtils [37m-[37m [32mVerify visible: //h6[normalize-space()='Dashboard'] → true
[0m[37m[2025-11-21 23:31:58] [34m[INFO ][37m [32morg.example.hrmOrange.allure.LogUtils [37m-[37m [32mClick element: //span[normalize-space()='Admin']
[0m[37m[2025-11-21 23:31:58] [34m[INFO ][37m [32morg.example.hrmOrange.allure.LogUtils [37m-[37m [32mWait until visible: //label[normalize-space()='Username']/parent::div/following-sibling::div//input
[0m[37m[2025-11-21 23:32:00] [34m[INFO ][37m [32morg.example.hrmOrange.allure.LogUtils [37m-[37m [32mFill input //label[normalize-space()='Username']/parent::div/following-sibling::div//input with: Admin
[0m[37m[2025-11-21 23:32:00] [34m[INFO ][37m [32morg.example.hrmOrange.allure.LogUtils [37m-[37m [32mClick element: //label[normalize-space()='User Role']/following::div[contains(@class,'oxd-select-text--after')][1]
[0m[37m[2025-11-21 23:32:00] [34m[INFO ][37m [32morg.example.hrmOrange.allure.LogUtils [37m-[37m [32mClick element: //div[@role='option']//span[normalize-space()='ESS']
[0m[37m[2025-11-21 23:32:00] [34m[INFO ][37m [32morg.example.hrmOrange.allure.LogUtils [37m-[37m [32mClick element: //button[normalize-space()='Search']
[0m[37m[2025-11-21 23:32:00] [34m[INFO ][37m [32morg.example.hrmOrange.allure.LogUtils [37m-[37m [32mWait until visible: //span[normalize-space()='No Records Found']
[0m[37m[2025-11-21 23:32:01] [34m[INFO ][37m [32morg.example.hrmOrange.allure.LogUtils [37m-[37m [32mVerify visible: //span[normalize-space()='No Records Found'] → true
[0m[37m[2025-11-21 23:32:01] [34m[INFO ][37m [32morg.example.hrmOrange.allure.AllureReportUtils [37m-[37m [32mStarting Allure report generation...
[0m[37m[2025-11-21 23:32:01] [34m[INFO ][37m [32morg.example.hrmOrange.allure.AllureReportUtils [37m-[37m [32mRunning: mvn allure:report
[0m[37m[2025-11-21 23:32:06] [34m[INFO ][37m [32morg.example.hrmOrange.allure.AllureReportUtils [37m-[37m [32mLooking for Allure report at: C:\Users\mytie\IdeaProjects\Playwright_demo\target\site\allure-maven-plugin
[0m[37m[2025-11-21 23:32:06] [34m[WARN ][37m [32morg.example.hrmOrange.allure.AllureReportUtils [37m-[37m [32m⚠️ Allure report directory not found at: C:\Users\mytie\IdeaProjects\Playwright_demo\target\site\allure-maven-plugin
[0m[37m[2025-11-21 23:32:06] [34m[INFO ][37m [32morg.example.hrmOrange.allure.AllureReportUtils [37m-[37m [32mChecking alternative location: target/allure-report
[0m[37m[2025-11-21 23:32:06] [34m[INFO ][37m [32morg.example.hrmOrange.allure.AllureReportUtils [37m-[37m [32mFound report at alternative location: C:\Users\mytie\IdeaProjects\Playwright_demo\target\allure-report
[0m[37m[2025-11-21 23:32:06] [34m[INFO ][37m [32morg.example.hrmOrange.allure.AllureReportUtils [37m-[37m [32mCreated directory reports\2025-11-21\common_233206
[0m[37m[2025-11-21 23:32:06] [34m[INFO ][37m [32morg.example.hrmOrange.allure.AllureReportUtils [37m-[37m [32mCopying report from: C:\Users\mytie\IdeaProjects\Playwright_demo\target\allure-report
[0m[37m[2025-11-21 23:32:06] [34m[INFO ][37m [32morg.example.hrmOrange.allure.AllureReportUtils [37m-[37m [32mCopying report to: C:\Users\mytie\IdeaProjects\Playwright_demo\reports\2025-11-21\common_233206
[0m[37m[2025-11-21 23:32:06] [34m[INFO ][37m [32morg.example.hrmOrange.allure.AllureReportUtils [37m-[37m [32m✅ Report copied successfully!
[0m[37m[2025-11-21 23:32:06] [34m[INFO ][37m [32morg.example.hrmOrange.allure.AllureReportUtils [37m-[37m [32mIndex file created at: C:\Users\mytie\IdeaProjects\Playwright_demo\reports\2025-11-21\index.html
[0m[37m[2025-11-21 23:32:06] [34m[INFO ][37m [32morg.example.hrmOrange.allure.AllureReportUtils [37m-[37m [32m✅ Allure Report generated successfully at: C:\Users\mytie\IdeaProjects\Playwright_demo\reports
[0m[37m[2025-11-24 21:56:48] [34m[DEBUG][37m [32morg.testng.TestNG [37m-[37m [32msuiteXmlPath: "C:\Users\mytie\AppData\Local\JetBrains\IntelliJIdea2025.2\temp-testng-customsuite.xml"
[0m[37m[2025-11-24 21:56:49] [34m[WARN ][37m [32morg.testng.internal.Configuration [37m-[37m [32mDetected a static method [org.example.hrmOrange.common.BaseTest.beforeSuite()]. Static configuration methods can cause unexpected behavior.
[0m[37m[2025-11-24 21:56:49] [34m[WARN ][37m [32morg.testng.internal.Configuration [37m-[37m [32mDetected a static method [org.example.hrmOrange.common.BaseTest.afterSuite()]. Static configuration methods can cause unexpected behavior.
[0m[37m[2025-11-24 21:56:49] [34m[INFO ][37m [32morg.testng.internal.Utils [37m-[37m [32m[TestNG] Running:
  C:\Users\mytie\AppData\Local\JetBrains\IntelliJIdea2025.2\temp-testng-customsuite.xml

[0m[37m[2025-11-24 21:56:49] [34m[INFO ][37m [32morg.example.hrmOrange.allure.AllureReportUtils [37m-[37m [32mRemoved old report
[0m[37m[2025-11-24 21:56:55] [34m[INFO ][37m [32morg.example.hrmOrange.allure.LogUtils [37m-[37m [32mNavigate to URL: https://opensource-demo.orangehrmlive.com/web/index.php/auth/login
[0m[37m[2025-11-24 21:56:59] [34m[INFO ][37m [32morg.example.hrmOrange.allure.LogUtils [37m-[37m [32mNavigate to URL: https://opensource-demo.orangehrmlive.com/web/index.php/auth/login
[0m[37m[2025-11-24 21:56:59] [34m[INFO ][37m [32morg.example.hrmOrange.allure.LogUtils [37m-[37m [32mWait until visible: //input[@name='username']
[0m[37m[2025-11-24 21:57:01] [34m[INFO ][37m [32morg.example.hrmOrange.allure.LogUtils [37m-[37m [32mFill input //input[@name='username'] with: Admin
[0m[37m[2025-11-24 21:57:01] [34m[INFO ][37m [32morg.example.hrmOrange.allure.LogUtils [37m-[37m [32mFill input //input[@name='password'] with: admin123
[0m[37m[2025-11-24 21:57:01] [34m[INFO ][37m [32morg.example.hrmOrange.allure.LogUtils [37m-[37m [32mClick element: //button[@type='submit']
[0m[37m[2025-11-24 21:57:03] [34m[INFO ][37m [32morg.example.hrmOrange.allure.LogUtils [37m-[37m [32mWait until visible: //h6[normalize-space()='Dashboard']
[0m[37m[2025-11-24 21:57:04] [34m[INFO ][37m [32morg.example.hrmOrange.allure.LogUtils [37m-[37m [32mVerify visible: //h6[normalize-space()='Dashboard'] → true
[0m[37m[2025-11-24 21:57:04] [34m[INFO ][37m [32morg.example.hrmOrange.allure.LogUtils [37m-[37m [32mClick element: //span[normalize-space()='Admin']
[0m[37m[2025-11-24 21:57:05] [34m[INFO ][37m [32morg.example.hrmOrange.allure.LogUtils [37m-[37m [32mWait until visible: //label[normalize-space()='Username']/parent::div/following-sibling::div//input
[0m[37m[2025-11-24 21:57:06] [34m[INFO ][37m [32morg.example.hrmOrange.allure.LogUtils [37m-[37m [32mFill input //input[@placeholder='Type for hints...'] with: Invalid Employee XYZ
[0m[37m[2025-11-24 21:57:06] [34m[INFO ][37m [32morg.example.hrmOrange.allure.LogUtils [37m-[37m [32mClick element: //button[normalize-space()='Search']
[0m[37m[2025-11-24 21:57:06] [34m[INFO ][37m [32morg.example.hrmOrange.allure.LogUtils [37m-[37m [32mWait until visible: //span[contains(@class, 'oxd-input-field-error-message') and text()='Invalid']
[0m[37m[2025-11-24 21:57:06] [34m[INFO ][37m [32morg.example.hrmOrange.allure.LogUtils [37m-[37m [32mVerify visible: //span[contains(@class, 'oxd-input-field-error-message') and text()='Invalid'] → true
[0m[37m[2025-11-24 21:57:06] [34m[INFO ][37m [32morg.example.hrmOrange.allure.AllureReportUtils [37m-[37m [32mStarting Allure report generation...
[0m[37m[2025-11-24 21:57:06] [34m[INFO ][37m [32morg.example.hrmOrange.allure.AllureReportUtils [37m-[37m [32mRunning: mvn allure:report
[0m[37m[2025-11-24 21:57:27] [34m[INFO ][37m [32morg.example.hrmOrange.allure.AllureReportUtils [37m-[37m [32mLooking for Allure report at: C:\Users\mytie\IdeaProjects\Playwright_demo\target\site\allure-maven-plugin
[0m[37m[2025-11-24 21:57:27] [34m[WARN ][37m [32morg.example.hrmOrange.allure.AllureReportUtils [37m-[37m [32m⚠️ Allure report directory not found at: C:\Users\mytie\IdeaProjects\Playwright_demo\target\site\allure-maven-plugin
[0m[37m[2025-11-24 21:57:27] [34m[INFO ][37m [32morg.example.hrmOrange.allure.AllureReportUtils [37m-[37m [32mChecking alternative location: target/allure-report
[0m[37m[2025-11-24 21:57:27] [34m[INFO ][37m [32morg.example.hrmOrange.allure.AllureReportUtils [37m-[37m [32mFound report at alternative location: C:\Users\mytie\IdeaProjects\Playwright_demo\target\allure-report
[0m[37m[2025-11-24 21:57:27] [34m[INFO ][37m [32morg.example.hrmOrange.allure.AllureReportUtils [37m-[37m [32mCreated directory reports\2025-11-24\common_215727
[0m[37m[2025-11-24 21:57:27] [34m[INFO ][37m [32morg.example.hrmOrange.allure.AllureReportUtils [37m-[37m [32mCopying report from: C:\Users\mytie\IdeaProjects\Playwright_demo\target\allure-report
[0m[37m[2025-11-24 21:57:27] [34m[INFO ][37m [32morg.example.hrmOrange.allure.AllureReportUtils [37m-[37m [32mCopying report to: C:\Users\mytie\IdeaProjects\Playwright_demo\reports\2025-11-24\common_215727
[0m[37m[2025-11-24 21:57:27] [34m[INFO ][37m [32morg.example.hrmOrange.allure.AllureReportUtils [37m-[37m [32m✅ Report copied successfully!
[0m[37m[2025-11-24 21:57:27] [34m[INFO ][37m [32morg.example.hrmOrange.allure.AllureReportUtils [37m-[37m [32mIndex file created at: C:\Users\mytie\IdeaProjects\Playwright_demo\reports\2025-11-24\index.html
[0m[37m[2025-11-24 21:57:27] [34m[INFO ][37m [32morg.example.hrmOrange.allure.AllureReportUtils [37m-[37m [32mCreated directory reports\latest
[0m[37m[2025-11-24 21:57:27] [34m[INFO ][37m [32morg.example.hrmOrange.allure.AllureReportUtils [37m-[37m [32m✅ Report copied to 'latest' folder for GitHub tracking
[0m[37m[2025-11-24 21:57:27] [34m[INFO ][37m [32morg.example.hrmOrange.allure.AllureReportUtils [37m-[37m [32mREADME.md created in 'latest' folder
[0m[37m[2025-11-24 21:57:27] [34m[INFO ][37m [32morg.example.hrmOrange.allure.AllureReportUtils [37m-[37m [32m✅ Allure Report generated successfully at: C:\Users\mytie\IdeaProjects\Playwright_demo\reports
[0m[37m[2025-11-24 22:48:27] [34m[DEBUG][37m [32morg.testng.TestNG [37m-[37m [32msuiteXmlPath: "C:\Users\mytie\AppData\Local\JetBrains\IntelliJIdea2025.2\temp-testng-customsuite.xml"
[0m[37m[2025-11-24 22:48:28] [34m[WARN ][37m [32morg.testng.internal.Configuration [37m-[37m [32mDetected a static method [org.example.hrmOrange.common.BaseTest.beforeSuite()]. Static configuration methods can cause unexpected behavior.
[0m[37m[2025-11-24 22:48:28] [34m[WARN ][37m [32morg.testng.internal.Configuration [37m-[37m [32mDetected a static method [org.example.hrmOrange.common.BaseTest.afterSuite()]. Static configuration methods can cause unexpected behavior.
[0m[37m[2025-11-24 22:48:28] [34m[INFO ][37m [32morg.testng.internal.Utils [37m-[37m [32m[TestNG] Running:
  C:\Users\mytie\AppData\Local\JetBrains\IntelliJIdea2025.2\temp-testng-customsuite.xml

[0m[37m[2025-11-24 22:48:28] [34m[INFO ][37m [32morg.example.hrmOrange.allure.AllureReportUtils [37m-[37m [32mRemoved old report
[0m[37m[2025-11-24 22:48:33] [34m[INFO ][37m [32morg.example.hrmOrange.allure.LogUtils [37m-[37m [32mNavigate to URL: https://opensource-demo.orangehrmlive.com/web/index.php/auth/login
[0m[37m[2025-11-24 22:48:38] [34m[INFO ][37m [32morg.example.hrmOrange.allure.LogUtils [37m-[37m [32mNavigate to URL: https://opensource-demo.orangehrmlive.com/web/index.php/auth/login
[0m[37m[2025-11-24 22:48:39] [34m[INFO ][37m [32morg.example.hrmOrange.allure.LogUtils [37m-[37m [32mWait until visible: //input[@name='username']
[0m[37m[2025-11-24 22:48:40] [34m[INFO ][37m [32morg.example.hrmOrange.allure.LogUtils [37m-[37m [32mFill input //input[@name='username'] with: Admin
[0m[37m[2025-11-24 22:48:40] [34m[INFO ][37m [32morg.example.hrmOrange.allure.LogUtils [37m-[37m [32mFill input //input[@name='password'] with: admin123
[0m[37m[2025-11-24 22:48:40] [34m[INFO ][37m [32morg.example.hrmOrange.allure.LogUtils [37m-[37m [32mClick element: //button[@type='submit']
[0m[37m[2025-11-24 22:48:42] [34m[INFO ][37m [32morg.example.hrmOrange.allure.LogUtils [37m-[37m [32mWait until visible: //h6[normalize-space()='Dashboard']
[0m[37m[2025-11-24 22:48:43] [34m[INFO ][37m [32morg.example.hrmOrange.allure.LogUtils [37m-[37m [32mVerify visible: //h6[normalize-space()='Dashboard'] → true
[0m[37m[2025-11-24 22:48:43] [34m[INFO ][37m [32morg.example.hrmOrange.allure.LogUtils [37m-[37m [32mClick element: //span[normalize-space()='Admin']
[0m[37m[2025-11-24 22:48:45] [34m[INFO ][37m [32morg.example.hrmOrange.allure.LogUtils [37m-[37m [32mWait until visible: //label[normalize-space()='Username']/parent::div/following-sibling::div//input
[0m[37m[2025-11-24 22:48:46] [34m[INFO ][37m [32morg.example.hrmOrange.allure.LogUtils [37m-[37m [32mClick element: //button[normalize-space()='Add']
[0m[37m[2025-11-24 22:48:47] [34m[INFO ][37m [32morg.example.hrmOrange.allure.LogUtils [37m-[37m [32mWait until visible: //h6[normalize-space()='Add User']
[0m[37m[2025-11-24 22:48:48] [34m[INFO ][37m [32morg.example.hrmOrange.allure.LogUtils [37m-[37m [32mClick element: //input[@placeholder='Type for hints...']
[0m[37m[2025-11-24 22:48:48] [34m[INFO ][37m [32morg.example.hrmOrange.allure.LogUtils [37m-[37m [32mFill input //input[@placeholder='Type for hints...'] with: 
[0m[37m[2025-11-24 22:48:48] [34m[INFO ][37m [32morg.example.hrmOrange.allure.LogUtils [37m-[37m [32mType text into //input[@placeholder='Type for hints...']: Lind
[0m[37m[2025-11-24 22:48:49] [34m[INFO ][37m [32morg.example.hrmOrange.allure.LogUtils [37m-[37m [32mWait until visible: //div[@role='listbox']
[0m[37m[2025-11-24 22:48:49] [34m[INFO ][37m [32morg.example.hrmOrange.allure.LogUtils [37m-[37m [32mClick element: //div[@role='listbox']//div[@role='option'][1]
[0m[37m[2025-11-24 22:48:50] [34m[INFO ][37m [32morg.example.hrmOrange.allure.LogUtils [37m-[37m [32mFill input //label[normalize-space()='Username']/parent::div/following-sibling::div//input with: TestAdmin01
[0m[37m[2025-11-24 22:48:50] [34m[INFO ][37m [32morg.example.hrmOrange.allure.LogUtils [37m-[37m [32mClick element: //label[normalize-space()='User Role']/following::div[contains(@class,'oxd-select-text--after')][1]
[0m[37m[2025-11-24 22:48:50] [34m[INFO ][37m [32morg.example.hrmOrange.allure.LogUtils [37m-[37m [32mClick element: //div[@role='option']//span[normalize-space()='Admin']
[0m[37m[2025-11-24 22:48:50] [34m[INFO ][37m [32morg.example.hrmOrange.allure.LogUtils [37m-[37m [32mClick element: (//label[normalize-space()='Status']/parent::div/following-sibling::div//div[contains(@class,'oxd-select-text')])[1]
[0m[37m[2025-11-24 22:48:50] [34m[INFO ][37m [32morg.example.hrmOrange.allure.LogUtils [37m-[37m [32mWait until visible: //div[@role='listbox']
[0m[37m[2025-11-24 22:48:50] [34m[INFO ][37m [32morg.example.hrmOrange.allure.LogUtils [37m-[37m [32mClick element: //div[@role='listbox']//span[normalize-space()='Enabled']
[0m[37m[2025-11-24 22:48:50] [34m[INFO ][37m [32morg.example.hrmOrange.allure.LogUtils [37m-[37m [32mFill input //label[normalize-space()='Password']/parent::div/following-sibling::div//input with: admin123
[0m[37m[2025-11-24 22:48:50] [34m[INFO ][37m [32morg.example.hrmOrange.allure.LogUtils [37m-[37m [32mFill input //label[normalize-space()='Confirm Password']/parent::div/following-sibling::div//input with: admin123
[0m[37m[2025-11-24 22:48:50] [34m[INFO ][37m [32morg.example.hrmOrange.allure.LogUtils [37m-[37m [32mClick element: //button[normalize-space()='Save']
[0m[37m[2025-11-24 22:48:50] [34m[INFO ][37m [32morg.example.hrmOrange.allure.LogUtils [37m-[37m [32mWait until visible: //div[contains(@class,'oxd-toast')]
[0m[37m[2025-11-24 22:48:56] [34m[INFO ][37m [32morg.example.hrmOrange.allure.AllureReportUtils [37m-[37m [32mStarting Allure report generation...
[0m[37m[2025-11-24 22:48:56] [34m[INFO ][37m [32morg.example.hrmOrange.allure.AllureReportUtils [37m-[37m [32mRunning: mvn allure:report
[0m[37m[2025-11-24 22:49:05] [34m[INFO ][37m [32morg.example.hrmOrange.allure.AllureReportUtils [37m-[37m [32mLooking for Allure report at: C:\Users\mytie\IdeaProjects\Playwright_demo\target\site\allure-maven-plugin
[0m[37m[2025-11-24 22:49:05] [34m[WARN ][37m [32morg.example.hrmOrange.allure.AllureReportUtils [37m-[37m [32m⚠️ Allure report directory not found at: C:\Users\mytie\IdeaProjects\Playwright_demo\target\site\allure-maven-plugin
[0m[37m[2025-11-24 22:49:05] [34m[INFO ][37m [32morg.example.hrmOrange.allure.AllureReportUtils [37m-[37m [32mChecking alternative location: target/allure-report
[0m[37m[2025-11-24 22:49:05] [34m[INFO ][37m [32morg.example.hrmOrange.allure.AllureReportUtils [37m-[37m [32mFound report at alternative location: C:\Users\mytie\IdeaProjects\Playwright_demo\target\allure-report
[0m[37m[2025-11-24 22:49:05] [34m[INFO ][37m [32morg.example.hrmOrange.allure.AllureReportUtils [37m-[37m [32mCreated directory reports\2025-11-24\common_224905
[0m[37m[2025-11-24 22:49:05] [34m[INFO ][37m [32morg.example.hrmOrange.allure.AllureReportUtils [37m-[37m [32mCopying report from: C:\Users\mytie\IdeaProjects\Playwright_demo\target\allure-report
[0m[37m[2025-11-24 22:49:05] [34m[INFO ][37m [32morg.example.hrmOrange.allure.AllureReportUtils [37m-[37m [32mCopying report to: C:\Users\mytie\IdeaProjects\Playwright_demo\reports\2025-11-24\common_224905
[0m[37m[2025-11-24 22:49:05] [34m[INFO ][37m [32morg.example.hrmOrange.allure.AllureReportUtils [37m-[37m [32m✅ Report copied successfully!
[0m[37m[2025-11-24 22:49:05] [34m[INFO ][37m [32morg.example.hrmOrange.allure.AllureReportUtils [37m-[37m [32mIndex file created at: C:\Users\mytie\IdeaProjects\Playwright_demo\reports\2025-11-24\index.html
[0m[37m[2025-11-24 22:49:06] [34m[INFO ][37m [32morg.example.hrmOrange.allure.AllureReportUtils [37m-[37m [32mRemoved old 'latest' report folder
[0m[37m[2025-11-24 22:49:06] [34m[INFO ][37m [32morg.example.hrmOrange.allure.AllureReportUtils [37m-[37m [32mCreated directory reports\latest
[0m[37m[2025-11-24 22:49:06] [34m[INFO ][37m [32morg.example.hrmOrange.allure.AllureReportUtils [37m-[37m [32m✅ Report copied to 'latest' folder for GitHub tracking
[0m[37m[2025-11-24 22:49:06] [34m[INFO ][37m [32morg.example.hrmOrange.allure.AllureReportUtils [37m-[37m [32mREADME.md created in 'latest' folder
[0m[37m[2025-11-24 22:49:06] [34m[INFO ][37m [32morg.example.hrmOrange.allure.AllureReportUtils [37m-[37m [32m✅ Allure Report generated successfully at: C:\Users\mytie\IdeaProjects\Playwright_demo\reports
[0m[37m[2025-11-24 22:50:30] [34m[DEBUG][37m [32morg.testng.TestNG [37m-[37m [32msuiteXmlPath: "C:\Users\mytie\AppData\Local\JetBrains\IntelliJIdea2025.2\temp-testng-customsuite.xml"
[0m[37m[2025-11-24 22:50:31] [34m[WARN ][37m [32morg.testng.internal.Configuration [37m-[37m [32mDetected a static method [org.example.hrmOrange.common.BaseTest.beforeSuite()]. Static configuration methods can cause unexpected behavior.
[0m[37m[2025-11-24 22:50:31] [34m[WARN ][37m [32morg.testng.internal.Configuration [37m-[37m [32mDetected a static method [org.example.hrmOrange.common.BaseTest.afterSuite()]. Static configuration methods can cause unexpected behavior.
[0m[37m[2025-11-24 22:50:31] [34m[INFO ][37m [32morg.testng.internal.Utils [37m-[37m [32m[TestNG] Running:
  C:\Users\mytie\AppData\Local\JetBrains\IntelliJIdea2025.2\temp-testng-customsuite.xml

[0m[37m[2025-11-24 22:50:31] [34m[INFO ][37m [32morg.example.hrmOrange.allure.AllureReportUtils [37m-[37m [32mRemoved old report
[0m[37m[2025-11-24 22:50:36] [34m[INFO ][37m [32morg.example.hrmOrange.allure.LogUtils [37m-[37m [32mNavigate to URL: https://opensource-demo.orangehrmlive.com/web/index.php/auth/login
[0m[37m[2025-11-24 22:50:44] [34m[INFO ][37m [32morg.example.hrmOrange.allure.LogUtils [37m-[37m [32mNavigate to URL: https://opensource-demo.orangehrmlive.com/web/index.php/auth/login
[0m[37m[2025-11-24 22:50:44] [34m[INFO ][37m [32morg.example.hrmOrange.allure.LogUtils [37m-[37m [32mWait until visible: //input[@name='username']
[0m[37m[2025-11-24 22:50:46] [34m[INFO ][37m [32morg.example.hrmOrange.allure.LogUtils [37m-[37m [32mFill input //input[@name='username'] with: Admin
[0m[37m[2025-11-24 22:50:46] [34m[INFO ][37m [32morg.example.hrmOrange.allure.LogUtils [37m-[37m [32mFill input //input[@name='password'] with: admin123
[0m[37m[2025-11-24 22:50:46] [34m[INFO ][37m [32morg.example.hrmOrange.allure.LogUtils [37m-[37m [32mClick element: //button[@type='submit']
[0m[37m[2025-11-24 22:50:47] [34m[INFO ][37m [32morg.example.hrmOrange.allure.LogUtils [37m-[37m [32mWait until visible: //h6[normalize-space()='Dashboard']
[0m[37m[2025-11-24 22:50:48] [34m[INFO ][37m [32morg.example.hrmOrange.allure.LogUtils [37m-[37m [32mVerify visible: //h6[normalize-space()='Dashboard'] → true
[0m[37m[2025-11-24 22:50:48] [34m[INFO ][37m [32morg.example.hrmOrange.allure.LogUtils [37m-[37m [32mClick element: //span[normalize-space()='Admin']
[0m[37m[2025-11-24 22:50:49] [34m[INFO ][37m [32morg.example.hrmOrange.allure.LogUtils [37m-[37m [32mWait until visible: //label[normalize-space()='Username']/parent::div/following-sibling::div//input
[0m[37m[2025-11-24 22:50:50] [34m[INFO ][37m [32morg.example.hrmOrange.allure.LogUtils [37m-[37m [32mClick element: //button[normalize-space()='Add']
[0m[37m[2025-11-24 22:50:51] [34m[INFO ][37m [32morg.example.hrmOrange.allure.LogUtils [37m-[37m [32mWait until visible: //h6[normalize-space()='Add User']
[0m[37m[2025-11-24 22:50:52] [34m[INFO ][37m [32morg.example.hrmOrange.allure.LogUtils [37m-[37m [32mClick element: //input[@placeholder='Type for hints...']
[0m[37m[2025-11-24 22:50:52] [34m[INFO ][37m [32morg.example.hrmOrange.allure.LogUtils [37m-[37m [32mFill input //input[@placeholder='Type for hints...'] with: 
[0m[37m[2025-11-24 22:50:52] [34m[INFO ][37m [32morg.example.hrmOrange.allure.LogUtils [37m-[37m [32mType text into //input[@placeholder='Type for hints...']: Lind
[0m[37m[2025-11-24 22:50:54] [34m[INFO ][37m [32morg.example.hrmOrange.allure.LogUtils [37m-[37m [32mWait until visible: //div[@role='listbox']
[0m[37m[2025-11-24 22:50:54] [34m[INFO ][37m [32morg.example.hrmOrange.allure.LogUtils [37m-[37m [32mClick element: //div[@role='listbox']//div[@role='option'][1]
[0m[37m[2025-11-24 22:50:54] [34m[INFO ][37m [32morg.example.hrmOrange.allure.LogUtils [37m-[37m [32mFill input //label[normalize-space()='Username']/parent::div/following-sibling::div//input with: TestAdmin01
[0m[37m[2025-11-24 22:50:54] [34m[INFO ][37m [32morg.example.hrmOrange.allure.LogUtils [37m-[37m [32mClick element: //label[normalize-space()='User Role']/following::div[contains(@class,'oxd-select-text--after')][1]
[0m[37m[2025-11-24 22:50:54] [34m[INFO ][37m [32morg.example.hrmOrange.allure.LogUtils [37m-[37m [32mClick element: //div[@role='option']//span[normalize-space()='Admin']
[0m[37m[2025-11-24 22:50:54] [34m[INFO ][37m [32morg.example.hrmOrange.allure.LogUtils [37m-[37m [32mClick element: (//label[normalize-space()='Status']/parent::div/following-sibling::div//div[contains(@class,'oxd-select-text')])[1]
[0m[37m[2025-11-24 22:50:55] [34m[INFO ][37m [32morg.example.hrmOrange.allure.LogUtils [37m-[37m [32mWait until visible: //div[@role='listbox']
[0m[37m[2025-11-24 22:50:55] [34m[INFO ][37m [32morg.example.hrmOrange.allure.LogUtils [37m-[37m [32mClick element: //div[@role='listbox']//span[normalize-space()='Enabled']
[0m[37m[2025-11-24 22:50:55] [34m[INFO ][37m [32morg.example.hrmOrange.allure.LogUtils [37m-[37m [32mFill input //label[normalize-space()='Password']/parent::div/following-sibling::div//input with: admin123
[0m[37m[2025-11-24 22:50:55] [34m[INFO ][37m [32morg.example.hrmOrange.allure.LogUtils [37m-[37m [32mFill input //label[normalize-space()='Confirm Password']/parent::div/following-sibling::div//input with: admin123
[0m[37m[2025-11-24 22:50:55] [34m[INFO ][37m [32morg.example.hrmOrange.allure.LogUtils [37m-[37m [32mClick element: //button[normalize-space()='Save']
[0m[37m[2025-11-24 22:50:55] [34m[INFO ][37m [32morg.example.hrmOrange.allure.LogUtils [37m-[37m [32mWait until visible: //div[contains(@class,'oxd-toast-content')]
[0m[37m[2025-11-24 22:51:05] [34m[INFO ][37m [32morg.example.hrmOrange.allure.AllureReportUtils [37m-[37m [32mStarting Allure report generation...
[0m[37m[2025-11-24 22:51:05] [34m[INFO ][37m [32morg.example.hrmOrange.allure.AllureReportUtils [37m-[37m [32mRunning: mvn allure:report
[0m[37m[2025-11-24 22:51:13] [34m[INFO ][37m [32morg.example.hrmOrange.allure.AllureReportUtils [37m-[37m [32mLooking for Allure report at: C:\Users\mytie\IdeaProjects\Playwright_demo\target\site\allure-maven-plugin
[0m[37m[2025-11-24 22:51:13] [34m[WARN ][37m [32morg.example.hrmOrange.allure.AllureReportUtils [37m-[37m [32m⚠️ Allure report directory not found at: C:\Users\mytie\IdeaProjects\Playwright_demo\target\site\allure-maven-plugin
[0m[37m[2025-11-24 22:51:13] [34m[INFO ][37m [32morg.example.hrmOrange.allure.AllureReportUtils [37m-[37m [32mChecking alternative location: target/allure-report
[0m[37m[2025-11-24 22:51:13] [34m[INFO ][37m [32morg.example.hrmOrange.allure.AllureReportUtils [37m-[37m [32mFound report at alternative location: C:\Users\mytie\IdeaProjects\Playwright_demo\target\allure-report
[0m[37m[2025-11-24 22:51:13] [34m[INFO ][37m [32morg.example.hrmOrange.allure.AllureReportUtils [37m-[37m [32mCreated directory reports\2025-11-24\common_225113
[0m[37m[2025-11-24 22:51:13] [34m[INFO ][37m [32morg.example.hrmOrange.allure.AllureReportUtils [37m-[37m [32mCopying report from: C:\Users\mytie\IdeaProjects\Playwright_demo\target\allure-report
[0m[37m[2025-11-24 22:51:13] [34m[INFO ][37m [32morg.example.hrmOrange.allure.AllureReportUtils [37m-[37m [32mCopying report to: C:\Users\mytie\IdeaProjects\Playwright_demo\reports\2025-11-24\common_225113
[0m[37m[2025-11-24 22:51:14] [34m[INFO ][37m [32morg.example.hrmOrange.allure.AllureReportUtils [37m-[37m [32m✅ Report copied successfully!
[0m[37m[2025-11-24 22:51:14] [34m[INFO ][37m [32morg.example.hrmOrange.allure.AllureReportUtils [37m-[37m [32mIndex file created at: C:\Users\mytie\IdeaProjects\Playwright_demo\reports\2025-11-24\index.html
[0m[37m[2025-11-24 22:51:14] [34m[INFO ][37m [32morg.example.hrmOrange.allure.AllureReportUtils [37m-[37m [32mRemoved old 'latest' report folder
[0m[37m[2025-11-24 22:51:14] [34m[INFO ][37m [32morg.example.hrmOrange.allure.AllureReportUtils [37m-[37m [32mCreated directory reports\latest
[0m[37m[2025-11-24 22:51:14] [34m[INFO ][37m [32morg.example.hrmOrange.allure.AllureReportUtils [37m-[37m [32m✅ Report copied to 'latest' folder for GitHub tracking
[0m[37m[2025-11-24 22:51:14] [34m[INFO ][37m [32morg.example.hrmOrange.allure.AllureReportUtils [37m-[37m [32mREADME.md created in 'latest' folder
[0m[37m[2025-11-24 22:51:14] [34m[INFO ][37m [32morg.example.hrmOrange.allure.AllureReportUtils [37m-[37m [32m✅ Allure Report generated successfully at: C:\Users\mytie\IdeaProjects\Playwright_demo\reports
[0m[37m[2025-11-24 22:53:37] [34m[DEBUG][37m [32morg.testng.TestNG [37m-[37m [32msuiteXmlPath: "C:\Users\mytie\AppData\Local\JetBrains\IntelliJIdea2025.2\temp-testng-customsuite.xml"
[0m[37m[2025-11-24 22:53:37] [34m[WARN ][37m [32morg.testng.internal.Configuration [37m-[37m [32mDetected a static method [org.example.hrmOrange.common.BaseTest.beforeSuite()]. Static configuration methods can cause unexpected behavior.
[0m[37m[2025-11-24 22:53:37] [34m[WARN ][37m [32morg.testng.internal.Configuration [37m-[37m [32mDetected a static method [org.example.hrmOrange.common.BaseTest.afterSuite()]. Static configuration methods can cause unexpected behavior.
[0m[37m[2025-11-24 22:53:37] [34m[INFO ][37m [32morg.testng.internal.Utils [37m-[37m [32m[TestNG] Running:
  C:\Users\mytie\AppData\Local\JetBrains\IntelliJIdea2025.2\temp-testng-customsuite.xml

[0m[37m[2025-11-24 22:53:38] [34m[INFO ][37m [32morg.example.hrmOrange.allure.AllureReportUtils [37m-[37m [32mRemoved old report
[0m[37m[2025-11-24 22:53:43] [34m[INFO ][37m [32morg.example.hrmOrange.allure.LogUtils [37m-[37m [32mNavigate to URL: https://opensource-demo.orangehrmlive.com/web/index.php/auth/login
[0m[37m[2025-11-24 22:53:47] [34m[INFO ][37m [32morg.example.hrmOrange.allure.LogUtils [37m-[37m [32mNavigate to URL: https://opensource-demo.orangehrmlive.com/web/index.php/auth/login
[0m[37m[2025-11-24 22:53:48] [34m[INFO ][37m [32morg.example.hrmOrange.allure.LogUtils [37m-[37m [32mWait until visible: //input[@name='username']
[0m[37m[2025-11-24 22:53:49] [34m[INFO ][37m [32morg.example.hrmOrange.allure.LogUtils [37m-[37m [32mFill input //input[@name='username'] with: Admin
[0m[37m[2025-11-24 22:53:49] [34m[INFO ][37m [32morg.example.hrmOrange.allure.LogUtils [37m-[37m [32mFill input //input[@name='password'] with: admin123
[0m[37m[2025-11-24 22:53:49] [34m[INFO ][37m [32morg.example.hrmOrange.allure.LogUtils [37m-[37m [32mClick element: //button[@type='submit']
[0m[37m[2025-11-24 22:53:51] [34m[INFO ][37m [32morg.example.hrmOrange.allure.LogUtils [37m-[37m [32mWait until visible: //h6[normalize-space()='Dashboard']
[0m[37m[2025-11-24 22:53:51] [34m[INFO ][37m [32morg.example.hrmOrange.allure.LogUtils [37m-[37m [32mVerify visible: //h6[normalize-space()='Dashboard'] → true
[0m[37m[2025-11-24 22:53:51] [34m[INFO ][37m [32morg.example.hrmOrange.allure.LogUtils [37m-[37m [32mClick element: //span[normalize-space()='Admin']
[0m[37m[2025-11-24 22:53:53] [34m[INFO ][37m [32morg.example.hrmOrange.allure.LogUtils [37m-[37m [32mWait until visible: //label[normalize-space()='Username']/parent::div/following-sibling::div//input
[0m[37m[2025-11-24 22:53:54] [34m[INFO ][37m [32morg.example.hrmOrange.allure.LogUtils [37m-[37m [32mClick element: //button[normalize-space()='Add']
[0m[37m[2025-11-24 22:53:54] [34m[INFO ][37m [32morg.example.hrmOrange.allure.LogUtils [37m-[37m [32mWait until visible: //h6[normalize-space()='Add User']
[0m[37m[2025-11-24 22:53:55] [34m[INFO ][37m [32morg.example.hrmOrange.allure.LogUtils [37m-[37m [32mClick element: //input[@placeholder='Type for hints...']
[0m[37m[2025-11-24 22:53:55] [34m[INFO ][37m [32morg.example.hrmOrange.allure.LogUtils [37m-[37m [32mFill input //input[@placeholder='Type for hints...'] with: 
[0m[37m[2025-11-24 22:53:55] [34m[INFO ][37m [32morg.example.hrmOrange.allure.LogUtils [37m-[37m [32mType text into //input[@placeholder='Type for hints...']: Lind
[0m[37m[2025-11-24 22:53:56] [34m[INFO ][37m [32morg.example.hrmOrange.allure.LogUtils [37m-[37m [32mWait until visible: //div[@role='listbox']
[0m[37m[2025-11-24 22:53:56] [34m[INFO ][37m [32morg.example.hrmOrange.allure.LogUtils [37m-[37m [32mClick element: //div[@role='listbox']//div[@role='option'][1]
[0m[37m[2025-11-24 22:53:57] [34m[INFO ][37m [32morg.example.hrmOrange.allure.LogUtils [37m-[37m [32mFill input //label[normalize-space()='Username']/parent::div/following-sibling::div//input with: TestAdmin01
[0m[37m[2025-11-24 22:53:57] [34m[INFO ][37m [32morg.example.hrmOrange.allure.LogUtils [37m-[37m [32mClick element: //label[normalize-space()='User Role']/following::div[contains(@class,'oxd-select-text--after')][1]
[0m[37m[2025-11-24 22:53:57] [34m[INFO ][37m [32morg.example.hrmOrange.allure.LogUtils [37m-[37m [32mClick element: //div[@role='option']//span[normalize-space()='Admin']
[0m[37m[2025-11-24 22:53:57] [34m[INFO ][37m [32morg.example.hrmOrange.allure.LogUtils [37m-[37m [32mClick element: (//label[normalize-space()='Status']/parent::div/following-sibling::div//div[contains(@class,'oxd-select-text')])[1]
[0m[37m[2025-11-24 22:53:57] [34m[INFO ][37m [32morg.example.hrmOrange.allure.LogUtils [37m-[37m [32mWait until visible: //div[@role='listbox']
[0m[37m[2025-11-24 22:53:57] [34m[INFO ][37m [32morg.example.hrmOrange.allure.LogUtils [37m-[37m [32mClick element: //div[@role='listbox']//span[normalize-space()='Enabled']
[0m[37m[2025-11-24 22:53:57] [34m[INFO ][37m [32morg.example.hrmOrange.allure.LogUtils [37m-[37m [32mFill input //label[normalize-space()='Password']/parent::div/following-sibling::div//input with: admin123
[0m[37m[2025-11-24 22:53:57] [34m[INFO ][37m [32morg.example.hrmOrange.allure.LogUtils [37m-[37m [32mFill input //label[normalize-space()='Confirm Password']/parent::div/following-sibling::div//input with: admin123
[0m[37m[2025-11-24 22:53:57] [34m[INFO ][37m [32morg.example.hrmOrange.allure.LogUtils [37m-[37m [32mClick element: //button[normalize-space()='Save']
[0m[37m[2025-11-24 22:53:59] [34m[INFO ][37m [32morg.example.hrmOrange.allure.LogUtils [37m-[37m [32mWait until visible: //div[@class='oxd-table-body']
[0m[37m[2025-11-24 22:54:10] [34m[INFO ][37m [32morg.example.hrmOrange.allure.AllureReportUtils [37m-[37m [32mStarting Allure report generation...
[0m[37m[2025-11-24 22:54:10] [34m[INFO ][37m [32morg.example.hrmOrange.allure.AllureReportUtils [37m-[37m [32mRunning: mvn allure:report
[0m[37m[2025-11-24 22:54:22] [34m[INFO ][37m [32morg.example.hrmOrange.allure.AllureReportUtils [37m-[37m [32mLooking for Allure report at: C:\Users\mytie\IdeaProjects\Playwright_demo\target\site\allure-maven-plugin
[0m[37m[2025-11-24 22:54:22] [34m[WARN ][37m [32morg.example.hrmOrange.allure.AllureReportUtils [37m-[37m [32m⚠️ Allure report directory not found at: C:\Users\mytie\IdeaProjects\Playwright_demo\target\site\allure-maven-plugin
[0m[37m[2025-11-24 22:54:22] [34m[INFO ][37m [32morg.example.hrmOrange.allure.AllureReportUtils [37m-[37m [32mChecking alternative location: target/allure-report
[0m[37m[2025-11-24 22:54:22] [34m[INFO ][37m [32morg.example.hrmOrange.allure.AllureReportUtils [37m-[37m [32mFound report at alternative location: C:\Users\mytie\IdeaProjects\Playwright_demo\target\allure-report
[0m[37m[2025-11-24 22:54:22] [34m[INFO ][37m [32morg.example.hrmOrange.allure.AllureReportUtils [37m-[37m [32mCreated directory reports\2025-11-24\common_225422
[0m[37m[2025-11-24 22:54:22] [34m[INFO ][37m [32morg.example.hrmOrange.allure.AllureReportUtils [37m-[37m [32mCopying report from: C:\Users\mytie\IdeaProjects\Playwright_demo\target\allure-report
[0m[37m[2025-11-24 22:54:22] [34m[INFO ][37m [32morg.example.hrmOrange.allure.AllureReportUtils [37m-[37m [32mCopying report to: C:\Users\mytie\IdeaProjects\Playwright_demo\reports\2025-11-24\common_225422
[0m[37m[2025-11-24 22:54:23] [34m[INFO ][37m [32morg.example.hrmOrange.allure.AllureReportUtils [37m-[37m [32m✅ Report copied successfully!
[0m[37m[2025-11-24 22:54:23] [34m[INFO ][37m [32morg.example.hrmOrange.allure.AllureReportUtils [37m-[37m [32mIndex file created at: C:\Users\mytie\IdeaProjects\Playwright_demo\reports\2025-11-24\index.html
[0m[37m[2025-11-24 22:54:23] [34m[INFO ][37m [32morg.example.hrmOrange.allure.AllureReportUtils [37m-[37m [32mRemoved old 'latest' report folder
[0m[37m[2025-11-24 22:54:23] [34m[INFO ][37m [32morg.example.hrmOrange.allure.AllureReportUtils [37m-[37m [32mCreated directory reports\latest
[0m[37m[2025-11-24 22:54:23] [34m[INFO ][37m [32morg.example.hrmOrange.allure.AllureReportUtils [37m-[37m [32m✅ Report copied to 'latest' folder for GitHub tracking
[0m[37m[2025-11-24 22:54:23] [34m[INFO ][37m [32morg.example.hrmOrange.allure.AllureReportUtils [37m-[37m [32mREADME.md created in 'latest' folder
[0m[37m[2025-11-24 22:54:23] [34m[INFO ][37m [32morg.example.hrmOrange.allure.AllureReportUtils [37m-[37m [32m✅ Allure Report generated successfully at: C:\Users\mytie\IdeaProjects\Playwright_demo\reports
[0m[37m[2025-11-24 23:02:12] [34m[DEBUG][37m [32morg.testng.TestNG [37m-[37m [32msuiteXmlPath: "C:\Users\mytie\AppData\Local\JetBrains\IntelliJIdea2025.2\temp-testng-customsuite.xml"
[0m[37m[2025-11-24 23:02:13] [34m[WARN ][37m [32morg.testng.internal.Configuration [37m-[37m [32mDetected a static method [org.example.hrmOrange.common.BaseTest.beforeSuite()]. Static configuration methods can cause unexpected behavior.
[0m[37m[2025-11-24 23:02:13] [34m[WARN ][37m [32morg.testng.internal.Configuration [37m-[37m [32mDetected a static method [org.example.hrmOrange.common.BaseTest.afterSuite()]. Static configuration methods can cause unexpected behavior.
[0m[37m[2025-11-24 23:02:13] [34m[INFO ][37m [32morg.testng.internal.Utils [37m-[37m [32m[TestNG] Running:
  C:\Users\mytie\AppData\Local\JetBrains\IntelliJIdea2025.2\temp-testng-customsuite.xml

[0m[37m[2025-11-24 23:02:13] [34m[INFO ][37m [32morg.example.hrmOrange.allure.AllureReportUtils [37m-[37m [32mRemoved old report
[0m[37m[2025-11-24 23:02:22] [34m[INFO ][37m [32morg.example.hrmOrange.allure.LogUtils [37m-[37m [32mNavigate to URL: https://opensource-demo.orangehrmlive.com/web/index.php/auth/login
[0m[37m[2025-11-24 23:02:41] [34m[INFO ][37m [32morg.example.hrmOrange.allure.LogUtils [37m-[37m [32mNavigate to URL: https://opensource-demo.orangehrmlive.com/web/index.php/auth/login
[0m[37m[2025-11-24 23:02:42] [34m[INFO ][37m [32morg.example.hrmOrange.allure.LogUtils [37m-[37m [32mWait until visible: //input[@name='username']
[0m[37m[2025-11-24 23:02:44] [34m[INFO ][37m [32morg.example.hrmOrange.allure.LogUtils [37m-[37m [32mFill input //input[@name='username'] with: Admin
[0m[37m[2025-11-24 23:02:45] [34m[INFO ][37m [32morg.example.hrmOrange.allure.LogUtils [37m-[37m [32mFill input //input[@name='password'] with: admin123
[0m[37m[2025-11-24 23:02:45] [34m[INFO ][37m [32morg.example.hrmOrange.allure.LogUtils [37m-[37m [32mClick element: //button[@type='submit']
[0m[37m[2025-11-24 23:02:46] [34m[INFO ][37m [32morg.example.hrmOrange.allure.LogUtils [37m-[37m [32mWait until visible: //h6[normalize-space()='Dashboard']
[0m[37m[2025-11-24 23:02:47] [34m[INFO ][37m [32morg.example.hrmOrange.allure.LogUtils [37m-[37m [32mVerify visible: //h6[normalize-space()='Dashboard'] → true
[0m[37m[2025-11-24 23:02:47] [34m[INFO ][37m [32morg.example.hrmOrange.allure.LogUtils [37m-[37m [32mClick element: //span[normalize-space()='Admin']
[0m[37m[2025-11-24 23:02:48] [34m[INFO ][37m [32morg.example.hrmOrange.allure.LogUtils [37m-[37m [32mWait until visible: //label[normalize-space()='Username']/parent::div/following-sibling::div//input
[0m[37m[2025-11-24 23:02:49] [34m[INFO ][37m [32morg.example.hrmOrange.allure.LogUtils [37m-[37m [32mClick element: //button[normalize-space()='Add']
[0m[37m[2025-11-24 23:02:50] [34m[INFO ][37m [32morg.example.hrmOrange.allure.LogUtils [37m-[37m [32mWait until visible: //h6[normalize-space()='Add User']
[0m[37m[2025-11-24 23:02:51] [34m[INFO ][37m [32morg.example.hrmOrange.allure.LogUtils [37m-[37m [32mClick element: //input[@placeholder='Type for hints...']
[0m[37m[2025-11-24 23:02:51] [34m[INFO ][37m [32morg.example.hrmOrange.allure.LogUtils [37m-[37m [32mFill input //input[@placeholder='Type for hints...'] with: 
[0m[37m[2025-11-24 23:02:51] [34m[INFO ][37m [32morg.example.hrmOrange.allure.LogUtils [37m-[37m [32mType text into //input[@placeholder='Type for hints...']: Lind
[0m[37m[2025-11-24 23:02:52] [34m[INFO ][37m [32morg.example.hrmOrange.allure.LogUtils [37m-[37m [32mWait until visible: //div[@role='listbox']
[0m[37m[2025-11-24 23:02:52] [34m[INFO ][37m [32morg.example.hrmOrange.allure.LogUtils [37m-[37m [32mClick element: //div[@role='listbox']//div[@role='option'][1]
[0m[37m[2025-11-24 23:02:53] [34m[INFO ][37m [32morg.example.hrmOrange.allure.LogUtils [37m-[37m [32mFill input //label[normalize-space()='Username']/parent::div/following-sibling::div//input with: TestAdmin01
[0m[37m[2025-11-24 23:02:53] [34m[INFO ][37m [32morg.example.hrmOrange.allure.LogUtils [37m-[37m [32mClick element: //label[normalize-space()='User Role']/following::div[contains(@class,'oxd-select-text--after')][1]
[0m[37m[2025-11-24 23:02:53] [34m[INFO ][37m [32morg.example.hrmOrange.allure.LogUtils [37m-[37m [32mClick element: //div[@role='option']//span[normalize-space()='Admin']
[0m[37m[2025-11-24 23:02:53] [34m[INFO ][37m [32morg.example.hrmOrange.allure.LogUtils [37m-[37m [32mClick element: (//label[normalize-space()='Status']/parent::div/following-sibling::div//div[contains(@class,'oxd-select-text')])[1]
[0m[37m[2025-11-24 23:02:53] [34m[INFO ][37m [32morg.example.hrmOrange.allure.LogUtils [37m-[37m [32mWait until visible: //div[@role='listbox']
[0m[37m[2025-11-24 23:02:53] [34m[INFO ][37m [32morg.example.hrmOrange.allure.LogUtils [37m-[37m [32mClick element: //div[@role='listbox']//span[normalize-space()='Enabled']
[0m[37m[2025-11-24 23:02:53] [34m[INFO ][37m [32morg.example.hrmOrange.allure.LogUtils [37m-[37m [32mFill input //label[normalize-space()='Password']/parent::div/following-sibling::div//input with: admin123
[0m[37m[2025-11-24 23:02:53] [34m[INFO ][37m [32morg.example.hrmOrange.allure.LogUtils [37m-[37m [32mFill input //label[normalize-space()='Confirm Password']/parent::div/following-sibling::div//input with: admin123
[0m[37m[2025-11-24 23:02:53] [34m[INFO ][37m [32morg.example.hrmOrange.allure.LogUtils [37m-[37m [32mClick element: //button[normalize-space()='Save']
[0m[37m[2025-11-24 23:03:14] [34m[INFO ][37m [32morg.example.hrmOrange.allure.LogUtils [37m-[37m [32mWait until visible: //div[@class='oxd-table-body']
[0m[37m[2025-11-24 23:03:34] [34m[INFO ][37m [32morg.example.hrmOrange.allure.AllureReportUtils [37m-[37m [32mStarting Allure report generation...
[0m[37m[2025-11-24 23:03:34] [34m[INFO ][37m [32morg.example.hrmOrange.allure.AllureReportUtils [37m-[37m [32mRunning: mvn allure:report
[0m[37m[2025-11-24 23:03:50] [34m[INFO ][37m [32morg.example.hrmOrange.allure.AllureReportUtils [37m-[37m [32mLooking for Allure report at: C:\Users\mytie\IdeaProjects\Playwright_demo\target\site\allure-maven-plugin
[0m[37m[2025-11-24 23:03:50] [34m[WARN ][37m [32morg.example.hrmOrange.allure.AllureReportUtils [37m-[37m [32m⚠️ Allure report directory not found at: C:\Users\mytie\IdeaProjects\Playwright_demo\target\site\allure-maven-plugin
[0m[37m[2025-11-24 23:03:50] [34m[INFO ][37m [32morg.example.hrmOrange.allure.AllureReportUtils [37m-[37m [32mChecking alternative location: target/allure-report
[0m[37m[2025-11-24 23:03:50] [34m[INFO ][37m [32morg.example.hrmOrange.allure.AllureReportUtils [37m-[37m [32mFound report at alternative location: C:\Users\mytie\IdeaProjects\Playwright_demo\target\allure-report
[0m[37m[2025-11-24 23:03:50] [34m[INFO ][37m [32morg.example.hrmOrange.allure.AllureReportUtils [37m-[37m [32mCreated directory reports\2025-11-24\common_230350
[0m[37m[2025-11-24 23:03:50] [34m[INFO ][37m [32morg.example.hrmOrange.allure.AllureReportUtils [37m-[37m [32mCopying report from: C:\Users\mytie\IdeaProjects\Playwright_demo\target\allure-report
[0m[37m[2025-11-24 23:03:50] [34m[INFO ][37m [32morg.example.hrmOrange.allure.AllureReportUtils [37m-[37m [32mCopying report to: C:\Users\mytie\IdeaProjects\Playwright_demo\reports\2025-11-24\common_230350
[0m[37m[2025-11-24 23:03:50] [34m[INFO ][37m [32morg.example.hrmOrange.allure.AllureReportUtils [37m-[37m [32m✅ Report copied successfully!
[0m[37m[2025-11-24 23:03:50] [34m[INFO ][37m [32morg.example.hrmOrange.allure.AllureReportUtils [37m-[37m [32mIndex file created at: C:\Users\mytie\IdeaProjects\Playwright_demo\reports\2025-11-24\index.html
[0m[37m[2025-11-24 23:03:50] [34m[INFO ][37m [32morg.example.hrmOrange.allure.AllureReportUtils [37m-[37m [32mRemoved old 'latest' report folder
[0m[37m[2025-11-24 23:03:50] [34m[INFO ][37m [32morg.example.hrmOrange.allure.AllureReportUtils [37m-[37m [32mCreated directory reports\latest
[0m[37m[2025-11-24 23:03:50] [34m[INFO ][37m [32morg.example.hrmOrange.allure.AllureReportUtils [37m-[37m [32m✅ Report copied to 'latest' folder for GitHub tracking
[0m[37m[2025-11-24 23:03:50] [34m[INFO ][37m [32morg.example.hrmOrange.allure.AllureReportUtils [37m-[37m [32mREADME.md created in 'latest' folder
[0m[37m[2025-11-24 23:03:50] [34m[INFO ][37m [32morg.example.hrmOrange.allure.AllureReportUtils [37m-[37m [32m✅ Allure Report generated successfully at: C:\Users\mytie\IdeaProjects\Playwright_demo\reports
[0m[37m[2025-11-24 23:09:08] [34m[DEBUG][37m [32morg.testng.TestNG [37m-[37m [32msuiteXmlPath: "C:\Users\mytie\AppData\Local\JetBrains\IntelliJIdea2025.2\temp-testng-customsuite.xml"
[0m[37m[2025-11-24 23:09:08] [34m[WARN ][37m [32morg.testng.internal.Configuration [37m-[37m [32mDetected a static method [org.example.hrmOrange.common.BaseTest.beforeSuite()]. Static configuration methods can cause unexpected behavior.
[0m[37m[2025-11-24 23:09:08] [34m[WARN ][37m [32morg.testng.internal.Configuration [37m-[37m [32mDetected a static method [org.example.hrmOrange.common.BaseTest.afterSuite()]. Static configuration methods can cause unexpected behavior.
[0m[37m[2025-11-24 23:09:08] [34m[INFO ][37m [32morg.testng.internal.Utils [37m-[37m [32m[TestNG] Running:
  C:\Users\mytie\AppData\Local\JetBrains\IntelliJIdea2025.2\temp-testng-customsuite.xml

[0m[37m[2025-11-24 23:09:08] [34m[INFO ][37m [32morg.example.hrmOrange.allure.AllureReportUtils [37m-[37m [32mRemoved old report
[0m[37m[2025-11-24 23:09:14] [34m[INFO ][37m [32morg.example.hrmOrange.allure.LogUtils [37m-[37m [32mNavigate to URL: https://opensource-demo.orangehrmlive.com/web/index.php/auth/login
[0m[37m[2025-11-24 23:09:20] [34m[INFO ][37m [32morg.example.hrmOrange.allure.LogUtils [37m-[37m [32mNavigate to URL: https://opensource-demo.orangehrmlive.com/web/index.php/auth/login
[0m[37m[2025-11-24 23:09:20] [34m[INFO ][37m [32morg.example.hrmOrange.allure.LogUtils [37m-[37m [32mWait until visible: //input[@name='username']
[0m[37m[2025-11-24 23:09:22] [34m[INFO ][37m [32morg.example.hrmOrange.allure.LogUtils [37m-[37m [32mFill input //input[@name='username'] with: Admin
[0m[37m[2025-11-24 23:09:22] [34m[INFO ][37m [32morg.example.hrmOrange.allure.LogUtils [37m-[37m [32mFill input //input[@name='password'] with: admin123
[0m[37m[2025-11-24 23:09:22] [34m[INFO ][37m [32morg.example.hrmOrange.allure.LogUtils [37m-[37m [32mClick element: //button[@type='submit']
[0m[37m[2025-11-24 23:09:24] [34m[INFO ][37m [32morg.example.hrmOrange.allure.LogUtils [37m-[37m [32mWait until visible: //h6[normalize-space()='Dashboard']
[0m[37m[2025-11-24 23:09:25] [34m[INFO ][37m [32morg.example.hrmOrange.allure.LogUtils [37m-[37m [32mVerify visible: //h6[normalize-space()='Dashboard'] → true
[0m[37m[2025-11-24 23:09:25] [34m[INFO ][37m [32morg.example.hrmOrange.allure.LogUtils [37m-[37m [32mClick element: //span[normalize-space()='Admin']
[0m[37m[2025-11-24 23:09:26] [34m[INFO ][37m [32morg.example.hrmOrange.allure.LogUtils [37m-[37m [32mWait until visible: //label[normalize-space()='Username']/parent::div/following-sibling::div//input
[0m[37m[2025-11-24 23:09:27] [34m[INFO ][37m [32morg.example.hrmOrange.allure.LogUtils [37m-[37m [32mClick element: //button[normalize-space()='Add']
[0m[37m[2025-11-24 23:09:27] [34m[INFO ][37m [32morg.example.hrmOrange.allure.LogUtils [37m-[37m [32mWait until visible: //h6[normalize-space()='Add User']
[0m[37m[2025-11-24 23:09:28] [34m[INFO ][37m [32morg.example.hrmOrange.allure.LogUtils [37m-[37m [32mClick element: //input[@placeholder='Type for hints...']
[0m[37m[2025-11-24 23:09:28] [34m[INFO ][37m [32morg.example.hrmOrange.allure.LogUtils [37m-[37m [32mFill input //input[@placeholder='Type for hints...'] with: 
[0m[37m[2025-11-24 23:09:28] [34m[INFO ][37m [32morg.example.hrmOrange.allure.LogUtils [37m-[37m [32mType text into //input[@placeholder='Type for hints...']: Lind
[0m[37m[2025-11-24 23:09:30] [34m[INFO ][37m [32morg.example.hrmOrange.allure.LogUtils [37m-[37m [32mWait until visible: //div[@role='listbox']
[0m[37m[2025-11-24 23:09:30] [34m[INFO ][37m [32morg.example.hrmOrange.allure.LogUtils [37m-[37m [32mClick element: //div[@role='listbox']//div[@role='option'][1]
[0m[37m[2025-11-24 23:09:30] [34m[INFO ][37m [32morg.example.hrmOrange.allure.LogUtils [37m-[37m [32mFill input //label[normalize-space()='Username']/parent::div/following-sibling::div//input with: TestAdmin01
[0m[37m[2025-11-24 23:09:30] [34m[INFO ][37m [32morg.example.hrmOrange.allure.LogUtils [37m-[37m [32mClick element: //label[normalize-space()='User Role']/following::div[contains(@class,'oxd-select-text--after')][1]
[0m[37m[2025-11-24 23:09:30] [34m[INFO ][37m [32morg.example.hrmOrange.allure.LogUtils [37m-[37m [32mClick element: //div[@role='option']//span[normalize-space()='Admin']
[0m[37m[2025-11-24 23:09:30] [34m[INFO ][37m [32morg.example.hrmOrange.allure.LogUtils [37m-[37m [32mClick element: (//label[normalize-space()='Status']/parent::div/following-sibling::div//div[contains(@class,'oxd-select-text')])[1]
[0m[37m[2025-11-24 23:09:30] [34m[INFO ][37m [32morg.example.hrmOrange.allure.LogUtils [37m-[37m [32mWait until visible: //div[@role='listbox']
[0m[37m[2025-11-24 23:09:30] [34m[INFO ][37m [32morg.example.hrmOrange.allure.LogUtils [37m-[37m [32mClick element: //div[@role='listbox']//span[normalize-space()='Enabled']
[0m[37m[2025-11-24 23:09:31] [34m[INFO ][37m [32morg.example.hrmOrange.allure.LogUtils [37m-[37m [32mFill input //label[normalize-space()='Password']/parent::div/following-sibling::div//input with: admin123
[0m[37m[2025-11-24 23:09:31] [34m[INFO ][37m [32morg.example.hrmOrange.allure.LogUtils [37m-[37m [32mFill input //label[normalize-space()='Confirm Password']/parent::div/following-sibling::div//input with: admin123
[0m[37m[2025-11-24 23:09:31] [34m[INFO ][37m [32morg.example.hrmOrange.allure.LogUtils [37m-[37m [32mClick element: //button[contains(@class,'orangehrm-left-space') and @type='submit']

[0m[37m[2025-11-24 23:09:51] [34m[INFO ][37m [32morg.example.hrmOrange.allure.LogUtils [37m-[37m [32mWait until visible: //div[@class='oxd-table-body']
[0m[37m[2025-11-24 23:10:11] [34m[INFO ][37m [32morg.example.hrmOrange.allure.AllureReportUtils [37m-[37m [32mStarting Allure report generation...
[0m[37m[2025-11-24 23:10:11] [34m[INFO ][37m [32morg.example.hrmOrange.allure.AllureReportUtils [37m-[37m [32mRunning: mvn allure:report
[0m[37m[2025-11-24 23:10:34] [34m[INFO ][37m [32morg.example.hrmOrange.allure.AllureReportUtils [37m-[37m [32mLooking for Allure report at: C:\Users\mytie\IdeaProjects\Playwright_demo\target\site\allure-maven-plugin
[0m[37m[2025-11-24 23:10:34] [34m[WARN ][37m [32morg.example.hrmOrange.allure.AllureReportUtils [37m-[37m [32m⚠️ Allure report directory not found at: C:\Users\mytie\IdeaProjects\Playwright_demo\target\site\allure-maven-plugin
[0m[37m[2025-11-24 23:10:34] [34m[INFO ][37m [32morg.example.hrmOrange.allure.AllureReportUtils [37m-[37m [32mChecking alternative location: target/allure-report
[0m[37m[2025-11-24 23:10:34] [34m[INFO ][37m [32morg.example.hrmOrange.allure.AllureReportUtils [37m-[37m [32mFound report at alternative location: C:\Users\mytie\IdeaProjects\Playwright_demo\target\allure-report
[0m[37m[2025-11-24 23:10:34] [34m[INFO ][37m [32morg.example.hrmOrange.allure.AllureReportUtils [37m-[37m [32mCreated directory reports\2025-11-24\common_231034
[0m[37m[2025-11-24 23:10:34] [34m[INFO ][37m [32morg.example.hrmOrange.allure.AllureReportUtils [37m-[37m [32mCopying report from: C:\Users\mytie\IdeaProjects\Playwright_demo\target\allure-report
[0m[37m[2025-11-24 23:10:34] [34m[INFO ][37m [32morg.example.hrmOrange.allure.AllureReportUtils [37m-[37m [32mCopying report to: C:\Users\mytie\IdeaProjects\Playwright_demo\reports\2025-11-24\common_231034
[0m[37m[2025-11-24 23:10:34] [34m[INFO ][37m [32morg.example.hrmOrange.allure.AllureReportUtils [37m-[37m [32m✅ Report copied successfully!
[0m[37m[2025-11-24 23:10:34] [34m[INFO ][37m [32morg.example.hrmOrange.allure.AllureReportUtils [37m-[37m [32mIndex file created at: C:\Users\mytie\IdeaProjects\Playwright_demo\reports\2025-11-24\index.html
[0m[37m[2025-11-24 23:10:34] [34m[INFO ][37m [32morg.example.hrmOrange.allure.AllureReportUtils [37m-[37m [32mRemoved old 'latest' report folder
[0m[37m[2025-11-24 23:10:34] [34m[INFO ][37m [32morg.example.hrmOrange.allure.AllureReportUtils [37m-[37m [32mCreated directory reports\latest
[0m[37m[2025-11-24 23:10:34] [34m[INFO ][37m [32morg.example.hrmOrange.allure.AllureReportUtils [37m-[37m [32m✅ Report copied to 'latest' folder for GitHub tracking
[0m[37m[2025-11-24 23:10:34] [34m[INFO ][37m [32morg.example.hrmOrange.allure.AllureReportUtils [37m-[37m [32mREADME.md created in 'latest' folder
[0m[37m[2025-11-24 23:10:34] [34m[INFO ][37m [32morg.example.hrmOrange.allure.AllureReportUtils [37m-[37m [32m✅ Allure Report generated successfully at: C:\Users\mytie\IdeaProjects\Playwright_demo\reports
[0m[37m[2025-11-24 23:21:00] [34m[DEBUG][37m [32morg.testng.TestNG [37m-[37m [32msuiteXmlPath: "C:\Users\mytie\AppData\Local\JetBrains\IntelliJIdea2025.2\temp-testng-customsuite.xml"
[0m[37m[2025-11-24 23:21:01] [34m[WARN ][37m [32morg.testng.internal.Configuration [37m-[37m [32mDetected a static method [org.example.hrmOrange.common.BaseTest.beforeSuite()]. Static configuration methods can cause unexpected behavior.
[0m[37m[2025-11-24 23:21:01] [34m[WARN ][37m [32morg.testng.internal.Configuration [37m-[37m [32mDetected a static method [org.example.hrmOrange.common.BaseTest.afterSuite()]. Static configuration methods can cause unexpected behavior.
[0m[37m[2025-11-24 23:21:01] [34m[INFO ][37m [32morg.testng.internal.Utils [37m-[37m [32m[TestNG] Running:
  C:\Users\mytie\AppData\Local\JetBrains\IntelliJIdea2025.2\temp-testng-customsuite.xml

[0m[37m[2025-11-24 23:21:01] [34m[INFO ][37m [32morg.example.hrmOrange.allure.AllureReportUtils [37m-[37m [32mRemoved old report
[0m[37m[2025-11-24 23:21:06] [34m[INFO ][37m [32morg.example.hrmOrange.allure.LogUtils [37m-[37m [32mNavigate to URL: https://opensource-demo.orangehrmlive.com/web/index.php/auth/login
[0m[37m[2025-11-24 23:21:10] [34m[INFO ][37m [32morg.example.hrmOrange.allure.LogUtils [37m-[37m [32mNavigate to URL: https://opensource-demo.orangehrmlive.com/web/index.php/auth/login
[0m[37m[2025-11-24 23:21:11] [34m[INFO ][37m [32morg.example.hrmOrange.allure.LogUtils [37m-[37m [32mWait until visible: //input[@name='username']
[0m[37m[2025-11-24 23:21:12] [34m[INFO ][37m [32morg.example.hrmOrange.allure.LogUtils [37m-[37m [32mFill input //input[@name='username'] with: Admin
[0m[37m[2025-11-24 23:21:12] [34m[INFO ][37m [32morg.example.hrmOrange.allure.LogUtils [37m-[37m [32mFill input //input[@name='password'] with: admin123
[0m[37m[2025-11-24 23:21:12] [34m[INFO ][37m [32morg.example.hrmOrange.allure.LogUtils [37m-[37m [32mClick element: //button[@type='submit']
[0m[37m[2025-11-24 23:21:14] [34m[INFO ][37m [32morg.example.hrmOrange.allure.LogUtils [37m-[37m [32mWait until visible: //h6[normalize-space()='Dashboard']
[0m[37m[2025-11-24 23:21:15] [34m[INFO ][37m [32morg.example.hrmOrange.allure.LogUtils [37m-[37m [32mVerify visible: //h6[normalize-space()='Dashboard'] → true
[0m[37m[2025-11-24 23:21:15] [34m[INFO ][37m [32morg.example.hrmOrange.allure.LogUtils [37m-[37m [32mClick element: //span[normalize-space()='Admin']
[0m[37m[2025-11-24 23:21:16] [34m[INFO ][37m [32morg.example.hrmOrange.allure.LogUtils [37m-[37m [32mWait until visible: //label[normalize-space()='Username']/parent::div/following-sibling::div//input
[0m[37m[2025-11-24 23:21:18] [34m[INFO ][37m [32morg.example.hrmOrange.allure.LogUtils [37m-[37m [32mClick element: //button[normalize-space()='Add']
[0m[37m[2025-11-24 23:21:19] [34m[INFO ][37m [32morg.example.hrmOrange.allure.LogUtils [37m-[37m [32mWait until visible: //h6[normalize-space()='Add User']
[0m[37m[2025-11-24 23:21:24] [34m[INFO ][37m [32morg.example.hrmOrange.allure.AllureReportUtils [37m-[37m [32mStarting Allure report generation...
[0m[37m[2025-11-24 23:21:24] [34m[INFO ][37m [32morg.example.hrmOrange.allure.AllureReportUtils [37m-[37m [32mRunning: mvn allure:report
[0m[37m[2025-11-24 23:21:32] [34m[INFO ][37m [32morg.example.hrmOrange.allure.AllureReportUtils [37m-[37m [32mLooking for Allure report at: C:\Users\mytie\IdeaProjects\Playwright_demo\target\site\allure-maven-plugin
[0m[37m[2025-11-24 23:21:32] [34m[WARN ][37m [32morg.example.hrmOrange.allure.AllureReportUtils [37m-[37m [32m⚠️ Allure report directory not found at: C:\Users\mytie\IdeaProjects\Playwright_demo\target\site\allure-maven-plugin
[0m[37m[2025-11-24 23:21:32] [34m[INFO ][37m [32morg.example.hrmOrange.allure.AllureReportUtils [37m-[37m [32mChecking alternative location: target/allure-report
[0m[37m[2025-11-24 23:21:32] [34m[INFO ][37m [32morg.example.hrmOrange.allure.AllureReportUtils [37m-[37m [32mFound report at alternative location: C:\Users\mytie\IdeaProjects\Playwright_demo\target\allure-report
[0m[37m[2025-11-24 23:21:32] [34m[INFO ][37m [32morg.example.hrmOrange.allure.AllureReportUtils [37m-[37m [32mCreated directory reports\2025-11-24\common_232132
[0m[37m[2025-11-24 23:21:32] [34m[INFO ][37m [32morg.example.hrmOrange.allure.AllureReportUtils [37m-[37m [32mCopying report from: C:\Users\mytie\IdeaProjects\Playwright_demo\target\allure-report
[0m[37m[2025-11-24 23:21:32] [34m[INFO ][37m [32morg.example.hrmOrange.allure.AllureReportUtils [37m-[37m [32mCopying report to: C:\Users\mytie\IdeaProjects\Playwright_demo\reports\2025-11-24\common_232132
[0m[37m[2025-11-24 23:21:32] [34m[INFO ][37m [32morg.example.hrmOrange.allure.AllureReportUtils [37m-[37m [32m✅ Report copied successfully!
[0m[37m[2025-11-24 23:21:32] [34m[INFO ][37m [32morg.example.hrmOrange.allure.AllureReportUtils [37m-[37m [32mIndex file created at: C:\Users\mytie\IdeaProjects\Playwright_demo\reports\2025-11-24\index.html
[0m[37m[2025-11-24 23:21:32] [34m[INFO ][37m [32morg.example.hrmOrange.allure.AllureReportUtils [37m-[37m [32mRemoved old 'latest' report folder
[0m[37m[2025-11-24 23:21:32] [34m[INFO ][37m [32morg.example.hrmOrange.allure.AllureReportUtils [37m-[37m [32mCreated directory reports\latest
[0m[37m[2025-11-24 23:21:33] [34m[INFO ][37m [32morg.example.hrmOrange.allure.AllureReportUtils [37m-[37m [32m✅ Report copied to 'latest' folder for GitHub tracking
[0m[37m[2025-11-24 23:21:33] [34m[INFO ][37m [32morg.example.hrmOrange.allure.AllureReportUtils [37m-[37m [32mREADME.md created in 'latest' folder
[0m[37m[2025-11-24 23:21:33] [34m[INFO ][37m [32morg.example.hrmOrange.allure.AllureReportUtils [37m-[37m [32m✅ Allure Report generated successfully at: C:\Users\mytie\IdeaProjects\Playwright_demo\reports
[0m[37m[2025-11-24 23:23:26] [34m[DEBUG][37m [32morg.testng.TestNG [37m-[37m [32msuiteXmlPath: "C:\Users\mytie\AppData\Local\JetBrains\IntelliJIdea2025.2\temp-testng-customsuite.xml"
[0m[37m[2025-11-24 23:23:27] [34m[WARN ][37m [32morg.testng.internal.Configuration [37m-[37m [32mDetected a static method [org.example.hrmOrange.common.BaseTest.beforeSuite()]. Static configuration methods can cause unexpected behavior.
[0m[37m[2025-11-24 23:23:27] [34m[WARN ][37m [32morg.testng.internal.Configuration [37m-[37m [32mDetected a static method [org.example.hrmOrange.common.BaseTest.afterSuite()]. Static configuration methods can cause unexpected behavior.
[0m[37m[2025-11-24 23:23:27] [34m[INFO ][37m [32morg.testng.internal.Utils [37m-[37m [32m[TestNG] Running:
  C:\Users\mytie\AppData\Local\JetBrains\IntelliJIdea2025.2\temp-testng-customsuite.xml

[0m[37m[2025-11-24 23:23:27] [34m[INFO ][37m [32morg.example.hrmOrange.allure.AllureReportUtils [37m-[37m [32mRemoved old report
[0m[37m[2025-11-24 23:23:33] [34m[INFO ][37m [32morg.example.hrmOrange.allure.LogUtils [37m-[37m [32mNavigate to URL: https://opensource-demo.orangehrmlive.com/web/index.php/auth/login
[0m[37m[2025-11-24 23:23:37] [34m[INFO ][37m [32morg.example.hrmOrange.allure.LogUtils [37m-[37m [32mNavigate to URL: https://opensource-demo.orangehrmlive.com/web/index.php/auth/login
[0m[37m[2025-11-24 23:23:38] [34m[INFO ][37m [32morg.example.hrmOrange.allure.LogUtils [37m-[37m [32mWait until visible: //input[@name='username']
[0m[37m[2025-11-24 23:23:39] [34m[INFO ][37m [32morg.example.hrmOrange.allure.LogUtils [37m-[37m [32mFill input //input[@name='username'] with: Admin
[0m[37m[2025-11-24 23:23:39] [34m[INFO ][37m [32morg.example.hrmOrange.allure.LogUtils [37m-[37m [32mFill input //input[@name='password'] with: admin123
[0m[37m[2025-11-24 23:23:39] [34m[INFO ][37m [32morg.example.hrmOrange.allure.LogUtils [37m-[37m [32mClick element: //button[@type='submit']
[0m[37m[2025-11-24 23:23:40] [34m[INFO ][37m [32morg.example.hrmOrange.allure.LogUtils [37m-[37m [32mWait until visible: //h6[normalize-space()='Dashboard']
[0m[37m[2025-11-24 23:23:41] [34m[INFO ][37m [32morg.example.hrmOrange.allure.LogUtils [37m-[37m [32mVerify visible: //h6[normalize-space()='Dashboard'] → true
[0m[37m[2025-11-24 23:23:41] [34m[INFO ][37m [32morg.example.hrmOrange.allure.LogUtils [37m-[37m [32mClick element: //span[normalize-space()='Admin']
[0m[37m[2025-11-24 23:23:42] [34m[INFO ][37m [32morg.example.hrmOrange.allure.LogUtils [37m-[37m [32mWait until visible: //label[normalize-space()='Username']/parent::div/following-sibling::div//input
[0m[37m[2025-11-24 23:23:43] [34m[INFO ][37m [32morg.example.hrmOrange.allure.LogUtils [37m-[37m [32mClick element: //button[normalize-space()='Add']
[0m[37m[2025-11-24 23:23:45] [34m[INFO ][37m [32morg.example.hrmOrange.allure.LogUtils [37m-[37m [32mWait until visible: //h6[normalize-space()='Add User']
[0m[37m[2025-11-24 23:23:45] [34m[INFO ][37m [32morg.example.hrmOrange.allure.LogUtils [37m-[37m [32mClick element: //input[@placeholder='Type for hints...']
[0m[37m[2025-11-24 23:23:45] [34m[INFO ][37m [32morg.example.hrmOrange.allure.LogUtils [37m-[37m [32mFill input //input[@placeholder='Type for hints...'] with: 
[0m[37m[2025-11-24 23:23:45] [34m[INFO ][37m [32morg.example.hrmOrange.allure.LogUtils [37m-[37m [32mType text into //input[@placeholder='Type for hints...']: Lind
[0m[37m[2025-11-24 23:23:46] [34m[INFO ][37m [32morg.example.hrmOrange.allure.LogUtils [37m-[37m [32mWait until visible: //div[@role='listbox']
[0m[37m[2025-11-24 23:23:46] [34m[INFO ][37m [32morg.example.hrmOrange.allure.LogUtils [37m-[37m [32mClick element: //div[@role='listbox']//div[@role='option'][1]
[0m[37m[2025-11-24 23:23:47] [34m[INFO ][37m [32morg.example.hrmOrange.allure.LogUtils [37m-[37m [32mFill input //label[normalize-space()='Username']/parent::div/following-sibling::div//input with: TestAdmin01
[0m[37m[2025-11-24 23:23:47] [34m[INFO ][37m [32morg.example.hrmOrange.allure.LogUtils [37m-[37m [32mClick element: //label[normalize-space()='User Role']/following::div[contains(@class,'oxd-select-text--after')][1]
[0m[37m[2025-11-24 23:23:47] [34m[INFO ][37m [32morg.example.hrmOrange.allure.LogUtils [37m-[37m [32mClick element: //div[@role='option']//span[normalize-space()='Admin']
[0m[37m[2025-11-24 23:23:47] [34m[INFO ][37m [32morg.example.hrmOrange.allure.LogUtils [37m-[37m [32mClick element: (//label[normalize-space()='Status']/parent::div/following-sibling::div//div[contains(@class,'oxd-select-text')])[1]
[0m[37m[2025-11-24 23:23:47] [34m[INFO ][37m [32morg.example.hrmOrange.allure.LogUtils [37m-[37m [32mWait until visible: //div[@role='listbox']
[0m[37m[2025-11-24 23:23:47] [34m[INFO ][37m [32morg.example.hrmOrange.allure.LogUtils [37m-[37m [32mClick element: //div[@role='listbox']//span[normalize-space()='Enabled']
[0m[37m[2025-11-24 23:23:47] [34m[INFO ][37m [32morg.example.hrmOrange.allure.LogUtils [37m-[37m [32mFill input //label[normalize-space()='Password']/parent::div/following-sibling::div//input with: admin123
[0m[37m[2025-11-24 23:23:47] [34m[INFO ][37m [32morg.example.hrmOrange.allure.LogUtils [37m-[37m [32mFill input //label[normalize-space()='Confirm Password']/parent::div/following-sibling::div//input with: admin123
[0m[37m[2025-11-24 23:23:47] [34m[INFO ][37m [32morg.example.hrmOrange.allure.LogUtils [37m-[37m [32mClick element: //button[contains(@class,'orangehrm-left-space') and @type='submit']

[0m[37m[2025-11-24 23:24:08] [34m[INFO ][37m [32morg.example.hrmOrange.allure.LogUtils [37m-[37m [32mWait until visible: //div[@class='oxd-table-body']
[0m[37m[2025-11-24 23:24:28] [34m[INFO ][37m [32morg.example.hrmOrange.allure.AllureReportUtils [37m-[37m [32mStarting Allure report generation...
[0m[37m[2025-11-24 23:24:28] [34m[INFO ][37m [32morg.example.hrmOrange.allure.AllureReportUtils [37m-[37m [32mRunning: mvn allure:report
[0m[37m[2025-11-24 23:24:49] [34m[INFO ][37m [32morg.example.hrmOrange.allure.AllureReportUtils [37m-[37m [32mLooking for Allure report at: C:\Users\mytie\IdeaProjects\Playwright_demo\target\site\allure-maven-plugin
[0m[37m[2025-11-24 23:24:49] [34m[WARN ][37m [32morg.example.hrmOrange.allure.AllureReportUtils [37m-[37m [32m⚠️ Allure report directory not found at: C:\Users\mytie\IdeaProjects\Playwright_demo\target\site\allure-maven-plugin
[0m[37m[2025-11-24 23:24:49] [34m[INFO ][37m [32morg.example.hrmOrange.allure.AllureReportUtils [37m-[37m [32mChecking alternative location: target/allure-report
[0m[37m[2025-11-24 23:24:49] [34m[INFO ][37m [32morg.example.hrmOrange.allure.AllureReportUtils [37m-[37m [32mFound report at alternative location: C:\Users\mytie\IdeaProjects\Playwright_demo\target\allure-report
[0m[37m[2025-11-24 23:24:49] [34m[INFO ][37m [32morg.example.hrmOrange.allure.AllureReportUtils [37m-[37m [32mCreated directory reports\2025-11-24\common_232449
[0m[37m[2025-11-24 23:24:49] [34m[INFO ][37m [32morg.example.hrmOrange.allure.AllureReportUtils [37m-[37m [32mCopying report from: C:\Users\mytie\IdeaProjects\Playwright_demo\target\allure-report
[0m[37m[2025-11-24 23:24:49] [34m[INFO ][37m [32morg.example.hrmOrange.allure.AllureReportUtils [37m-[37m [32mCopying report to: C:\Users\mytie\IdeaProjects\Playwright_demo\reports\2025-11-24\common_232449
[0m[37m[2025-11-24 23:24:49] [34m[INFO ][37m [32morg.example.hrmOrange.allure.AllureReportUtils [37m-[37m [32m✅ Report copied successfully!
[0m[37m[2025-11-24 23:24:49] [34m[INFO ][37m [32morg.example.hrmOrange.allure.AllureReportUtils [37m-[37m [32mIndex file created at: C:\Users\mytie\IdeaProjects\Playwright_demo\reports\2025-11-24\index.html
[0m[37m[2025-11-24 23:24:49] [34m[INFO ][37m [32morg.example.hrmOrange.allure.AllureReportUtils [37m-[37m [32mRemoved old 'latest' report folder
[0m[37m[2025-11-24 23:24:49] [34m[INFO ][37m [32morg.example.hrmOrange.allure.AllureReportUtils [37m-[37m [32mCreated directory reports\latest
[0m[37m[2025-11-24 23:24:49] [34m[INFO ][37m [32morg.example.hrmOrange.allure.AllureReportUtils [37m-[37m [32m✅ Report copied to 'latest' folder for GitHub tracking
[0m[37m[2025-11-24 23:24:49] [34m[INFO ][37m [32morg.example.hrmOrange.allure.AllureReportUtils [37m-[37m [32mREADME.md created in 'latest' folder
[0m[37m[2025-11-24 23:24:49] [34m[INFO ][37m [32morg.example.hrmOrange.allure.AllureReportUtils [37m-[37m [32m✅ Allure Report generated successfully at: C:\Users\mytie\IdeaProjects\Playwright_demo\reports
[0m[37m[2025-11-24 23:29:03] [34m[DEBUG][37m [32morg.testng.TestNG [37m-[37m [32msuiteXmlPath: "C:\Users\mytie\AppData\Local\JetBrains\IntelliJIdea2025.2\temp-testng-customsuite.xml"
[0m[37m[2025-11-24 23:29:04] [34m[WARN ][37m [32morg.testng.internal.Configuration [37m-[37m [32mDetected a static method [org.example.hrmOrange.common.BaseTest.beforeSuite()]. Static configuration methods can cause unexpected behavior.
[0m[37m[2025-11-24 23:29:04] [34m[WARN ][37m [32morg.testng.internal.Configuration [37m-[37m [32mDetected a static method [org.example.hrmOrange.common.BaseTest.afterSuite()]. Static configuration methods can cause unexpected behavior.
[0m[37m[2025-11-24 23:29:04] [34m[INFO ][37m [32morg.testng.internal.Utils [37m-[37m [32m[TestNG] Running:
  C:\Users\mytie\AppData\Local\JetBrains\IntelliJIdea2025.2\temp-testng-customsuite.xml

[0m[37m[2025-11-24 23:29:04] [34m[INFO ][37m [32morg.example.hrmOrange.allure.AllureReportUtils [37m-[37m [32mRemoved old report
[0m[37m[2025-11-24 23:29:09] [34m[INFO ][37m [32morg.example.hrmOrange.allure.LogUtils [37m-[37m [32mNavigate to URL: https://opensource-demo.orangehrmlive.com/web/index.php/auth/login
[0m[37m[2025-11-24 23:29:14] [34m[INFO ][37m [32morg.example.hrmOrange.allure.LogUtils [37m-[37m [32mNavigate to URL: https://opensource-demo.orangehrmlive.com/web/index.php/auth/login
[0m[37m[2025-11-24 23:29:15] [34m[INFO ][37m [32morg.example.hrmOrange.allure.LogUtils [37m-[37m [32mWait until visible: //input[@name='username']
[0m[37m[2025-11-24 23:29:16] [34m[INFO ][37m [32morg.example.hrmOrange.allure.LogUtils [37m-[37m [32mFill input //input[@name='username'] with: Admin
[0m[37m[2025-11-24 23:29:16] [34m[INFO ][37m [32morg.example.hrmOrange.allure.LogUtils [37m-[37m [32mFill input //input[@name='password'] with: admin123
[0m[37m[2025-11-24 23:29:16] [34m[INFO ][37m [32morg.example.hrmOrange.allure.LogUtils [37m-[37m [32mClick element: //button[@type='submit']
[0m[37m[2025-11-24 23:29:17] [34m[INFO ][37m [32morg.example.hrmOrange.allure.LogUtils [37m-[37m [32mWait until visible: //h6[normalize-space()='Dashboard']
[0m[37m[2025-11-24 23:29:18] [34m[INFO ][37m [32morg.example.hrmOrange.allure.LogUtils [37m-[37m [32mVerify visible: //h6[normalize-space()='Dashboard'] → true
[0m[37m[2025-11-24 23:29:18] [34m[INFO ][37m [32morg.example.hrmOrange.allure.LogUtils [37m-[37m [32mClick element: //span[normalize-space()='Admin']
[0m[37m[2025-11-24 23:29:19] [34m[INFO ][37m [32morg.example.hrmOrange.allure.LogUtils [37m-[37m [32mWait until visible: //label[normalize-space()='Username']/parent::div/following-sibling::div//input
[0m[37m[2025-11-24 23:29:20] [34m[INFO ][37m [32morg.example.hrmOrange.allure.LogUtils [37m-[37m [32mClick element: //button[normalize-space()='Add']
[0m[37m[2025-11-24 23:29:22] [34m[INFO ][37m [32morg.example.hrmOrange.allure.LogUtils [37m-[37m [32mWait until visible: //h6[normalize-space()='Add User']
[0m[37m[2025-11-24 23:29:22] [34m[INFO ][37m [32morg.example.hrmOrange.allure.LogUtils [37m-[37m [32mClick element: //input[@placeholder='Type for hints...']
[0m[37m[2025-11-24 23:29:22] [34m[INFO ][37m [32morg.example.hrmOrange.allure.LogUtils [37m-[37m [32mFill input //input[@placeholder='Type for hints...'] with: 
[0m[37m[2025-11-24 23:29:22] [34m[INFO ][37m [32morg.example.hrmOrange.allure.LogUtils [37m-[37m [32mType text into //input[@placeholder='Type for hints...']: Akhil
[0m[37m[2025-11-24 23:29:23] [34m[INFO ][37m [32morg.example.hrmOrange.allure.LogUtils [37m-[37m [32mWait until visible: //div[@role='listbox']
[0m[37m[2025-11-24 23:29:23] [34m[INFO ][37m [32morg.example.hrmOrange.allure.LogUtils [37m-[37m [32mClick element: //div[@role='listbox']//div[@role='option'][1]
[0m[37m[2025-11-24 23:29:24] [34m[INFO ][37m [32morg.example.hrmOrange.allure.LogUtils [37m-[37m [32mFill input //label[normalize-space()='Username']/parent::div/following-sibling::div//input with: TestAdmin01
[0m[37m[2025-11-24 23:29:24] [34m[INFO ][37m [32morg.example.hrmOrange.allure.LogUtils [37m-[37m [32mClick element: //label[normalize-space()='User Role']/following::div[contains(@class,'oxd-select-text--after')][1]
[0m[37m[2025-11-24 23:29:24] [34m[INFO ][37m [32morg.example.hrmOrange.allure.LogUtils [37m-[37m [32mClick element: //div[@role='option']//span[normalize-space()='Admin']
[0m[37m[2025-11-24 23:29:24] [34m[INFO ][37m [32morg.example.hrmOrange.allure.LogUtils [37m-[37m [32mClick element: (//label[normalize-space()='Status']/parent::div/following-sibling::div//div[contains(@class,'oxd-select-text')])[1]
[0m[37m[2025-11-24 23:29:24] [34m[INFO ][37m [32morg.example.hrmOrange.allure.LogUtils [37m-[37m [32mWait until visible: //div[@role='listbox']
[0m[37m[2025-11-24 23:29:24] [34m[INFO ][37m [32morg.example.hrmOrange.allure.LogUtils [37m-[37m [32mClick element: //div[@role='listbox']//span[normalize-space()='Enabled']
[0m[37m[2025-11-24 23:29:24] [34m[INFO ][37m [32morg.example.hrmOrange.allure.LogUtils [37m-[37m [32mFill input //label[normalize-space()='Password']/parent::div/following-sibling::div//input with: admin123
[0m[37m[2025-11-24 23:29:24] [34m[INFO ][37m [32morg.example.hrmOrange.allure.LogUtils [37m-[37m [32mFill input //label[normalize-space()='Confirm Password']/parent::div/following-sibling::div//input with: admin123
[0m[37m[2025-11-24 23:29:24] [34m[INFO ][37m [32morg.example.hrmOrange.allure.LogUtils [37m-[37m [32mClick element: //button[contains(@class,'orangehrm-left-space') and @type='submit']

[0m[37m[2025-11-24 23:29:44] [34m[INFO ][37m [32morg.example.hrmOrange.allure.LogUtils [37m-[37m [32mWait until visible: //div[@class='oxd-table-body']
[0m[37m[2025-11-24 23:30:05] [34m[INFO ][37m [32morg.example.hrmOrange.allure.AllureReportUtils [37m-[37m [32mStarting Allure report generation...
[0m[37m[2025-11-24 23:30:05] [34m[INFO ][37m [32morg.example.hrmOrange.allure.AllureReportUtils [37m-[37m [32mRunning: mvn allure:report
[0m[37m[2025-11-24 23:30:15] [34m[INFO ][37m [32morg.example.hrmOrange.allure.AllureReportUtils [37m-[37m [32mLooking for Allure report at: C:\Users\mytie\IdeaProjects\Playwright_demo\target\site\allure-maven-plugin
[0m[37m[2025-11-24 23:30:15] [34m[WARN ][37m [32morg.example.hrmOrange.allure.AllureReportUtils [37m-[37m [32m⚠️ Allure report directory not found at: C:\Users\mytie\IdeaProjects\Playwright_demo\target\site\allure-maven-plugin
[0m[37m[2025-11-24 23:30:15] [34m[INFO ][37m [32morg.example.hrmOrange.allure.AllureReportUtils [37m-[37m [32mChecking alternative location: target/allure-report
[0m[37m[2025-11-24 23:30:15] [34m[INFO ][37m [32morg.example.hrmOrange.allure.AllureReportUtils [37m-[37m [32mFound report at alternative location: C:\Users\mytie\IdeaProjects\Playwright_demo\target\allure-report
[0m[37m[2025-11-24 23:30:15] [34m[INFO ][37m [32morg.example.hrmOrange.allure.AllureReportUtils [37m-[37m [32mCreated directory reports\2025-11-24\common_233015
[0m[37m[2025-11-24 23:30:15] [34m[INFO ][37m [32morg.example.hrmOrange.allure.AllureReportUtils [37m-[37m [32mCopying report from: C:\Users\mytie\IdeaProjects\Playwright_demo\target\allure-report
[0m[37m[2025-11-24 23:30:15] [34m[INFO ][37m [32morg.example.hrmOrange.allure.AllureReportUtils [37m-[37m [32mCopying report to: C:\Users\mytie\IdeaProjects\Playwright_demo\reports\2025-11-24\common_233015
[0m[37m[2025-11-24 23:30:16] [34m[INFO ][37m [32morg.example.hrmOrange.allure.AllureReportUtils [37m-[37m [32m✅ Report copied successfully!
[0m[37m[2025-11-24 23:30:16] [34m[INFO ][37m [32morg.example.hrmOrange.allure.AllureReportUtils [37m-[37m [32mIndex file created at: C:\Users\mytie\IdeaProjects\Playwright_demo\reports\2025-11-24\index.html
[0m[37m[2025-11-24 23:30:16] [34m[INFO ][37m [32morg.example.hrmOrange.allure.AllureReportUtils [37m-[37m [32mRemoved old 'latest' report folder
[0m[37m[2025-11-24 23:30:16] [34m[INFO ][37m [32morg.example.hrmOrange.allure.AllureReportUtils [37m-[37m [32mCreated directory reports\latest
[0m[37m[2025-11-24 23:30:16] [34m[INFO ][37m [32morg.example.hrmOrange.allure.AllureReportUtils [37m-[37m [32m✅ Report copied to 'latest' folder for GitHub tracking
[0m[37m[2025-11-24 23:30:16] [34m[INFO ][37m [32morg.example.hrmOrange.allure.AllureReportUtils [37m-[37m [32mREADME.md created in 'latest' folder
[0m[37m[2025-11-24 23:30:16] [34m[INFO ][37m [32morg.example.hrmOrange.allure.AllureReportUtils [37m-[37m [32m✅ Allure Report generated successfully at: C:\Users\mytie\IdeaProjects\Playwright_demo\reports
[0m[37m[2025-11-24 23:30:29] [34m[DEBUG][37m [32morg.testng.TestNG [37m-[37m [32msuiteXmlPath: "C:\Users\mytie\AppData\Local\JetBrains\IntelliJIdea2025.2\temp-testng-customsuite.xml"
[0m[37m[2025-11-24 23:30:30] [34m[WARN ][37m [32morg.testng.internal.Configuration [37m-[37m [32mDetected a static method [org.example.hrmOrange.common.BaseTest.beforeSuite()]. Static configuration methods can cause unexpected behavior.
[0m[37m[2025-11-24 23:30:30] [34m[WARN ][37m [32morg.testng.internal.Configuration [37m-[37m [32mDetected a static method [org.example.hrmOrange.common.BaseTest.afterSuite()]. Static configuration methods can cause unexpected behavior.
[0m[37m[2025-11-24 23:30:30] [34m[INFO ][37m [32morg.testng.internal.Utils [37m-[37m [32m[TestNG] Running:
  C:\Users\mytie\AppData\Local\JetBrains\IntelliJIdea2025.2\temp-testng-customsuite.xml

[0m[37m[2025-11-24 23:30:30] [34m[INFO ][37m [32morg.example.hrmOrange.allure.AllureReportUtils [37m-[37m [32mRemoved old report
[0m[37m[2025-11-24 23:30:37] [34m[INFO ][37m [32morg.example.hrmOrange.allure.LogUtils [37m-[37m [32mNavigate to URL: https://opensource-demo.orangehrmlive.com/web/index.php/auth/login
[0m[37m[2025-11-24 23:30:48] [34m[INFO ][37m [32morg.example.hrmOrange.allure.LogUtils [37m-[37m [32mNavigate to URL: https://opensource-demo.orangehrmlive.com/web/index.php/auth/login
[0m[37m[2025-11-24 23:30:49] [34m[INFO ][37m [32morg.example.hrmOrange.allure.LogUtils [37m-[37m [32mWait until visible: //input[@name='username']
[0m[37m[2025-11-24 23:30:50] [34m[INFO ][37m [32morg.example.hrmOrange.allure.LogUtils [37m-[37m [32mFill input //input[@name='username'] with: Admin
[0m[37m[2025-11-24 23:30:50] [34m[INFO ][37m [32morg.example.hrmOrange.allure.LogUtils [37m-[37m [32mFill input //input[@name='password'] with: admin123
[0m[37m[2025-11-24 23:30:50] [34m[INFO ][37m [32morg.example.hrmOrange.allure.LogUtils [37m-[37m [32mClick element: //button[@type='submit']
[0m[37m[2025-11-24 23:30:52] [34m[INFO ][37m [32morg.example.hrmOrange.allure.LogUtils [37m-[37m [32mWait until visible: //h6[normalize-space()='Dashboard']
[0m[37m[2025-11-24 23:30:53] [34m[INFO ][37m [32morg.example.hrmOrange.allure.LogUtils [37m-[37m [32mVerify visible: //h6[normalize-space()='Dashboard'] → true
[0m[37m[2025-11-24 23:30:53] [34m[INFO ][37m [32morg.example.hrmOrange.allure.LogUtils [37m-[37m [32mClick element: //span[normalize-space()='Admin']
[0m[37m[2025-11-24 23:30:54] [34m[INFO ][37m [32morg.example.hrmOrange.allure.LogUtils [37m-[37m [32mWait until visible: //label[normalize-space()='Username']/parent::div/following-sibling::div//input
[0m[37m[2025-11-24 23:30:55] [34m[INFO ][37m [32morg.example.hrmOrange.allure.LogUtils [37m-[37m [32mClick element: //button[normalize-space()='Add']
[0m[37m[2025-11-24 23:30:56] [34m[INFO ][37m [32morg.example.hrmOrange.allure.LogUtils [37m-[37m [32mWait until visible: //h6[normalize-space()='Add User']
[0m[37m[2025-11-24 23:30:57] [34m[INFO ][37m [32morg.example.hrmOrange.allure.LogUtils [37m-[37m [32mClick element: //input[@placeholder='Type for hints...']
[0m[37m[2025-11-24 23:30:57] [34m[INFO ][37m [32morg.example.hrmOrange.allure.LogUtils [37m-[37m [32mFill input //input[@placeholder='Type for hints...'] with: 
[0m[37m[2025-11-24 23:30:57] [34m[INFO ][37m [32morg.example.hrmOrange.allure.LogUtils [37m-[37m [32mType text into //input[@placeholder='Type for hints...']: Akh
[0m[37m[2025-11-24 23:30:58] [34m[INFO ][37m [32morg.example.hrmOrange.allure.LogUtils [37m-[37m [32mWait until visible: //div[@role='listbox']
[0m[37m[2025-11-24 23:30:58] [34m[INFO ][37m [32morg.example.hrmOrange.allure.LogUtils [37m-[37m [32mClick element: //div[@role='listbox']//div[@role='option'][1]
[0m[37m[2025-11-24 23:30:59] [34m[INFO ][37m [32morg.example.hrmOrange.allure.LogUtils [37m-[37m [32mFill input //label[normalize-space()='Username']/parent::div/following-sibling::div//input with: TestAdmin01
[0m[37m[2025-11-24 23:30:59] [34m[INFO ][37m [32morg.example.hrmOrange.allure.LogUtils [37m-[37m [32mClick element: //label[normalize-space()='User Role']/following::div[contains(@class,'oxd-select-text--after')][1]
[0m[37m[2025-11-24 23:30:59] [34m[INFO ][37m [32morg.example.hrmOrange.allure.LogUtils [37m-[37m [32mClick element: //div[@role='option']//span[normalize-space()='Admin']
[0m[37m[2025-11-24 23:30:59] [34m[INFO ][37m [32morg.example.hrmOrange.allure.LogUtils [37m-[37m [32mClick element: (//label[normalize-space()='Status']/parent::div/following-sibling::div//div[contains(@class,'oxd-select-text')])[1]
[0m[37m[2025-11-24 23:30:59] [34m[INFO ][37m [32morg.example.hrmOrange.allure.LogUtils [37m-[37m [32mWait until visible: //div[@role='listbox']
[0m[37m[2025-11-24 23:30:59] [34m[INFO ][37m [32morg.example.hrmOrange.allure.LogUtils [37m-[37m [32mClick element: //div[@role='listbox']//span[normalize-space()='Enabled']
[0m[37m[2025-11-24 23:30:59] [34m[INFO ][37m [32morg.example.hrmOrange.allure.LogUtils [37m-[37m [32mFill input //label[normalize-space()='Password']/parent::div/following-sibling::div//input with: admin123
[0m[37m[2025-11-24 23:30:59] [34m[INFO ][37m [32morg.example.hrmOrange.allure.LogUtils [37m-[37m [32mFill input //label[normalize-space()='Confirm Password']/parent::div/following-sibling::div//input with: admin123
[0m[37m[2025-11-24 23:30:59] [34m[INFO ][37m [32morg.example.hrmOrange.allure.LogUtils [37m-[37m [32mClick element: //button[contains(@class,'orangehrm-left-space') and @type='submit']

[0m[37m[2025-11-24 23:31:19] [34m[INFO ][37m [32morg.example.hrmOrange.allure.LogUtils [37m-[37m [32mWait until visible: //div[@class='oxd-table-body']
[0m[37m[2025-11-24 23:31:40] [34m[INFO ][37m [32morg.example.hrmOrange.allure.AllureReportUtils [37m-[37m [32mStarting Allure report generation...
[0m[37m[2025-11-24 23:31:40] [34m[INFO ][37m [32morg.example.hrmOrange.allure.AllureReportUtils [37m-[37m [32mRunning: mvn allure:report
[0m[37m[2025-11-24 23:31:59] [34m[INFO ][37m [32morg.example.hrmOrange.allure.AllureReportUtils [37m-[37m [32mLooking for Allure report at: C:\Users\mytie\IdeaProjects\Playwright_demo\target\site\allure-maven-plugin
[0m[37m[2025-11-24 23:31:59] [34m[WARN ][37m [32morg.example.hrmOrange.allure.AllureReportUtils [37m-[37m [32m⚠️ Allure report directory not found at: C:\Users\mytie\IdeaProjects\Playwright_demo\target\site\allure-maven-plugin
[0m[37m[2025-11-24 23:31:59] [34m[INFO ][37m [32morg.example.hrmOrange.allure.AllureReportUtils [37m-[37m [32mChecking alternative location: target/allure-report
[0m[37m[2025-11-24 23:31:59] [34m[INFO ][37m [32morg.example.hrmOrange.allure.AllureReportUtils [37m-[37m [32mFound report at alternative location: C:\Users\mytie\IdeaProjects\Playwright_demo\target\allure-report
[0m[37m[2025-11-24 23:31:59] [34m[INFO ][37m [32morg.example.hrmOrange.allure.AllureReportUtils [37m-[37m [32mCreated directory reports\2025-11-24\common_233159
[0m[37m[2025-11-24 23:31:59] [34m[INFO ][37m [32morg.example.hrmOrange.allure.AllureReportUtils [37m-[37m [32mCopying report from: C:\Users\mytie\IdeaProjects\Playwright_demo\target\allure-report
[0m[37m[2025-11-24 23:31:59] [34m[INFO ][37m [32morg.example.hrmOrange.allure.AllureReportUtils [37m-[37m [32mCopying report to: C:\Users\mytie\IdeaProjects\Playwright_demo\reports\2025-11-24\common_233159
[0m[37m[2025-11-24 23:31:59] [34m[INFO ][37m [32morg.example.hrmOrange.allure.AllureReportUtils [37m-[37m [32m✅ Report copied successfully!
[0m[37m[2025-11-24 23:31:59] [34m[INFO ][37m [32morg.example.hrmOrange.allure.AllureReportUtils [37m-[37m [32mIndex file created at: C:\Users\mytie\IdeaProjects\Playwright_demo\reports\2025-11-24\index.html
[0m[37m[2025-11-24 23:31:59] [34m[ERROR][37m [32morg.example.hrmOrange.allure.AllureReportUtils [37m-[37m [32mError generating Allure Report: 2 exception(s): [org.apache.commons.io.IOIndexedException: IOException #1: Cannot delete file: reports\latest\css, org.apache.commons.io.IOIndexedException: IOException #2: Cannot delete file: reports\latest\images]
[0m org.apache.commons.io.IOExceptionList: 2 exception(s): [org.apache.commons.io.IOIndexedException: IOException #1: Cannot delete file: reports\latest\css, org.apache.commons.io.IOIndexedException: IOException #2: Cannot delete file: reports\latest\images]
	at org.apache.commons.io.IOExceptionList.checkEmpty(IOExceptionList.java:49) ~[commons-io-2.15.0.jar:2.15.0]
	at org.apache.commons.io.function.IOStream.forAll(IOStream.java:352) ~[commons-io-2.15.0.jar:2.15.0]
	at org.apache.commons.io.function.IOStreams.forAll(IOStreams.java:42) ~[commons-io-2.15.0.jar:2.15.0]
	at org.apache.commons.io.function.IOStreams.forAll(IOStreams.java:36) ~[commons-io-2.15.0.jar:2.15.0]
	at org.apache.commons.io.function.IOConsumer.forAll(IOConsumer.java:80) ~[commons-io-2.15.0.jar:2.15.0]
	at org.apache.commons.io.FileUtils.cleanDirectory(FileUtils.java:334) ~[commons-io-2.15.0.jar:2.15.0]
	at org.apache.commons.io.FileUtils.deleteDirectory(FileUtils.java:1188) ~[commons-io-2.15.0.jar:2.15.0]
	at org.example.hrmOrange.allure.AllureReportUtils.copyToLatestFolder(AllureReportUtils.java:151) ~[classes/:?]
	at org.example.hrmOrange.allure.AllureReportUtils.moveReportToTarget(AllureReportUtils.java:140) ~[classes/:?]
	at org.example.hrmOrange.allure.AllureReportUtils.generateAllureReport(AllureReportUtils.java:52) [classes/:?]
	at org.example.hrmOrange.common.BaseTest.afterSuite(BaseTest.java:69) [test-classes/:?]
	at java.base/jdk.internal.reflect.DirectMethodHandleAccessor.invoke(DirectMethodHandleAccessor.java:103) ~[?:?]
	at java.base/java.lang.reflect.Method.invoke(Method.java:580) ~[?:?]
	at org.testng.internal.invokers.MethodInvocationHelper.invokeMethod(MethodInvocationHelper.java:141) [testng-7.10.2.jar:7.10.2]
	at org.testng.internal.invokers.MethodInvocationHelper.invokeMethodConsideringTimeout(MethodInvocationHelper.java:71) [testng-7.10.2.jar:7.10.2]
	at org.testng.internal.invokers.ConfigInvoker.invokeConfigurationMethod(ConfigInvoker.java:400) [testng-7.10.2.jar:7.10.2]
	at org.testng.internal.invokers.ConfigInvoker.invokeConfigurations(ConfigInvoker.java:333) [testng-7.10.2.jar:7.10.2]
	at org.testng.SuiteRunner.privateRun(SuiteRunner.java:386) [testng-7.10.2.jar:7.10.2]
	at org.testng.SuiteRunner.run(SuiteRunner.java:312) [testng-7.10.2.jar:7.10.2]
	at org.testng.SuiteRunnerWorker.runSuite(SuiteRunnerWorker.java:52) [testng-7.10.2.jar:7.10.2]
	at org.testng.SuiteRunnerWorker.run(SuiteRunnerWorker.java:95) [testng-7.10.2.jar:7.10.2]
	at org.testng.TestNG.runSuitesSequentially(TestNG.java:1274) [testng-7.10.2.jar:7.10.2]
	at org.testng.TestNG.runSuitesLocally(TestNG.java:1208) [testng-7.10.2.jar:7.10.2]
	at org.testng.TestNG.runSuites(TestNG.java:1112) [testng-7.10.2.jar:7.10.2]
	at org.testng.TestNG.run(TestNG.java:1079) [testng-7.10.2.jar:7.10.2]
	at com.intellij.rt.testng.IDEARemoteTestNG.run(IDEARemoteTestNG.java:65) [testng-rt.jar:?]
	at com.intellij.rt.testng.RemoteTestNGStarter.main(RemoteTestNGStarter.java:105) [testng-rt.jar:?]
Caused by: org.apache.commons.io.IOIndexedException: IOException #1: Cannot delete file: reports\latest\css
	at org.apache.commons.io.function.IOStream.lambda$forAll$11(IOStream.java:347) ~[commons-io-2.15.0.jar:2.15.0]
	at java.base/java.util.Spliterators$ArraySpliterator.forEachRemaining(Spliterators.java:1024) ~[?:?]
	at java.base/java.util.stream.ReferencePipeline$Head.forEach(ReferencePipeline.java:807) ~[?:?]
	at org.apache.commons.io.function.IOStream.forAll(IOStream.java:338) ~[commons-io-2.15.0.jar:2.15.0]
	... 25 more
Caused by: java.io.IOException: Cannot delete file: reports\latest\css
	at org.apache.commons.io.FileUtils.forceDelete(FileUtils.java:1336) ~[commons-io-2.15.0.jar:2.15.0]
	at org.apache.commons.io.function.IOStream.lambda$forAll$11(IOStream.java:340) ~[commons-io-2.15.0.jar:2.15.0]
	at java.base/java.util.Spliterators$ArraySpliterator.forEachRemaining(Spliterators.java:1024) ~[?:?]
	at java.base/java.util.stream.ReferencePipeline$Head.forEach(ReferencePipeline.java:807) ~[?:?]
	at org.apache.commons.io.function.IOStream.forAll(IOStream.java:338) ~[commons-io-2.15.0.jar:2.15.0]
	... 25 more
Caused by: java.nio.file.FileSystemException: reports\latest\css: The process cannot access the file because it is being used by another process
	at java.base/sun.nio.fs.WindowsException.translateToIOException(WindowsException.java:92) ~[?:?]
	at java.base/sun.nio.fs.WindowsException.rethrowAsIOException(WindowsException.java:103) ~[?:?]
	at java.base/sun.nio.fs.WindowsException.rethrowAsIOException(WindowsException.java:108) ~[?:?]
	at java.base/sun.nio.fs.WindowsFileSystemProvider.implDelete(WindowsFileSystemProvider.java:273) ~[?:?]
	at java.base/sun.nio.fs.AbstractFileSystemProvider.deleteIfExists(AbstractFileSystemProvider.java:110) ~[?:?]
	at java.base/java.nio.file.Files.deleteIfExists(Files.java:1192) ~[?:?]
	at org.apache.commons.io.file.DeletingPathVisitor.postVisitDirectory(DeletingPathVisitor.java:140) ~[commons-io-2.15.0.jar:2.15.0]
	at org.apache.commons.io.file.DeletingPathVisitor.postVisitDirectory(DeletingPathVisitor.java:37) ~[commons-io-2.15.0.jar:2.15.0]
	at java.base/java.nio.file.Files.walkFileTree(Files.java:2827) ~[?:?]
	at java.base/java.nio.file.Files.walkFileTree(Files.java:2881) ~[?:?]
	at org.apache.commons.io.file.PathUtils.visitFileTree(PathUtils.java:1654) ~[commons-io-2.15.0.jar:2.15.0]
	at org.apache.commons.io.file.PathUtils.deleteDirectory(PathUtils.java:517) ~[commons-io-2.15.0.jar:2.15.0]
	at org.apache.commons.io.file.PathUtils.delete(PathUtils.java:476) ~[commons-io-2.15.0.jar:2.15.0]
	at org.apache.commons.io.FileUtils.forceDelete(FileUtils.java:1333) ~[commons-io-2.15.0.jar:2.15.0]
	at org.apache.commons.io.function.IOStream.lambda$forAll$11(IOStream.java:340) ~[commons-io-2.15.0.jar:2.15.0]
	at java.base/java.util.Spliterators$ArraySpliterator.forEachRemaining(Spliterators.java:1024) ~[?:?]
	at java.base/java.util.stream.ReferencePipeline$Head.forEach(ReferencePipeline.java:807) ~[?:?]
	at org.apache.commons.io.function.IOStream.forAll(IOStream.java:338) ~[commons-io-2.15.0.jar:2.15.0]
	... 25 more
[37m[2025-11-24 23:32:36] [34m[DEBUG][37m [32morg.testng.TestNG [37m-[37m [32msuiteXmlPath: "C:\Users\mytie\AppData\Local\JetBrains\IntelliJIdea2025.2\temp-testng-customsuite.xml"
[0m[37m[2025-11-24 23:32:36] [34m[WARN ][37m [32morg.testng.internal.Configuration [37m-[37m [32mDetected a static method [org.example.hrmOrange.common.BaseTest.beforeSuite()]. Static configuration methods can cause unexpected behavior.
[0m[37m[2025-11-24 23:32:36] [34m[WARN ][37m [32morg.testng.internal.Configuration [37m-[37m [32mDetected a static method [org.example.hrmOrange.common.BaseTest.afterSuite()]. Static configuration methods can cause unexpected behavior.
[0m[37m[2025-11-24 23:32:36] [34m[INFO ][37m [32morg.testng.internal.Utils [37m-[37m [32m[TestNG] Running:
  C:\Users\mytie\AppData\Local\JetBrains\IntelliJIdea2025.2\temp-testng-customsuite.xml

[0m[37m[2025-11-24 23:32:36] [34m[INFO ][37m [32morg.example.hrmOrange.allure.AllureReportUtils [37m-[37m [32mRemoved old report
[0m[37m[2025-11-24 23:32:43] [34m[INFO ][37m [32morg.example.hrmOrange.allure.LogUtils [37m-[37m [32mNavigate to URL: https://opensource-demo.orangehrmlive.com/web/index.php/auth/login
[0m[37m[2025-11-24 23:32:47] [34m[INFO ][37m [32morg.example.hrmOrange.allure.LogUtils [37m-[37m [32mNavigate to URL: https://opensource-demo.orangehrmlive.com/web/index.php/auth/login
[0m[37m[2025-11-24 23:32:48] [34m[INFO ][37m [32morg.example.hrmOrange.allure.LogUtils [37m-[37m [32mWait until visible: //input[@name='username']
[0m[37m[2025-11-24 23:32:49] [34m[INFO ][37m [32morg.example.hrmOrange.allure.LogUtils [37m-[37m [32mFill input //input[@name='username'] with: Admin
[0m[37m[2025-11-24 23:32:49] [34m[INFO ][37m [32morg.example.hrmOrange.allure.LogUtils [37m-[37m [32mFill input //input[@name='password'] with: admin123
[0m[37m[2025-11-24 23:32:49] [34m[INFO ][37m [32morg.example.hrmOrange.allure.LogUtils [37m-[37m [32mClick element: //button[@type='submit']
[0m[37m[2025-11-24 23:32:50] [34m[INFO ][37m [32morg.example.hrmOrange.allure.LogUtils [37m-[37m [32mWait until visible: //h6[normalize-space()='Dashboard']
[0m[37m[2025-11-24 23:32:51] [34m[INFO ][37m [32morg.example.hrmOrange.allure.LogUtils [37m-[37m [32mVerify visible: //h6[normalize-space()='Dashboard'] → true
[0m[37m[2025-11-24 23:32:51] [34m[INFO ][37m [32morg.example.hrmOrange.allure.LogUtils [37m-[37m [32mClick element: //span[normalize-space()='Admin']
[0m[37m[2025-11-24 23:32:52] [34m[INFO ][37m [32morg.example.hrmOrange.allure.LogUtils [37m-[37m [32mWait until visible: //label[normalize-space()='Username']/parent::div/following-sibling::div//input
[0m[37m[2025-11-24 23:32:53] [34m[INFO ][37m [32morg.example.hrmOrange.allure.LogUtils [37m-[37m [32mClick element: //button[normalize-space()='Add']
[0m[37m[2025-11-24 23:32:55] [34m[INFO ][37m [32morg.example.hrmOrange.allure.LogUtils [37m-[37m [32mWait until visible: //h6[normalize-space()='Add User']
[0m[37m[2025-11-24 23:32:55] [34m[INFO ][37m [32morg.example.hrmOrange.allure.LogUtils [37m-[37m [32mClick element: //input[@placeholder='Type for hints...']
[0m[37m[2025-11-24 23:32:55] [34m[INFO ][37m [32morg.example.hrmOrange.allure.LogUtils [37m-[37m [32mFill input //input[@placeholder='Type for hints...'] with: 
[0m[37m[2025-11-24 23:32:55] [34m[INFO ][37m [32morg.example.hrmOrange.allure.LogUtils [37m-[37m [32mType text into //input[@placeholder='Type for hints...']: Akh
[0m[37m[2025-11-24 23:32:56] [34m[INFO ][37m [32morg.example.hrmOrange.allure.LogUtils [37m-[37m [32mWait until visible: //div[@role='listbox']
[0m[37m[2025-11-24 23:32:56] [34m[INFO ][37m [32morg.example.hrmOrange.allure.LogUtils [37m-[37m [32mClick element: //div[@role='listbox']//div[@role='option'][1]
[0m[37m[2025-11-24 23:32:57] [34m[INFO ][37m [32morg.example.hrmOrange.allure.LogUtils [37m-[37m [32mFill input //label[normalize-space()='Username']/parent::div/following-sibling::div//input with: TestAdmin01
[0m[37m[2025-11-24 23:32:57] [34m[INFO ][37m [32morg.example.hrmOrange.allure.LogUtils [37m-[37m [32mClick element: //label[normalize-space()='User Role']/following::div[contains(@class,'oxd-select-text--after')][1]
[0m[37m[2025-11-24 23:32:57] [34m[INFO ][37m [32morg.example.hrmOrange.allure.LogUtils [37m-[37m [32mClick element: //div[@role='option']//span[normalize-space()='Admin']
[0m[37m[2025-11-24 23:32:57] [34m[INFO ][37m [32morg.example.hrmOrange.allure.LogUtils [37m-[37m [32mClick element: (//label[normalize-space()='Status']/parent::div/following-sibling::div//div[contains(@class,'oxd-select-text')])[1]
[0m[37m[2025-11-24 23:32:57] [34m[INFO ][37m [32morg.example.hrmOrange.allure.LogUtils [37m-[37m [32mWait until visible: //div[@role='listbox']
[0m[37m[2025-11-24 23:32:57] [34m[INFO ][37m [32morg.example.hrmOrange.allure.LogUtils [37m-[37m [32mClick element: //div[@role='listbox']//span[normalize-space()='Enabled']
[0m[37m[2025-11-24 23:32:57] [34m[INFO ][37m [32morg.example.hrmOrange.allure.LogUtils [37m-[37m [32mFill input //label[normalize-space()='Password']/parent::div/following-sibling::div//input with: admin123
[0m[37m[2025-11-24 23:32:57] [34m[INFO ][37m [32morg.example.hrmOrange.allure.LogUtils [37m-[37m [32mFill input //label[normalize-space()='Confirm Password']/parent::div/following-sibling::div//input with: admin123
[0m[37m[2025-11-24 23:32:57] [34m[INFO ][37m [32morg.example.hrmOrange.allure.LogUtils [37m-[37m [32mClick element: //button[contains(@class,'orangehrm-left-space') and @type='submit']

[0m[37m[2025-11-24 23:33:17] [34m[INFO ][37m [32morg.example.hrmOrange.allure.LogUtils [37m-[37m [32mWait until visible: //div[@class='oxd-table-body']
[0m[37m[2025-11-24 23:33:34] [34m[DEBUG][37m [32morg.testng.TestNG [37m-[37m [32msuiteXmlPath: "C:\Users\mytie\AppData\Local\JetBrains\IntelliJIdea2025.2\temp-testng-customsuite.xml"
[0m[37m[2025-11-24 23:33:34] [34m[WARN ][37m [32morg.testng.internal.Configuration [37m-[37m [32mDetected a static method [org.example.hrmOrange.common.BaseTest.beforeSuite()]. Static configuration methods can cause unexpected behavior.
[0m[37m[2025-11-24 23:33:34] [34m[WARN ][37m [32morg.testng.internal.Configuration [37m-[37m [32mDetected a static method [org.example.hrmOrange.common.BaseTest.afterSuite()]. Static configuration methods can cause unexpected behavior.
[0m[37m[2025-11-24 23:33:34] [34m[INFO ][37m [32morg.testng.internal.Utils [37m-[37m [32m[TestNG] Running:
  C:\Users\mytie\AppData\Local\JetBrains\IntelliJIdea2025.2\temp-testng-customsuite.xml

[0m[37m[2025-11-24 23:33:34] [34m[INFO ][37m [32morg.example.hrmOrange.allure.AllureReportUtils [37m-[37m [32mRemoved old report
[0m[37m[2025-11-24 23:33:39] [34m[INFO ][37m [32morg.example.hrmOrange.allure.LogUtils [37m-[37m [32mNavigate to URL: https://opensource-demo.orangehrmlive.com/web/index.php/auth/login
[0m[37m[2025-11-24 23:33:46] [34m[INFO ][37m [32morg.example.hrmOrange.allure.LogUtils [37m-[37m [32mNavigate to URL: https://opensource-demo.orangehrmlive.com/web/index.php/auth/login
[0m[37m[2025-11-24 23:33:46] [34m[INFO ][37m [32morg.example.hrmOrange.allure.LogUtils [37m-[37m [32mWait until visible: //input[@name='username']
[0m[37m[2025-11-24 23:33:48] [34m[INFO ][37m [32morg.example.hrmOrange.allure.LogUtils [37m-[37m [32mFill input //input[@name='username'] with: Admin
[0m[37m[2025-11-24 23:33:48] [34m[INFO ][37m [32morg.example.hrmOrange.allure.LogUtils [37m-[37m [32mFill input //input[@name='password'] with: admin123
[0m[37m[2025-11-24 23:33:48] [34m[INFO ][37m [32morg.example.hrmOrange.allure.LogUtils [37m-[37m [32mClick element: //button[@type='submit']
[0m[37m[2025-11-24 23:33:49] [34m[INFO ][37m [32morg.example.hrmOrange.allure.LogUtils [37m-[37m [32mWait until visible: //h6[normalize-space()='Dashboard']
[0m[37m[2025-11-24 23:33:50] [34m[INFO ][37m [32morg.example.hrmOrange.allure.LogUtils [37m-[37m [32mVerify visible: //h6[normalize-space()='Dashboard'] → true
[0m[37m[2025-11-24 23:33:50] [34m[INFO ][37m [32morg.example.hrmOrange.allure.LogUtils [37m-[37m [32mClick element: //span[normalize-space()='Admin']
[0m[37m[2025-11-24 23:33:51] [34m[INFO ][37m [32morg.example.hrmOrange.allure.LogUtils [37m-[37m [32mWait until visible: //label[normalize-space()='Username']/parent::div/following-sibling::div//input
[0m[37m[2025-11-24 23:33:52] [34m[INFO ][37m [32morg.example.hrmOrange.allure.LogUtils [37m-[37m [32mClick element: //button[normalize-space()='Add']
[0m[37m[2025-11-24 23:33:54] [34m[INFO ][37m [32morg.example.hrmOrange.allure.LogUtils [37m-[37m [32mWait until visible: //h6[normalize-space()='Add User']
[0m[37m[2025-11-24 23:33:54] [34m[INFO ][37m [32morg.example.hrmOrange.allure.LogUtils [37m-[37m [32mClick element: //input[@placeholder='Type for hints...']
[0m[37m[2025-11-24 23:33:54] [34m[INFO ][37m [32morg.example.hrmOrange.allure.LogUtils [37m-[37m [32mFill input //input[@placeholder='Type for hints...'] with: 
[0m[37m[2025-11-24 23:33:54] [34m[INFO ][37m [32morg.example.hrmOrange.allure.LogUtils [37m-[37m [32mType text into //input[@placeholder='Type for hints...']: Akh
[0m[37m[2025-11-24 23:33:55] [34m[INFO ][37m [32morg.example.hrmOrange.allure.LogUtils [37m-[37m [32mWait until visible: //div[@role='listbox']
[0m[37m[2025-11-24 23:33:55] [34m[INFO ][37m [32morg.example.hrmOrange.allure.LogUtils [37m-[37m [32mClick element: //div[@role='listbox']//div[@role='option'][1]
[0m[37m[2025-11-24 23:33:56] [34m[INFO ][37m [32morg.example.hrmOrange.allure.LogUtils [37m-[37m [32mFill input //label[normalize-space()='Username']/parent::div/following-sibling::div//input with: TestAdmin01
[0m[37m[2025-11-24 23:33:56] [34m[INFO ][37m [32morg.example.hrmOrange.allure.LogUtils [37m-[37m [32mClick element: //label[normalize-space()='User Role']/following::div[contains(@class,'oxd-select-text--after')][1]
[0m[37m[2025-11-24 23:33:56] [34m[INFO ][37m [32morg.example.hrmOrange.allure.LogUtils [37m-[37m [32mClick element: //div[@role='option']//span[normalize-space()='Admin']
[0m[37m[2025-11-24 23:33:56] [34m[INFO ][37m [32morg.example.hrmOrange.allure.LogUtils [37m-[37m [32mClick element: (//label[normalize-space()='Status']/parent::div/following-sibling::div//div[contains(@class,'oxd-select-text')])[1]
[0m[37m[2025-11-24 23:33:56] [34m[INFO ][37m [32morg.example.hrmOrange.allure.LogUtils [37m-[37m [32mWait until visible: //div[@role='listbox']
[0m[37m[2025-11-24 23:33:56] [34m[INFO ][37m [32morg.example.hrmOrange.allure.LogUtils [37m-[37m [32mClick element: //div[@role='listbox']//span[normalize-space()='Enabled']
[0m[37m[2025-11-24 23:33:56] [34m[INFO ][37m [32morg.example.hrmOrange.allure.LogUtils [37m-[37m [32mFill input //label[normalize-space()='Password']/parent::div/following-sibling::div//input with: admin123
[0m[37m[2025-11-24 23:33:56] [34m[INFO ][37m [32morg.example.hrmOrange.allure.LogUtils [37m-[37m [32mFill input //label[normalize-space()='Confirm Password']/parent::div/following-sibling::div//input with: admin123
[0m[37m[2025-11-24 23:33:56] [34m[INFO ][37m [32morg.example.hrmOrange.allure.LogUtils [37m-[37m [32mClick element: //button[contains(@class,'orangehrm-left-space') and @type='submit']

[0m[37m[2025-11-24 23:34:16] [34m[INFO ][37m [32morg.example.hrmOrange.allure.LogUtils [37m-[37m [32mWait until visible: //div[@class='oxd-table-body']
[0m[37m[2025-11-24 23:34:37] [34m[INFO ][37m [32morg.example.hrmOrange.allure.AllureReportUtils [37m-[37m [32mStarting Allure report generation...
[0m[37m[2025-11-24 23:34:37] [34m[INFO ][37m [32morg.example.hrmOrange.allure.AllureReportUtils [37m-[37m [32mRunning: mvn allure:report
[0m[37m[2025-11-24 23:34:57] [34m[INFO ][37m [32morg.example.hrmOrange.allure.AllureReportUtils [37m-[37m [32mLooking for Allure report at: C:\Users\mytie\IdeaProjects\Playwright_demo\target\site\allure-maven-plugin
[0m[37m[2025-11-24 23:34:57] [34m[WARN ][37m [32morg.example.hrmOrange.allure.AllureReportUtils [37m-[37m [32m⚠️ Allure report directory not found at: C:\Users\mytie\IdeaProjects\Playwright_demo\target\site\allure-maven-plugin
[0m[37m[2025-11-24 23:34:57] [34m[INFO ][37m [32morg.example.hrmOrange.allure.AllureReportUtils [37m-[37m [32mChecking alternative location: target/allure-report
[0m[37m[2025-11-24 23:34:57] [34m[INFO ][37m [32morg.example.hrmOrange.allure.AllureReportUtils [37m-[37m [32mFound report at alternative location: C:\Users\mytie\IdeaProjects\Playwright_demo\target\allure-report
[0m[37m[2025-11-24 23:34:57] [34m[INFO ][37m [32morg.example.hrmOrange.allure.AllureReportUtils [37m-[37m [32mCreated directory reports\2025-11-24\common_233457
[0m[37m[2025-11-24 23:34:57] [34m[INFO ][37m [32morg.example.hrmOrange.allure.AllureReportUtils [37m-[37m [32mCopying report from: C:\Users\mytie\IdeaProjects\Playwright_demo\target\allure-report
[0m[37m[2025-11-24 23:34:57] [34m[INFO ][37m [32morg.example.hrmOrange.allure.AllureReportUtils [37m-[37m [32mCopying report to: C:\Users\mytie\IdeaProjects\Playwright_demo\reports\2025-11-24\common_233457
[0m[37m[2025-11-24 23:34:58] [34m[INFO ][37m [32morg.example.hrmOrange.allure.AllureReportUtils [37m-[37m [32m✅ Report copied successfully!
[0m[37m[2025-11-24 23:34:58] [34m[INFO ][37m [32morg.example.hrmOrange.allure.AllureReportUtils [37m-[37m [32mIndex file created at: C:\Users\mytie\IdeaProjects\Playwright_demo\reports\2025-11-24\index.html
[0m[37m[2025-11-24 23:34:58] [34m[INFO ][37m [32morg.example.hrmOrange.allure.AllureReportUtils [37m-[37m [32mRemoved old 'latest' report folder
[0m[37m[2025-11-24 23:34:58] [34m[INFO ][37m [32morg.example.hrmOrange.allure.AllureReportUtils [37m-[37m [32mCreated directory reports\latest
[0m[37m[2025-11-24 23:34:58] [34m[INFO ][37m [32morg.example.hrmOrange.allure.AllureReportUtils [37m-[37m [32m✅ Report copied to 'latest' folder for GitHub tracking
[0m[37m[2025-11-24 23:34:58] [34m[INFO ][37m [32morg.example.hrmOrange.allure.AllureReportUtils [37m-[37m [32mREADME.md created in 'latest' folder
[0m[37m[2025-11-24 23:34:58] [34m[INFO ][37m [32morg.example.hrmOrange.allure.AllureReportUtils [37m-[37m [32m✅ Allure Report generated successfully at: C:\Users\mytie\IdeaProjects\Playwright_demo\reports
[0m[37m[2025-11-24 23:35:52] [34m[DEBUG][37m [32morg.testng.TestNG [37m-[37m [32msuiteXmlPath: "C:\Users\mytie\AppData\Local\JetBrains\IntelliJIdea2025.2\temp-testng-customsuite.xml"
[0m[37m[2025-11-24 23:35:53] [34m[WARN ][37m [32morg.testng.internal.Configuration [37m-[37m [32mDetected a static method [org.example.hrmOrange.common.BaseTest.beforeSuite()]. Static configuration methods can cause unexpected behavior.
[0m[37m[2025-11-24 23:35:53] [34m[WARN ][37m [32morg.testng.internal.Configuration [37m-[37m [32mDetected a static method [org.example.hrmOrange.common.BaseTest.afterSuite()]. Static configuration methods can cause unexpected behavior.
[0m[37m[2025-11-24 23:35:53] [34m[INFO ][37m [32morg.testng.internal.Utils [37m-[37m [32m[TestNG] Running:
  C:\Users\mytie\AppData\Local\JetBrains\IntelliJIdea2025.2\temp-testng-customsuite.xml

[0m[37m[2025-11-24 23:35:53] [34m[INFO ][37m [32morg.example.hrmOrange.allure.AllureReportUtils [37m-[37m [32mRemoved old report
[0m[37m[2025-11-24 23:35:59] [34m[INFO ][37m [32morg.example.hrmOrange.allure.LogUtils [37m-[37m [32mNavigate to URL: https://opensource-demo.orangehrmlive.com/web/index.php/auth/login
[0m[37m[2025-11-24 23:36:09] [34m[INFO ][37m [32morg.example.hrmOrange.allure.LogUtils [37m-[37m [32mNavigate to URL: https://opensource-demo.orangehrmlive.com/web/index.php/auth/login
[0m[37m[2025-11-24 23:36:09] [34m[INFO ][37m [32morg.example.hrmOrange.allure.LogUtils [37m-[37m [32mWait until visible: //input[@name='username']
[0m[37m[2025-11-24 23:36:10] [34m[INFO ][37m [32morg.example.hrmOrange.allure.LogUtils [37m-[37m [32mFill input //input[@name='username'] with: Admin
[0m[37m[2025-11-24 23:36:10] [34m[INFO ][37m [32morg.example.hrmOrange.allure.LogUtils [37m-[37m [32mFill input //input[@name='password'] with: admin123
[0m[37m[2025-11-24 23:36:10] [34m[INFO ][37m [32morg.example.hrmOrange.allure.LogUtils [37m-[37m [32mClick element: //button[@type='submit']
[0m[37m[2025-11-24 23:36:11] [34m[INFO ][37m [32morg.example.hrmOrange.allure.LogUtils [37m-[37m [32mWait until visible: //h6[normalize-space()='Dashboard']
[0m[37m[2025-11-24 23:36:12] [34m[INFO ][37m [32morg.example.hrmOrange.allure.LogUtils [37m-[37m [32mVerify visible: //h6[normalize-space()='Dashboard'] → true
[0m[37m[2025-11-24 23:36:12] [34m[INFO ][37m [32morg.example.hrmOrange.allure.LogUtils [37m-[37m [32mClick element: //span[normalize-space()='Admin']
[0m[37m[2025-11-24 23:36:13] [34m[INFO ][37m [32morg.example.hrmOrange.allure.LogUtils [37m-[37m [32mWait until visible: //label[normalize-space()='Username']/parent::div/following-sibling::div//input
[0m[37m[2025-11-24 23:36:14] [34m[INFO ][37m [32morg.example.hrmOrange.allure.LogUtils [37m-[37m [32mClick element: //button[normalize-space()='Add']
[0m[37m[2025-11-24 23:36:16] [34m[INFO ][37m [32morg.example.hrmOrange.allure.LogUtils [37m-[37m [32mWait until visible: //h6[normalize-space()='Add User']
[0m[37m[2025-11-24 23:36:16] [34m[INFO ][37m [32morg.example.hrmOrange.allure.LogUtils [37m-[37m [32mClick element: //input[@placeholder='Type for hints...']
[0m[37m[2025-11-24 23:36:16] [34m[INFO ][37m [32morg.example.hrmOrange.allure.LogUtils [37m-[37m [32mFill input //input[@placeholder='Type for hints...'] with: 
[0m[37m[2025-11-24 23:36:16] [34m[INFO ][37m [32morg.example.hrmOrange.allure.LogUtils [37m-[37m [32mType text into //input[@placeholder='Type for hints...']: Akh
[0m[37m[2025-11-24 23:36:19] [34m[INFO ][37m [32morg.example.hrmOrange.allure.LogUtils [37m-[37m [32mWait until visible: //div[@role='listbox']
[0m[37m[2025-11-24 23:36:19] [34m[INFO ][37m [32morg.example.hrmOrange.allure.LogUtils [37m-[37m [32mClick element: //div[@role='listbox']//div[@role='option'][1]
[0m[37m[2025-11-24 23:36:19] [34m[INFO ][37m [32morg.example.hrmOrange.allure.LogUtils [37m-[37m [32mFill input //label[normalize-space()='Username']/parent::div/following-sibling::div//input with: TestAdmin01
[0m[37m[2025-11-24 23:36:19] [34m[INFO ][37m [32morg.example.hrmOrange.allure.LogUtils [37m-[37m [32mClick element: //label[normalize-space()='User Role']/following::div[contains(@class,'oxd-select-text--after')][1]
[0m[37m[2025-11-24 23:36:20] [34m[INFO ][37m [32morg.example.hrmOrange.allure.LogUtils [37m-[37m [32mClick element: //div[@role='option']//span[normalize-space()='Admin']
[0m[37m[2025-11-24 23:36:20] [34m[INFO ][37m [32morg.example.hrmOrange.allure.LogUtils [37m-[37m [32mClick element: (//label[normalize-space()='Status']/parent::div/following-sibling::div//div[contains(@class,'oxd-select-text')])[1]
[0m[37m[2025-11-24 23:36:20] [34m[INFO ][37m [32morg.example.hrmOrange.allure.LogUtils [37m-[37m [32mWait until visible: //div[@role='listbox']
[0m[37m[2025-11-24 23:36:20] [34m[INFO ][37m [32morg.example.hrmOrange.allure.LogUtils [37m-[37m [32mClick element: //div[@role='listbox']//span[normalize-space()='Enabled']
[0m[37m[2025-11-24 23:36:20] [34m[INFO ][37m [32morg.example.hrmOrange.allure.LogUtils [37m-[37m [32mFill input //label[normalize-space()='Password']/parent::div/following-sibling::div//input with: admin123
[0m[37m[2025-11-24 23:36:20] [34m[INFO ][37m [32morg.example.hrmOrange.allure.LogUtils [37m-[37m [32mFill input //label[normalize-space()='Confirm Password']/parent::div/following-sibling::div//input with: admin123
[0m[37m[2025-11-24 23:36:20] [34m[INFO ][37m [32morg.example.hrmOrange.allure.LogUtils [37m-[37m [32mClick element: //button[contains(@class,'orangehrm-left-space') and @type='submit']

[0m[37m[2025-11-24 23:36:40] [34m[INFO ][37m [32morg.example.hrmOrange.allure.LogUtils [37m-[37m [32mWait until visible: //div[@class='oxd-table-body']
[0m[37m[2025-11-24 23:36:41] [34m[INFO ][37m [32morg.example.hrmOrange.allure.LogUtils [37m-[37m [32mFill input //label[normalize-space()='Username']/parent::div/following-sibling::div//input with: TestAdmin01
[0m[37m[2025-11-24 23:36:41] [34m[INFO ][37m [32morg.example.hrmOrange.allure.LogUtils [37m-[37m [32mClick element: //button[normalize-space()='Search']
[0m[37m[2025-11-24 23:36:41] [34m[INFO ][37m [32morg.example.hrmOrange.allure.LogUtils [37m-[37m [32mWait until visible: //div[@class='oxd-table-body']
[0m[37m[2025-11-24 23:36:43] [34m[INFO ][37m [32morg.example.hrmOrange.allure.LogUtils [37m-[37m [32mWait until visible: //div[@class='oxd-table-body']
[0m[37m[2025-11-24 23:36:44] [34m[INFO ][37m [32morg.example.hrmOrange.allure.LogUtils [37m-[37m [32mWait until visible: //div[@class='oxd-table-body']
[0m[37m[2025-11-24 23:36:47] [34m[INFO ][37m [32morg.example.hrmOrange.allure.AllureReportUtils [37m-[37m [32mStarting Allure report generation...
[0m[37m[2025-11-24 23:36:47] [34m[INFO ][37m [32morg.example.hrmOrange.allure.AllureReportUtils [37m-[37m [32mRunning: mvn allure:report
[0m[37m[2025-11-24 23:36:54] [34m[INFO ][37m [32morg.example.hrmOrange.allure.AllureReportUtils [37m-[37m [32mLooking for Allure report at: C:\Users\mytie\IdeaProjects\Playwright_demo\target\site\allure-maven-plugin
[0m[37m[2025-11-24 23:36:54] [34m[WARN ][37m [32morg.example.hrmOrange.allure.AllureReportUtils [37m-[37m [32m⚠️ Allure report directory not found at: C:\Users\mytie\IdeaProjects\Playwright_demo\target\site\allure-maven-plugin
[0m[37m[2025-11-24 23:36:54] [34m[INFO ][37m [32morg.example.hrmOrange.allure.AllureReportUtils [37m-[37m [32mChecking alternative location: target/allure-report
[0m[37m[2025-11-24 23:36:54] [34m[INFO ][37m [32morg.example.hrmOrange.allure.AllureReportUtils [37m-[37m [32mFound report at alternative location: C:\Users\mytie\IdeaProjects\Playwright_demo\target\allure-report
[0m[37m[2025-11-24 23:36:54] [34m[INFO ][37m [32morg.example.hrmOrange.allure.AllureReportUtils [37m-[37m [32mCreated directory reports\2025-11-24\common_233654
[0m[37m[2025-11-24 23:36:54] [34m[INFO ][37m [32morg.example.hrmOrange.allure.AllureReportUtils [37m-[37m [32mCopying report from: C:\Users\mytie\IdeaProjects\Playwright_demo\target\allure-report
[0m[37m[2025-11-24 23:36:54] [34m[INFO ][37m [32morg.example.hrmOrange.allure.AllureReportUtils [37m-[37m [32mCopying report to: C:\Users\mytie\IdeaProjects\Playwright_demo\reports\2025-11-24\common_233654
[0m[37m[2025-11-24 23:36:54] [34m[INFO ][37m [32morg.example.hrmOrange.allure.AllureReportUtils [37m-[37m [32m✅ Report copied successfully!
[0m[37m[2025-11-24 23:36:54] [34m[INFO ][37m [32morg.example.hrmOrange.allure.AllureReportUtils [37m-[37m [32mIndex file created at: C:\Users\mytie\IdeaProjects\Playwright_demo\reports\2025-11-24\index.html
[0m[37m[2025-11-24 23:36:54] [34m[INFO ][37m [32morg.example.hrmOrange.allure.AllureReportUtils [37m-[37m [32mRemoved old 'latest' report folder
[0m[37m[2025-11-24 23:36:54] [34m[INFO ][37m [32morg.example.hrmOrange.allure.AllureReportUtils [37m-[37m [32mCreated directory reports\latest
[0m[37m[2025-11-24 23:36:54] [34m[INFO ][37m [32morg.example.hrmOrange.allure.AllureReportUtils [37m-[37m [32m✅ Report copied to 'latest' folder for GitHub tracking
[0m[37m[2025-11-24 23:36:54] [34m[INFO ][37m [32morg.example.hrmOrange.allure.AllureReportUtils [37m-[37m [32mREADME.md created in 'latest' folder
[0m[37m[2025-11-24 23:36:54] [34m[INFO ][37m [32morg.example.hrmOrange.allure.AllureReportUtils [37m-[37m [32m✅ Allure Report generated successfully at: C:\Users\mytie\IdeaProjects\Playwright_demo\reports
[0m[37m[2025-11-24 23:42:54] [34m[DEBUG][37m [32morg.testng.TestNG [37m-[37m [32msuiteXmlPath: "C:\Users\mytie\AppData\Local\JetBrains\IntelliJIdea2025.2\temp-testng-customsuite.xml"
[0m[37m[2025-11-24 23:42:54] [34m[WARN ][37m [32morg.testng.internal.Configuration [37m-[37m [32mDetected a static method [org.example.hrmOrange.common.BaseTest.beforeSuite()]. Static configuration methods can cause unexpected behavior.
[0m[37m[2025-11-24 23:42:54] [34m[WARN ][37m [32morg.testng.internal.Configuration [37m-[37m [32mDetected a static method [org.example.hrmOrange.common.BaseTest.afterSuite()]. Static configuration methods can cause unexpected behavior.
[0m[37m[2025-11-24 23:42:54] [34m[INFO ][37m [32morg.testng.internal.Utils [37m-[37m [32m[TestNG] Running:
  C:\Users\mytie\AppData\Local\JetBrains\IntelliJIdea2025.2\temp-testng-customsuite.xml

[0m[37m[2025-11-24 23:42:54] [34m[INFO ][37m [32morg.example.hrmOrange.allure.AllureReportUtils [37m-[37m [32mRemoved old report
[0m[37m[2025-11-24 23:43:00] [34m[INFO ][37m [32morg.example.hrmOrange.allure.LogUtils [37m-[37m [32mNavigate to URL: https://opensource-demo.orangehrmlive.com/web/index.php/auth/login
[0m[37m[2025-11-24 23:43:04] [34m[INFO ][37m [32morg.example.hrmOrange.allure.LogUtils [37m-[37m [32mNavigate to URL: https://opensource-demo.orangehrmlive.com/web/index.php/auth/login
[0m[37m[2025-11-24 23:43:05] [34m[INFO ][37m [32morg.example.hrmOrange.allure.LogUtils [37m-[37m [32mWait until visible: //input[@name='username']
[0m[37m[2025-11-24 23:43:06] [34m[INFO ][37m [32morg.example.hrmOrange.allure.LogUtils [37m-[37m [32mFill input //input[@name='username'] with: Admin
[0m[37m[2025-11-24 23:43:06] [34m[INFO ][37m [32morg.example.hrmOrange.allure.LogUtils [37m-[37m [32mFill input //input[@name='password'] with: admin123
[0m[37m[2025-11-24 23:43:06] [34m[INFO ][37m [32morg.example.hrmOrange.allure.LogUtils [37m-[37m [32mClick element: //button[@type='submit']
[0m[37m[2025-11-24 23:43:07] [34m[INFO ][37m [32morg.example.hrmOrange.allure.LogUtils [37m-[37m [32mWait until visible: //h6[normalize-space()='Dashboard']
[0m[37m[2025-11-24 23:43:08] [34m[INFO ][37m [32morg.example.hrmOrange.allure.LogUtils [37m-[37m [32mVerify visible: //h6[normalize-space()='Dashboard'] → true
[0m[37m[2025-11-24 23:43:08] [34m[INFO ][37m [32morg.example.hrmOrange.allure.LogUtils [37m-[37m [32mClick element: //span[normalize-space()='Admin']
[0m[37m[2025-11-24 23:43:09] [34m[INFO ][37m [32morg.example.hrmOrange.allure.LogUtils [37m-[37m [32mWait until visible: //label[normalize-space()='Username']/parent::div/following-sibling::div//input
[0m[37m[2025-11-24 23:43:11] [34m[INFO ][37m [32morg.example.hrmOrange.allure.LogUtils [37m-[37m [32mClick element: //button[normalize-space()='Add']
[0m[37m[2025-11-24 23:43:12] [34m[INFO ][37m [32morg.example.hrmOrange.allure.LogUtils [37m-[37m [32mWait until visible: //h6[normalize-space()='Add User']
[0m[37m[2025-11-24 23:43:12] [34m[INFO ][37m [32morg.example.hrmOrange.allure.LogUtils [37m-[37m [32mClick element: //input[@placeholder='Type for hints...']
[0m[37m[2025-11-24 23:43:13] [34m[INFO ][37m [32morg.example.hrmOrange.allure.LogUtils [37m-[37m [32mFill input //input[@placeholder='Type for hints...'] with: 
[0m[37m[2025-11-24 23:43:13] [34m[INFO ][37m [32morg.example.hrmOrange.allure.LogUtils [37m-[37m [32mType text into //input[@placeholder='Type for hints...']: Inv
[0m[37m[2025-11-24 23:43:15] [34m[INFO ][37m [32morg.example.hrmOrange.allure.LogUtils [37m-[37m [32mWait until visible: //div[@role='listbox']
[0m[37m[2025-11-24 23:43:15] [34m[INFO ][37m [32morg.example.hrmOrange.allure.LogUtils [37m-[37m [32mClick element: //div[@role='listbox']//div[@role='option'][1]
[0m[37m[2025-11-24 23:43:16] [34m[INFO ][37m [32morg.example.hrmOrange.allure.LogUtils [37m-[37m [32mFill input //label[normalize-space()='Username']/parent::div/following-sibling::div//input with: TestAdminInvalid01
[0m[37m[2025-11-24 23:43:16] [34m[INFO ][37m [32morg.example.hrmOrange.allure.LogUtils [37m-[37m [32mClick element: //label[normalize-space()='User Role']/following::div[contains(@class,'oxd-select-text--after')][1]
[0m[37m[2025-11-24 23:43:16] [34m[INFO ][37m [32morg.example.hrmOrange.allure.LogUtils [37m-[37m [32mClick element: //div[@role='option']//span[normalize-space()='Admin']
[0m[37m[2025-11-24 23:43:16] [34m[INFO ][37m [32morg.example.hrmOrange.allure.LogUtils [37m-[37m [32mClick element: (//label[normalize-space()='Status']/parent::div/following-sibling::div//div[contains(@class,'oxd-select-text')])[1]
[0m[37m[2025-11-24 23:43:16] [34m[INFO ][37m [32morg.example.hrmOrange.allure.LogUtils [37m-[37m [32mWait until visible: //div[@role='listbox']
[0m[37m[2025-11-24 23:43:16] [34m[INFO ][37m [32morg.example.hrmOrange.allure.LogUtils [37m-[37m [32mClick element: //div[@role='listbox']//span[normalize-space()='Enabled']
[0m[37m[2025-11-24 23:43:16] [34m[INFO ][37m [32morg.example.hrmOrange.allure.LogUtils [37m-[37m [32mFill input //label[normalize-space()='Password']/parent::div/following-sibling::div//input with: admin123
[0m[37m[2025-11-24 23:43:16] [34m[INFO ][37m [32morg.example.hrmOrange.allure.LogUtils [37m-[37m [32mFill input //label[normalize-space()='Confirm Password']/parent::div/following-sibling::div//input with: admin123
[0m[37m[2025-11-24 23:43:16] [34m[INFO ][37m [32morg.example.hrmOrange.allure.LogUtils [37m-[37m [32mClick element: //button[contains(@class,'orangehrm-left-space') and @type='submit']

[0m[37m[2025-11-24 23:43:36] [34m[INFO ][37m [32morg.example.hrmOrange.allure.LogUtils [37m-[37m [32mWait until visible: //span[contains(@class, 'oxd-input-field-error-message')]
[0m[37m[2025-11-24 23:43:36] [34m[INFO ][37m [32morg.example.hrmOrange.allure.LogUtils [37m-[37m [32mText from element [//span[contains(@class, 'oxd-input-field-error-message')]] = Invalid
[0m[37m[2025-11-24 23:43:37] [34m[INFO ][37m [32morg.example.hrmOrange.allure.AllureReportUtils [37m-[37m [32mStarting Allure report generation...
[0m[37m[2025-11-24 23:43:37] [34m[INFO ][37m [32morg.example.hrmOrange.allure.AllureReportUtils [37m-[37m [32mRunning: mvn allure:report
[0m[37m[2025-11-24 23:43:44] [34m[INFO ][37m [32morg.example.hrmOrange.allure.AllureReportUtils [37m-[37m [32mLooking for Allure report at: C:\Users\mytie\IdeaProjects\Playwright_demo\target\site\allure-maven-plugin
[0m[37m[2025-11-24 23:43:44] [34m[WARN ][37m [32morg.example.hrmOrange.allure.AllureReportUtils [37m-[37m [32m⚠️ Allure report directory not found at: C:\Users\mytie\IdeaProjects\Playwright_demo\target\site\allure-maven-plugin
[0m[37m[2025-11-24 23:43:44] [34m[INFO ][37m [32morg.example.hrmOrange.allure.AllureReportUtils [37m-[37m [32mChecking alternative location: target/allure-report
[0m[37m[2025-11-24 23:43:44] [34m[INFO ][37m [32morg.example.hrmOrange.allure.AllureReportUtils [37m-[37m [32mFound report at alternative location: C:\Users\mytie\IdeaProjects\Playwright_demo\target\allure-report
[0m[37m[2025-11-24 23:43:44] [34m[INFO ][37m [32morg.example.hrmOrange.allure.AllureReportUtils [37m-[37m [32mCreated directory reports\2025-11-24\common_234344
[0m[37m[2025-11-24 23:43:44] [34m[INFO ][37m [32morg.example.hrmOrange.allure.AllureReportUtils [37m-[37m [32mCopying report from: C:\Users\mytie\IdeaProjects\Playwright_demo\target\allure-report
[0m[37m[2025-11-24 23:43:44] [34m[INFO ][37m [32morg.example.hrmOrange.allure.AllureReportUtils [37m-[37m [32mCopying report to: C:\Users\mytie\IdeaProjects\Playwright_demo\reports\2025-11-24\common_234344
[0m[37m[2025-11-24 23:43:45] [34m[INFO ][37m [32morg.example.hrmOrange.allure.AllureReportUtils [37m-[37m [32m✅ Report copied successfully!
[0m[37m[2025-11-24 23:43:45] [34m[INFO ][37m [32morg.example.hrmOrange.allure.AllureReportUtils [37m-[37m [32mIndex file created at: C:\Users\mytie\IdeaProjects\Playwright_demo\reports\2025-11-24\index.html
[0m[37m[2025-11-24 23:43:45] [34m[INFO ][37m [32morg.example.hrmOrange.allure.AllureReportUtils [37m-[37m [32mRemoved old 'latest' report folder
[0m[37m[2025-11-24 23:43:45] [34m[INFO ][37m [32morg.example.hrmOrange.allure.AllureReportUtils [37m-[37m [32mCreated directory reports\latest
[0m[37m[2025-11-24 23:43:45] [34m[INFO ][37m [32morg.example.hrmOrange.allure.AllureReportUtils [37m-[37m [32m✅ Report copied to 'latest' folder for GitHub tracking
[0m[37m[2025-11-24 23:43:45] [34m[INFO ][37m [32morg.example.hrmOrange.allure.AllureReportUtils [37m-[37m [32mREADME.md created in 'latest' folder
[0m[37m[2025-11-24 23:43:45] [34m[INFO ][37m [32morg.example.hrmOrange.allure.AllureReportUtils [37m-[37m [32m✅ Allure Report generated successfully at: C:\Users\mytie\IdeaProjects\Playwright_demo\reports
[0m[37m[2025-11-24 23:50:48] [34m[DEBUG][37m [32morg.testng.TestNG [37m-[37m [32msuiteXmlPath: "C:\Users\mytie\AppData\Local\JetBrains\IntelliJIdea2025.2\temp-testng-customsuite.xml"
[0m[37m[2025-11-24 23:50:48] [34m[WARN ][37m [32morg.testng.internal.Configuration [37m-[37m [32mDetected a static method [org.example.hrmOrange.common.BaseTest.beforeSuite()]. Static configuration methods can cause unexpected behavior.
[0m[37m[2025-11-24 23:50:48] [34m[WARN ][37m [32morg.testng.internal.Configuration [37m-[37m [32mDetected a static method [org.example.hrmOrange.common.BaseTest.afterSuite()]. Static configuration methods can cause unexpected behavior.
[0m[37m[2025-11-24 23:50:48] [34m[INFO ][37m [32morg.testng.internal.Utils [37m-[37m [32m[TestNG] Running:
  C:\Users\mytie\AppData\Local\JetBrains\IntelliJIdea2025.2\temp-testng-customsuite.xml

[0m[37m[2025-11-24 23:50:48] [34m[INFO ][37m [32morg.example.hrmOrange.allure.AllureReportUtils [37m-[37m [32mRemoved old report
[0m[37m[2025-11-24 23:50:51] [34m[INFO ][37m [32morg.example.hrmOrange.allure.LogUtils [37m-[37m [32mNavigate to URL: https://opensource-demo.orangehrmlive.com/web/index.php/auth/login
[0m[37m[2025-11-24 23:51:10] [34m[INFO ][37m [32morg.example.hrmOrange.allure.LogUtils [37m-[37m [32mNavigate to URL: https://opensource-demo.orangehrmlive.com/web/index.php/auth/login
[0m[37m[2025-11-24 23:51:10] [34m[INFO ][37m [32morg.example.hrmOrange.allure.LogUtils [37m-[37m [32mWait until visible: //input[@name='username']
[0m[37m[2025-11-24 23:51:12] [34m[INFO ][37m [32morg.example.hrmOrange.allure.LogUtils [37m-[37m [32mFill input //input[@name='username'] with: Admin
[0m[37m[2025-11-24 23:51:12] [34m[INFO ][37m [32morg.example.hrmOrange.allure.LogUtils [37m-[37m [32mFill input //input[@name='password'] with: admin123
[0m[37m[2025-11-24 23:51:12] [34m[INFO ][37m [32morg.example.hrmOrange.allure.LogUtils [37m-[37m [32mClick element: //button[@type='submit']
[0m[37m[2025-11-24 23:51:14] [34m[INFO ][37m [32morg.example.hrmOrange.allure.LogUtils [37m-[37m [32mWait until visible: //h6[normalize-space()='Dashboard']
[0m[37m[2025-11-24 23:51:15] [34m[INFO ][37m [32morg.example.hrmOrange.allure.LogUtils [37m-[37m [32mVerify visible: //h6[normalize-space()='Dashboard'] → true
[0m[37m[2025-11-24 23:51:15] [34m[INFO ][37m [32morg.example.hrmOrange.allure.LogUtils [37m-[37m [32mClick element: //span[normalize-space()='Admin']
[0m[37m[2025-11-24 23:51:16] [34m[INFO ][37m [32morg.example.hrmOrange.allure.LogUtils [37m-[37m [32mWait until visible: //label[normalize-space()='Username']/parent::div/following-sibling::div//input
[0m[37m[2025-11-24 23:51:17] [34m[INFO ][37m [32morg.example.hrmOrange.allure.LogUtils [37m-[37m [32mClick element: //button[normalize-space()='Add']
[0m[37m[2025-11-24 23:51:19] [34m[INFO ][37m [32morg.example.hrmOrange.allure.LogUtils [37m-[37m [32mWait until visible: //h6[normalize-space()='Add User']
[0m[37m[2025-11-24 23:51:19] [34m[INFO ][37m [32morg.example.hrmOrange.allure.LogUtils [37m-[37m [32mFill input //label[normalize-space()='Username']/parent::div/following-sibling::div//input with: TestAdmin03
[0m[37m[2025-11-24 23:51:19] [34m[INFO ][37m [32morg.example.hrmOrange.allure.LogUtils [37m-[37m [32mClick element: //label[normalize-space()='User Role']/following::div[contains(@class,'oxd-select-text--after')][1]
[0m[37m[2025-11-24 23:51:19] [34m[INFO ][37m [32morg.example.hrmOrange.allure.LogUtils [37m-[37m [32mClick element: //div[@role='option']//span[normalize-space()='Admin']
[0m[37m[2025-11-24 23:51:19] [34m[INFO ][37m [32morg.example.hrmOrange.allure.LogUtils [37m-[37m [32mClick element: (//label[normalize-space()='Status']/parent::div/following-sibling::div//div[contains(@class,'oxd-select-text')])[1]
[0m[37m[2025-11-24 23:51:19] [34m[INFO ][37m [32morg.example.hrmOrange.allure.LogUtils [37m-[37m [32mWait until visible: //div[@role='listbox']
[0m[37m[2025-11-24 23:51:19] [34m[INFO ][37m [32morg.example.hrmOrange.allure.LogUtils [37m-[37m [32mClick element: //div[@role='listbox']//span[normalize-space()='Enabled']
[0m[37m[2025-11-24 23:51:19] [34m[INFO ][37m [32morg.example.hrmOrange.allure.LogUtils [37m-[37m [32mFill input //label[normalize-space()='Password']/parent::div/following-sibling::div//input with: admin123
[0m[37m[2025-11-24 23:51:19] [34m[INFO ][37m [32morg.example.hrmOrange.allure.LogUtils [37m-[37m [32mFill input //label[normalize-space()='Confirm Password']/parent::div/following-sibling::div//input with: admin123
[0m[37m[2025-11-24 23:51:19] [34m[INFO ][37m [32morg.example.hrmOrange.allure.LogUtils [37m-[37m [32mClick element: //button[contains(@class,'orangehrm-left-space') and @type='submit']

[0m[37m[2025-11-24 23:51:39] [34m[INFO ][37m [32morg.example.hrmOrange.allure.LogUtils [37m-[37m [32mWait until visible: //span[contains(@class, 'oxd-input-field-error-message') and text()='Invalid']
[0m[37m[2025-11-24 23:51:44] [34m[INFO ][37m [32morg.example.hrmOrange.allure.AllureReportUtils [37m-[37m [32mStarting Allure report generation...
[0m[37m[2025-11-24 23:51:44] [34m[INFO ][37m [32morg.example.hrmOrange.allure.AllureReportUtils [37m-[37m [32mRunning: mvn allure:report
[0m[37m[2025-11-24 23:51:49] [34m[INFO ][37m [32morg.example.hrmOrange.allure.AllureReportUtils [37m-[37m [32mLooking for Allure report at: C:\Users\mytie\IdeaProjects\Playwright_demo\target\site\allure-maven-plugin
[0m[37m[2025-11-24 23:51:49] [34m[WARN ][37m [32morg.example.hrmOrange.allure.AllureReportUtils [37m-[37m [32m⚠️ Allure report directory not found at: C:\Users\mytie\IdeaProjects\Playwright_demo\target\site\allure-maven-plugin
[0m[37m[2025-11-24 23:51:49] [34m[INFO ][37m [32morg.example.hrmOrange.allure.AllureReportUtils [37m-[37m [32mChecking alternative location: target/allure-report
[0m[37m[2025-11-24 23:51:49] [34m[INFO ][37m [32morg.example.hrmOrange.allure.AllureReportUtils [37m-[37m [32mFound report at alternative location: C:\Users\mytie\IdeaProjects\Playwright_demo\target\allure-report
[0m[37m[2025-11-24 23:51:49] [34m[INFO ][37m [32morg.example.hrmOrange.allure.AllureReportUtils [37m-[37m [32mCreated directory reports\2025-11-24\common_235149
[0m[37m[2025-11-24 23:51:49] [34m[INFO ][37m [32morg.example.hrmOrange.allure.AllureReportUtils [37m-[37m [32mCopying report from: C:\Users\mytie\IdeaProjects\Playwright_demo\target\allure-report
[0m[37m[2025-11-24 23:51:49] [34m[INFO ][37m [32morg.example.hrmOrange.allure.AllureReportUtils [37m-[37m [32mCopying report to: C:\Users\mytie\IdeaProjects\Playwright_demo\reports\2025-11-24\common_235149
[0m[37m[2025-11-24 23:51:49] [34m[INFO ][37m [32morg.example.hrmOrange.allure.AllureReportUtils [37m-[37m [32m✅ Report copied successfully!
[0m[37m[2025-11-24 23:51:49] [34m[INFO ][37m [32morg.example.hrmOrange.allure.AllureReportUtils [37m-[37m [32mIndex file created at: C:\Users\mytie\IdeaProjects\Playwright_demo\reports\2025-11-24\index.html
[0m[37m[2025-11-24 23:51:49] [34m[INFO ][37m [32morg.example.hrmOrange.allure.AllureReportUtils [37m-[37m [32mRemoved old 'latest' report folder
[0m[37m[2025-11-24 23:51:49] [34m[INFO ][37m [32morg.example.hrmOrange.allure.AllureReportUtils [37m-[37m [32mCreated directory reports\latest
[0m[37m[2025-11-24 23:51:49] [34m[INFO ][37m [32morg.example.hrmOrange.allure.AllureReportUtils [37m-[37m [32m✅ Report copied to 'latest' folder for GitHub tracking
[0m[37m[2025-11-24 23:51:49] [34m[INFO ][37m [32morg.example.hrmOrange.allure.AllureReportUtils [37m-[37m [32mREADME.md created in 'latest' folder
[0m[37m[2025-11-24 23:51:49] [34m[INFO ][37m [32morg.example.hrmOrange.allure.AllureReportUtils [37m-[37m [32m✅ Allure Report generated successfully at: C:\Users\mytie\IdeaProjects\Playwright_demo\reports
[0m[37m[2025-11-24 23:59:06] [34m[DEBUG][37m [32morg.testng.TestNG [37m-[37m [32msuiteXmlPath: "C:\Users\mytie\AppData\Local\JetBrains\IntelliJIdea2025.2\temp-testng-customsuite.xml"
[0m[37m[2025-11-24 23:59:06] [34m[WARN ][37m [32morg.testng.internal.Configuration [37m-[37m [32mDetected a static method [org.example.hrmOrange.common.BaseTest.beforeSuite()]. Static configuration methods can cause unexpected behavior.
[0m[37m[2025-11-24 23:59:06] [34m[WARN ][37m [32morg.testng.internal.Configuration [37m-[37m [32mDetected a static method [org.example.hrmOrange.common.BaseTest.afterSuite()]. Static configuration methods can cause unexpected behavior.
[0m[37m[2025-11-24 23:59:06] [34m[INFO ][37m [32morg.testng.internal.Utils [37m-[37m [32m[TestNG] Running:
  C:\Users\mytie\AppData\Local\JetBrains\IntelliJIdea2025.2\temp-testng-customsuite.xml

[0m[37m[2025-11-24 23:59:06] [34m[INFO ][37m [32morg.example.hrmOrange.allure.AllureReportUtils [37m-[37m [32mRemoved old report
[0m[37m[2025-11-24 23:59:09] [34m[INFO ][37m [32morg.example.hrmOrange.allure.LogUtils [37m-[37m [32mNavigate to URL: https://opensource-demo.orangehrmlive.com/web/index.php/auth/login
[0m[37m[2025-11-24 23:59:19] [34m[INFO ][37m [32morg.example.hrmOrange.allure.LogUtils [37m-[37m [32mNavigate to URL: https://opensource-demo.orangehrmlive.com/web/index.php/auth/login
[0m[37m[2025-11-24 23:59:20] [34m[INFO ][37m [32morg.example.hrmOrange.allure.LogUtils [37m-[37m [32mWait until visible: //input[@name='username']
[0m[37m[2025-11-24 23:59:25] [34m[INFO ][37m [32morg.example.hrmOrange.allure.LogUtils [37m-[37m [32mFill input //input[@name='username'] with: Admin
[0m[37m[2025-11-24 23:59:25] [34m[INFO ][37m [32morg.example.hrmOrange.allure.LogUtils [37m-[37m [32mFill input //input[@name='password'] with: admin123
[0m[37m[2025-11-24 23:59:25] [34m[INFO ][37m [32morg.example.hrmOrange.allure.LogUtils [37m-[37m [32mClick element: //button[@type='submit']
[0m[37m[2025-11-24 23:59:26] [34m[INFO ][37m [32morg.example.hrmOrange.allure.LogUtils [37m-[37m [32mWait until visible: //h6[normalize-space()='Dashboard']
[0m[37m[2025-11-24 23:59:27] [34m[INFO ][37m [32morg.example.hrmOrange.allure.LogUtils [37m-[37m [32mVerify visible: //h6[normalize-space()='Dashboard'] → true
[0m[37m[2025-11-24 23:59:27] [34m[INFO ][37m [32morg.example.hrmOrange.allure.LogUtils [37m-[37m [32mClick element: //span[normalize-space()='Admin']
[0m[37m[2025-11-24 23:59:28] [34m[INFO ][37m [32morg.example.hrmOrange.allure.LogUtils [37m-[37m [32mWait until visible: //label[normalize-space()='Username']/parent::div/following-sibling::div//input
[0m[37m[2025-11-24 23:59:28] [34m[INFO ][37m [32morg.example.hrmOrange.allure.LogUtils [37m-[37m [32mClick element: //button[normalize-space()='Add']
[0m[37m[2025-11-24 23:59:30] [34m[INFO ][37m [32morg.example.hrmOrange.allure.LogUtils [37m-[37m [32mWait until visible: //h6[normalize-space()='Add User']
[0m[37m[2025-11-24 23:59:30] [34m[INFO ][37m [32morg.example.hrmOrange.allure.LogUtils [37m-[37m [32mFill input //label[normalize-space()='Username']/parent::div/following-sibling::div//input with: TestAdmin03
[0m[37m[2025-11-24 23:59:30] [34m[INFO ][37m [32morg.example.hrmOrange.allure.LogUtils [37m-[37m [32mClick element: //label[normalize-space()='User Role']/following::div[contains(@class,'oxd-select-text--after')][1]
[0m[37m[2025-11-24 23:59:30] [34m[INFO ][37m [32morg.example.hrmOrange.allure.LogUtils [37m-[37m [32mClick element: //div[@role='option']//span[normalize-space()='Admin']
[0m[37m[2025-11-24 23:59:30] [34m[INFO ][37m [32morg.example.hrmOrange.allure.LogUtils [37m-[37m [32mClick element: (//label[normalize-space()='Status']/parent::div/following-sibling::div//div[contains(@class,'oxd-select-text')])[1]
[0m[37m[2025-11-24 23:59:30] [34m[INFO ][37m [32morg.example.hrmOrange.allure.LogUtils [37m-[37m [32mWait until visible: //div[@role='listbox']
[0m[37m[2025-11-24 23:59:30] [34m[INFO ][37m [32morg.example.hrmOrange.allure.LogUtils [37m-[37m [32mClick element: //div[@role='listbox']//span[normalize-space()='Enabled']
[0m[37m[2025-11-24 23:59:30] [34m[INFO ][37m [32morg.example.hrmOrange.allure.LogUtils [37m-[37m [32mFill input //label[normalize-space()='Password']/parent::div/following-sibling::div//input with: admin123
[0m[37m[2025-11-24 23:59:30] [34m[INFO ][37m [32morg.example.hrmOrange.allure.LogUtils [37m-[37m [32mFill input //label[normalize-space()='Confirm Password']/parent::div/following-sibling::div//input with: admin123
[0m[37m[2025-11-24 23:59:30] [34m[INFO ][37m [32morg.example.hrmOrange.allure.LogUtils [37m-[37m [32mClick element: //button[contains(@class,'orangehrm-left-space') and @type='submit']

[0m[37m[2025-11-24 23:59:50] [34m[INFO ][37m [32morg.example.hrmOrange.allure.LogUtils [37m-[37m [32mWait until visible: //span[contains(@class, 'oxd-input-field-error-message') and text()='Required']
[0m[37m[2025-11-24 23:59:50] [34m[INFO ][37m [32morg.example.hrmOrange.allure.LogUtils [37m-[37m [32mVerify visible: //span[contains(@class, 'oxd-input-field-error-message') and text()='Required'] → true
[0m[37m[2025-11-24 23:59:50] [34m[INFO ][37m [32morg.example.hrmOrange.allure.AllureReportUtils [37m-[37m [32mStarting Allure report generation...
[0m[37m[2025-11-24 23:59:50] [34m[INFO ][37m [32morg.example.hrmOrange.allure.AllureReportUtils [37m-[37m [32mRunning: mvn allure:report
[0m[37m[2025-11-24 23:59:56] [34m[INFO ][37m [32morg.example.hrmOrange.allure.AllureReportUtils [37m-[37m [32mLooking for Allure report at: C:\Users\mytie\IdeaProjects\Playwright_demo\target\site\allure-maven-plugin
[0m[37m[2025-11-24 23:59:56] [34m[WARN ][37m [32morg.example.hrmOrange.allure.AllureReportUtils [37m-[37m [32m⚠️ Allure report directory not found at: C:\Users\mytie\IdeaProjects\Playwright_demo\target\site\allure-maven-plugin
[0m[37m[2025-11-24 23:59:56] [34m[INFO ][37m [32morg.example.hrmOrange.allure.AllureReportUtils [37m-[37m [32mChecking alternative location: target/allure-report
[0m[37m[2025-11-24 23:59:56] [34m[INFO ][37m [32morg.example.hrmOrange.allure.AllureReportUtils [37m-[37m [32mFound report at alternative location: C:\Users\mytie\IdeaProjects\Playwright_demo\target\allure-report
[0m[37m[2025-11-24 23:59:56] [34m[INFO ][37m [32morg.example.hrmOrange.allure.AllureReportUtils [37m-[37m [32mCreated directory reports\2025-11-24\common_235956
[0m[37m[2025-11-24 23:59:56] [34m[INFO ][37m [32morg.example.hrmOrange.allure.AllureReportUtils [37m-[37m [32mCopying report from: C:\Users\mytie\IdeaProjects\Playwright_demo\target\allure-report
[0m[37m[2025-11-24 23:59:56] [34m[INFO ][37m [32morg.example.hrmOrange.allure.AllureReportUtils [37m-[37m [32mCopying report to: C:\Users\mytie\IdeaProjects\Playwright_demo\reports\2025-11-24\common_235956
[0m[37m[2025-11-24 23:59:56] [34m[INFO ][37m [32morg.example.hrmOrange.allure.AllureReportUtils [37m-[37m [32m✅ Report copied successfully!
[0m[37m[2025-11-24 23:59:56] [34m[INFO ][37m [32morg.example.hrmOrange.allure.AllureReportUtils [37m-[37m [32mIndex file created at: C:\Users\mytie\IdeaProjects\Playwright_demo\reports\2025-11-24\index.html
[0m[37m[2025-11-24 23:59:57] [34m[INFO ][37m [32morg.example.hrmOrange.allure.AllureReportUtils [37m-[37m [32mRemoved old 'latest' report folder
[0m[37m[2025-11-24 23:59:57] [34m[INFO ][37m [32morg.example.hrmOrange.allure.AllureReportUtils [37m-[37m [32mCreated directory reports\latest
[0m[37m[2025-11-24 23:59:57] [34m[INFO ][37m [32morg.example.hrmOrange.allure.AllureReportUtils [37m-[37m [32m✅ Report copied to 'latest' folder for GitHub tracking
[0m[37m[2025-11-24 23:59:57] [34m[INFO ][37m [32morg.example.hrmOrange.allure.AllureReportUtils [37m-[37m [32mREADME.md created in 'latest' folder
[0m[37m[2025-11-24 23:59:57] [34m[INFO ][37m [32morg.example.hrmOrange.allure.AllureReportUtils [37m-[37m [32m✅ Allure Report generated successfully at: C:\Users\mytie\IdeaProjects\Playwright_demo\reports
[0m[37m[2025-11-25 00:03:17] [34m[DEBUG][37m [32morg.testng.TestNG [37m-[37m [32msuiteXmlPath: "C:\Users\mytie\AppData\Local\JetBrains\IntelliJIdea2025.2\temp-testng-customsuite.xml"
[0m[37m[2025-11-25 00:03:17] [34m[WARN ][37m [32morg.testng.internal.Configuration [37m-[37m [32mDetected a static method [org.example.hrmOrange.common.BaseTest.beforeSuite()]. Static configuration methods can cause unexpected behavior.
[0m[37m[2025-11-25 00:03:17] [34m[WARN ][37m [32morg.testng.internal.Configuration [37m-[37m [32mDetected a static method [org.example.hrmOrange.common.BaseTest.afterSuite()]. Static configuration methods can cause unexpected behavior.
[0m[37m[2025-11-25 00:03:17] [34m[INFO ][37m [32morg.testng.internal.Utils [37m-[37m [32m[TestNG] Running:
  C:\Users\mytie\AppData\Local\JetBrains\IntelliJIdea2025.2\temp-testng-customsuite.xml

[0m[37m[2025-11-25 00:03:17] [34m[INFO ][37m [32morg.example.hrmOrange.allure.AllureReportUtils [37m-[37m [32mRemoved old report
[0m[37m[2025-11-25 00:03:20] [34m[INFO ][37m [32morg.example.hrmOrange.allure.LogUtils [37m-[37m [32mNavigate to URL: https://opensource-demo.orangehrmlive.com/web/index.php/auth/login
[0m[37m[2025-11-25 00:03:24] [34m[INFO ][37m [32morg.example.hrmOrange.allure.LogUtils [37m-[37m [32mNavigate to URL: https://opensource-demo.orangehrmlive.com/web/index.php/auth/login
[0m[37m[2025-11-25 00:03:25] [34m[INFO ][37m [32morg.example.hrmOrange.allure.LogUtils [37m-[37m [32mWait until visible: //input[@name='username']
[0m[37m[2025-11-25 00:03:25] [34m[INFO ][37m [32morg.example.hrmOrange.allure.LogUtils [37m-[37m [32mFill input //input[@name='username'] with: Admin
[0m[37m[2025-11-25 00:03:25] [34m[INFO ][37m [32morg.example.hrmOrange.allure.LogUtils [37m-[37m [32mFill input //input[@name='password'] with: admin123
[0m[37m[2025-11-25 00:03:26] [34m[INFO ][37m [32morg.example.hrmOrange.allure.LogUtils [37m-[37m [32mClick element: //button[@type='submit']
[0m[37m[2025-11-25 00:03:27] [34m[INFO ][37m [32morg.example.hrmOrange.allure.LogUtils [37m-[37m [32mWait until visible: //h6[normalize-space()='Dashboard']
[0m[37m[2025-11-25 00:03:28] [34m[INFO ][37m [32morg.example.hrmOrange.allure.LogUtils [37m-[37m [32mVerify visible: //h6[normalize-space()='Dashboard'] → true
[0m[37m[2025-11-25 00:03:28] [34m[INFO ][37m [32morg.example.hrmOrange.allure.LogUtils [37m-[37m [32mClick element: //span[normalize-space()='Admin']
[0m[37m[2025-11-25 00:03:28] [34m[INFO ][37m [32morg.example.hrmOrange.allure.LogUtils [37m-[37m [32mWait until visible: //label[normalize-space()='Username']/parent::div/following-sibling::div//input
[0m[37m[2025-11-25 00:03:29] [34m[INFO ][37m [32morg.example.hrmOrange.allure.LogUtils [37m-[37m [32mClick element: //button[normalize-space()='Add']
[0m[37m[2025-11-25 00:03:31] [34m[INFO ][37m [32morg.example.hrmOrange.allure.LogUtils [37m-[37m [32mWait until visible: //h6[normalize-space()='Add User']
[0m[37m[2025-11-25 00:03:31] [34m[INFO ][37m [32morg.example.hrmOrange.allure.LogUtils [37m-[37m [32mClick element: //input[@placeholder='Type for hints...']
[0m[37m[2025-11-25 00:03:31] [34m[INFO ][37m [32morg.example.hrmOrange.allure.LogUtils [37m-[37m [32mFill input //input[@placeholder='Type for hints...'] with: 
[0m[37m[2025-11-25 00:03:31] [34m[INFO ][37m [32morg.example.hrmOrange.allure.LogUtils [37m-[37m [32mType text into //input[@placeholder='Type for hints...']: Akh
[0m[37m[2025-11-25 00:03:34] [34m[INFO ][37m [32morg.example.hrmOrange.allure.LogUtils [37m-[37m [32mWait until visible: //div[@role='listbox']
[0m[37m[2025-11-25 00:03:34] [34m[INFO ][37m [32morg.example.hrmOrange.allure.LogUtils [37m-[37m [32mClick element: //div[@role='listbox']//div[@role='option'][1]
[0m[37m[2025-11-25 00:03:34] [34m[INFO ][37m [32morg.example.hrmOrange.allure.LogUtils [37m-[37m [32mClick element: //label[normalize-space()='User Role']/following::div[contains(@class,'oxd-select-text--after')][1]
[0m[37m[2025-11-25 00:03:34] [34m[INFO ][37m [32morg.example.hrmOrange.allure.LogUtils [37m-[37m [32mClick element: //div[@role='option']//span[normalize-space()='Admin']
[0m[37m[2025-11-25 00:03:34] [34m[INFO ][37m [32morg.example.hrmOrange.allure.LogUtils [37m-[37m [32mClick element: (//label[normalize-space()='Status']/parent::div/following-sibling::div//div[contains(@class,'oxd-select-text')])[1]
[0m[37m[2025-11-25 00:03:34] [34m[INFO ][37m [32morg.example.hrmOrange.allure.LogUtils [37m-[37m [32mWait until visible: //div[@role='listbox']
[0m[37m[2025-11-25 00:03:34] [34m[INFO ][37m [32morg.example.hrmOrange.allure.LogUtils [37m-[37m [32mClick element: //div[@role='listbox']//span[normalize-space()='Enabled']
[0m[37m[2025-11-25 00:03:35] [34m[INFO ][37m [32morg.example.hrmOrange.allure.LogUtils [37m-[37m [32mFill input //label[normalize-space()='Password']/parent::div/following-sibling::div//input with: admin123
[0m[37m[2025-11-25 00:03:35] [34m[INFO ][37m [32morg.example.hrmOrange.allure.LogUtils [37m-[37m [32mFill input //label[normalize-space()='Confirm Password']/parent::div/following-sibling::div//input with: admin123
[0m[37m[2025-11-25 00:03:35] [34m[INFO ][37m [32morg.example.hrmOrange.allure.LogUtils [37m-[37m [32mClick element: //button[contains(@class,'orangehrm-left-space') and @type='submit']

[0m[37m[2025-11-25 00:03:55] [34m[INFO ][37m [32morg.example.hrmOrange.allure.LogUtils [37m-[37m [32mWait until visible: //span[contains(@class, 'oxd-input-field-error-message') and text()='Required']
[0m[37m[2025-11-25 00:03:55] [34m[INFO ][37m [32morg.example.hrmOrange.allure.LogUtils [37m-[37m [32mVerify visible: //span[contains(@class, 'oxd-input-field-error-message') and text()='Required'] → true
[0m[37m[2025-11-25 00:03:55] [34m[INFO ][37m [32morg.example.hrmOrange.allure.AllureReportUtils [37m-[37m [32mStarting Allure report generation...
[0m[37m[2025-11-25 00:03:55] [34m[INFO ][37m [32morg.example.hrmOrange.allure.AllureReportUtils [37m-[37m [32mRunning: mvn allure:report
[0m[37m[2025-11-25 00:04:04] [34m[INFO ][37m [32morg.example.hrmOrange.allure.AllureReportUtils [37m-[37m [32mLooking for Allure report at: C:\Users\mytie\IdeaProjects\Playwright_demo\target\site\allure-maven-plugin
[0m[37m[2025-11-25 00:04:04] [34m[WARN ][37m [32morg.example.hrmOrange.allure.AllureReportUtils [37m-[37m [32m⚠️ Allure report directory not found at: C:\Users\mytie\IdeaProjects\Playwright_demo\target\site\allure-maven-plugin
[0m[37m[2025-11-25 00:04:04] [34m[INFO ][37m [32morg.example.hrmOrange.allure.AllureReportUtils [37m-[37m [32mChecking alternative location: target/allure-report
[0m[37m[2025-11-25 00:04:04] [34m[INFO ][37m [32morg.example.hrmOrange.allure.AllureReportUtils [37m-[37m [32mFound report at alternative location: C:\Users\mytie\IdeaProjects\Playwright_demo\target\allure-report
[0m[37m[2025-11-25 00:04:04] [34m[INFO ][37m [32morg.example.hrmOrange.allure.AllureReportUtils [37m-[37m [32mCreated directory reports\2025-11-25\common_000404
[0m[37m[2025-11-25 00:04:04] [34m[INFO ][37m [32morg.example.hrmOrange.allure.AllureReportUtils [37m-[37m [32mCopying report from: C:\Users\mytie\IdeaProjects\Playwright_demo\target\allure-report
[0m[37m[2025-11-25 00:04:04] [34m[INFO ][37m [32morg.example.hrmOrange.allure.AllureReportUtils [37m-[37m [32mCopying report to: C:\Users\mytie\IdeaProjects\Playwright_demo\reports\2025-11-25\common_000404
[0m[37m[2025-11-25 00:04:04] [34m[INFO ][37m [32morg.example.hrmOrange.allure.AllureReportUtils [37m-[37m [32m✅ Report copied successfully!
[0m[37m[2025-11-25 00:04:04] [34m[INFO ][37m [32morg.example.hrmOrange.allure.AllureReportUtils [37m-[37m [32mIndex file created at: C:\Users\mytie\IdeaProjects\Playwright_demo\reports\2025-11-25\index.html
[0m[37m[2025-11-25 00:04:04] [34m[INFO ][37m [32morg.example.hrmOrange.allure.AllureReportUtils [37m-[37m [32mRemoved old 'latest' report folder
[0m[37m[2025-11-25 00:04:04] [34m[INFO ][37m [32morg.example.hrmOrange.allure.AllureReportUtils [37m-[37m [32mCreated directory reports\latest
[0m[37m[2025-11-25 00:04:04] [34m[INFO ][37m [32morg.example.hrmOrange.allure.AllureReportUtils [37m-[37m [32m✅ Report copied to 'latest' folder for GitHub tracking
[0m[37m[2025-11-25 00:04:04] [34m[INFO ][37m [32morg.example.hrmOrange.allure.AllureReportUtils [37m-[37m [32mREADME.md created in 'latest' folder
[0m[37m[2025-11-25 00:04:04] [34m[INFO ][37m [32morg.example.hrmOrange.allure.AllureReportUtils [37m-[37m [32m✅ Allure Report generated successfully at: C:\Users\mytie\IdeaProjects\Playwright_demo\reports
[0m[37m[2025-11-25 00:13:57] [34m[DEBUG][37m [32morg.testng.TestNG [37m-[37m [32msuiteXmlPath: "C:\Users\mytie\AppData\Local\JetBrains\IntelliJIdea2025.2\temp-testng-customsuite.xml"
[0m[37m[2025-11-25 00:13:57] [34m[WARN ][37m [32morg.testng.internal.Configuration [37m-[37m [32mDetected a static method [org.example.hrmOrange.common.BaseTest.beforeSuite()]. Static configuration methods can cause unexpected behavior.
[0m[37m[2025-11-25 00:13:57] [34m[WARN ][37m [32morg.testng.internal.Configuration [37m-[37m [32mDetected a static method [org.example.hrmOrange.common.BaseTest.afterSuite()]. Static configuration methods can cause unexpected behavior.
[0m[37m[2025-11-25 00:13:57] [34m[INFO ][37m [32morg.testng.internal.Utils [37m-[37m [32m[TestNG] Running:
  C:\Users\mytie\AppData\Local\JetBrains\IntelliJIdea2025.2\temp-testng-customsuite.xml

[0m[37m[2025-11-25 00:13:57] [34m[INFO ][37m [32morg.example.hrmOrange.allure.AllureReportUtils [37m-[37m [32mRemoved old report
[0m[37m[2025-11-25 00:14:00] [34m[INFO ][37m [32morg.example.hrmOrange.allure.LogUtils [37m-[37m [32mNavigate to URL: https://opensource-demo.orangehrmlive.com/web/index.php/auth/login
[0m[37m[2025-11-25 00:14:04] [34m[INFO ][37m [32morg.example.hrmOrange.allure.LogUtils [37m-[37m [32mNavigate to URL: https://opensource-demo.orangehrmlive.com/web/index.php/auth/login
[0m[37m[2025-11-25 00:14:04] [34m[INFO ][37m [32morg.example.hrmOrange.allure.LogUtils [37m-[37m [32mWait until visible: //input[@name='username']
[0m[37m[2025-11-25 00:14:05] [34m[INFO ][37m [32morg.example.hrmOrange.allure.LogUtils [37m-[37m [32mFill input //input[@name='username'] with: Admin
[0m[37m[2025-11-25 00:14:05] [34m[INFO ][37m [32morg.example.hrmOrange.allure.LogUtils [37m-[37m [32mFill input //input[@name='password'] with: admin123
[0m[37m[2025-11-25 00:14:05] [34m[INFO ][37m [32morg.example.hrmOrange.allure.LogUtils [37m-[37m [32mClick element: //button[@type='submit']
[0m[37m[2025-11-25 00:14:06] [34m[INFO ][37m [32morg.example.hrmOrange.allure.LogUtils [37m-[37m [32mWait until visible: //h6[normalize-space()='Dashboard']
[0m[37m[2025-11-25 00:14:07] [34m[INFO ][37m [32morg.example.hrmOrange.allure.LogUtils [37m-[37m [32mVerify visible: //h6[normalize-space()='Dashboard'] → true
[0m[37m[2025-11-25 00:14:07] [34m[INFO ][37m [32morg.example.hrmOrange.allure.LogUtils [37m-[37m [32mClick element: //span[normalize-space()='Admin']
[0m[37m[2025-11-25 00:14:08] [34m[INFO ][37m [32morg.example.hrmOrange.allure.LogUtils [37m-[37m [32mWait until visible: //label[normalize-space()='Username']/parent::div/following-sibling::div//input
[0m[37m[2025-11-25 00:14:09] [34m[INFO ][37m [32morg.example.hrmOrange.allure.LogUtils [37m-[37m [32mClick element: //button[normalize-space()='Add']
[0m[37m[2025-11-25 00:14:11] [34m[INFO ][37m [32morg.example.hrmOrange.allure.LogUtils [37m-[37m [32mWait until visible: //h6[normalize-space()='Add User']
[0m[37m[2025-11-25 00:14:11] [34m[INFO ][37m [32morg.example.hrmOrange.allure.LogUtils [37m-[37m [32mClick element: //input[@placeholder='Type for hints...']
[0m[37m[2025-11-25 00:14:11] [34m[INFO ][37m [32morg.example.hrmOrange.allure.LogUtils [37m-[37m [32mFill input //input[@placeholder='Type for hints...'] with: 
[0m[37m[2025-11-25 00:14:11] [34m[INFO ][37m [32morg.example.hrmOrange.allure.LogUtils [37m-[37m [32mType text into //input[@placeholder='Type for hints...']: Akh
[0m[37m[2025-11-25 00:14:13] [34m[INFO ][37m [32morg.example.hrmOrange.allure.LogUtils [37m-[37m [32mWait until visible: //div[@role='listbox']
[0m[37m[2025-11-25 00:14:13] [34m[INFO ][37m [32morg.example.hrmOrange.allure.LogUtils [37m-[37m [32mClick element: //div[@role='listbox']//div[@role='option'][1]
[0m[37m[2025-11-25 00:14:14] [34m[INFO ][37m [32morg.example.hrmOrange.allure.LogUtils [37m-[37m [32mFill input //label[normalize-space()='Username']/parent::div/following-sibling::div//input with: TestAdmin05
[0m[37m[2025-11-25 00:14:14] [34m[INFO ][37m [32morg.example.hrmOrange.allure.LogUtils [37m-[37m [32mClick element: (//label[normalize-space()='Status']/parent::div/following-sibling::div//div[contains(@class,'oxd-select-text')])[1]
[0m[37m[2025-11-25 00:14:14] [34m[INFO ][37m [32morg.example.hrmOrange.allure.LogUtils [37m-[37m [32mWait until visible: //div[@role='listbox']
[0m[37m[2025-11-25 00:14:14] [34m[INFO ][37m [32morg.example.hrmOrange.allure.LogUtils [37m-[37m [32mClick element: //div[@role='listbox']//span[normalize-space()='Enabled']
[0m[37m[2025-11-25 00:14:14] [34m[INFO ][37m [32morg.example.hrmOrange.allure.LogUtils [37m-[37m [32mFill input //label[normalize-space()='Password']/parent::div/following-sibling::div//input with: admin123
[0m[37m[2025-11-25 00:14:14] [34m[INFO ][37m [32morg.example.hrmOrange.allure.LogUtils [37m-[37m [32mFill input //label[normalize-space()='Confirm Password']/parent::div/following-sibling::div//input with: admin123
[0m[37m[2025-11-25 00:14:14] [34m[INFO ][37m [32morg.example.hrmOrange.allure.LogUtils [37m-[37m [32mClick element: //button[contains(@class,'orangehrm-left-space') and @type='submit']

[0m[37m[2025-11-25 00:14:34] [34m[INFO ][37m [32morg.example.hrmOrange.allure.LogUtils [37m-[37m [32mWait until visible: //span[contains(@class, 'oxd-input-field-error-message') and text()='Required']
[0m[37m[2025-11-25 00:14:34] [34m[INFO ][37m [32morg.example.hrmOrange.allure.LogUtils [37m-[37m [32mVerify visible: //span[contains(@class, 'oxd-input-field-error-message') and text()='Required'] → true
[0m[37m[2025-11-25 00:14:34] [34m[INFO ][37m [32morg.example.hrmOrange.allure.AllureReportUtils [37m-[37m [32mStarting Allure report generation...
[0m[37m[2025-11-25 00:14:34] [34m[INFO ][37m [32morg.example.hrmOrange.allure.AllureReportUtils [37m-[37m [32mRunning: mvn allure:report
[0m[37m[2025-11-25 00:14:39] [34m[INFO ][37m [32morg.example.hrmOrange.allure.AllureReportUtils [37m-[37m [32mLooking for Allure report at: C:\Users\mytie\IdeaProjects\Playwright_demo\target\site\allure-maven-plugin
[0m[37m[2025-11-25 00:14:39] [34m[WARN ][37m [32morg.example.hrmOrange.allure.AllureReportUtils [37m-[37m [32m⚠️ Allure report directory not found at: C:\Users\mytie\IdeaProjects\Playwright_demo\target\site\allure-maven-plugin
[0m[37m[2025-11-25 00:14:39] [34m[INFO ][37m [32morg.example.hrmOrange.allure.AllureReportUtils [37m-[37m [32mChecking alternative location: target/allure-report
[0m[37m[2025-11-25 00:14:39] [34m[INFO ][37m [32morg.example.hrmOrange.allure.AllureReportUtils [37m-[37m [32mFound report at alternative location: C:\Users\mytie\IdeaProjects\Playwright_demo\target\allure-report
[0m[37m[2025-11-25 00:14:39] [34m[INFO ][37m [32morg.example.hrmOrange.allure.AllureReportUtils [37m-[37m [32mCreated directory reports\2025-11-25\common_001439
[0m[37m[2025-11-25 00:14:39] [34m[INFO ][37m [32morg.example.hrmOrange.allure.AllureReportUtils [37m-[37m [32mCopying report from: C:\Users\mytie\IdeaProjects\Playwright_demo\target\allure-report
[0m[37m[2025-11-25 00:14:39] [34m[INFO ][37m [32morg.example.hrmOrange.allure.AllureReportUtils [37m-[37m [32mCopying report to: C:\Users\mytie\IdeaProjects\Playwright_demo\reports\2025-11-25\common_001439
[0m[37m[2025-11-25 00:14:39] [34m[INFO ][37m [32morg.example.hrmOrange.allure.AllureReportUtils [37m-[37m [32m✅ Report copied successfully!
[0m[37m[2025-11-25 00:14:39] [34m[INFO ][37m [32morg.example.hrmOrange.allure.AllureReportUtils [37m-[37m [32mIndex file created at: C:\Users\mytie\IdeaProjects\Playwright_demo\reports\2025-11-25\index.html
[0m[37m[2025-11-25 00:14:39] [34m[INFO ][37m [32morg.example.hrmOrange.allure.AllureReportUtils [37m-[37m [32mRemoved old 'latest' report folder
[0m[37m[2025-11-25 00:14:39] [34m[INFO ][37m [32morg.example.hrmOrange.allure.AllureReportUtils [37m-[37m [32mCreated directory reports\latest
[0m[37m[2025-11-25 00:14:39] [34m[INFO ][37m [32morg.example.hrmOrange.allure.AllureReportUtils [37m-[37m [32m✅ Report copied to 'latest' folder for GitHub tracking
[0m[37m[2025-11-25 00:14:39] [34m[INFO ][37m [32morg.example.hrmOrange.allure.AllureReportUtils [37m-[37m [32mREADME.md created in 'latest' folder
[0m[37m[2025-11-25 00:14:39] [34m[INFO ][37m [32morg.example.hrmOrange.allure.AllureReportUtils [37m-[37m [32m✅ Allure Report generated successfully at: C:\Users\mytie\IdeaProjects\Playwright_demo\reports
[0m[37m[2025-11-25 00:17:47] [34m[DEBUG][37m [32morg.testng.TestNG [37m-[37m [32msuiteXmlPath: "C:\Users\mytie\AppData\Local\JetBrains\IntelliJIdea2025.2\temp-testng-customsuite.xml"
[0m[37m[2025-11-25 00:17:48] [34m[WARN ][37m [32morg.testng.internal.Configuration [37m-[37m [32mDetected a static method [org.example.hrmOrange.common.BaseTest.beforeSuite()]. Static configuration methods can cause unexpected behavior.
[0m[37m[2025-11-25 00:17:48] [34m[WARN ][37m [32morg.testng.internal.Configuration [37m-[37m [32mDetected a static method [org.example.hrmOrange.common.BaseTest.afterSuite()]. Static configuration methods can cause unexpected behavior.
[0m[37m[2025-11-25 00:17:48] [34m[INFO ][37m [32morg.testng.internal.Utils [37m-[37m [32m[TestNG] Running:
  C:\Users\mytie\AppData\Local\JetBrains\IntelliJIdea2025.2\temp-testng-customsuite.xml

[0m[37m[2025-11-25 00:17:48] [34m[INFO ][37m [32morg.example.hrmOrange.allure.AllureReportUtils [37m-[37m [32mRemoved old report
[0m[37m[2025-11-25 00:17:50] [34m[INFO ][37m [32morg.example.hrmOrange.allure.LogUtils [37m-[37m [32mNavigate to URL: https://opensource-demo.orangehrmlive.com/web/index.php/auth/login
[0m[37m[2025-11-25 00:17:59] [34m[INFO ][37m [32morg.example.hrmOrange.allure.LogUtils [37m-[37m [32mNavigate to URL: https://opensource-demo.orangehrmlive.com/web/index.php/auth/login
[0m[37m[2025-11-25 00:17:59] [34m[INFO ][37m [32morg.example.hrmOrange.allure.LogUtils [37m-[37m [32mWait until visible: //input[@name='username']
[0m[37m[2025-11-25 00:18:00] [34m[INFO ][37m [32morg.example.hrmOrange.allure.LogUtils [37m-[37m [32mFill input //input[@name='username'] with: Admin
[0m[37m[2025-11-25 00:18:00] [34m[INFO ][37m [32morg.example.hrmOrange.allure.LogUtils [37m-[37m [32mFill input //input[@name='password'] with: admin123
[0m[37m[2025-11-25 00:18:00] [34m[INFO ][37m [32morg.example.hrmOrange.allure.LogUtils [37m-[37m [32mClick element: //button[@type='submit']
[0m[37m[2025-11-25 00:18:02] [34m[INFO ][37m [32morg.example.hrmOrange.allure.LogUtils [37m-[37m [32mWait until visible: //h6[normalize-space()='Dashboard']
[0m[37m[2025-11-25 00:18:03] [34m[INFO ][37m [32morg.example.hrmOrange.allure.LogUtils [37m-[37m [32mVerify visible: //h6[normalize-space()='Dashboard'] → true
[0m[37m[2025-11-25 00:18:03] [34m[INFO ][37m [32morg.example.hrmOrange.allure.LogUtils [37m-[37m [32mClick element: //span[normalize-space()='Admin']
[0m[37m[2025-11-25 00:18:04] [34m[INFO ][37m [32morg.example.hrmOrange.allure.LogUtils [37m-[37m [32mWait until visible: //label[normalize-space()='Username']/parent::div/following-sibling::div//input
[0m[37m[2025-11-25 00:18:05] [34m[INFO ][37m [32morg.example.hrmOrange.allure.LogUtils [37m-[37m [32mClick element: //button[normalize-space()='Add']
[0m[37m[2025-11-25 00:18:07] [34m[INFO ][37m [32morg.example.hrmOrange.allure.LogUtils [37m-[37m [32mWait until visible: //h6[normalize-space()='Add User']
[0m[37m[2025-11-25 00:18:07] [34m[INFO ][37m [32morg.example.hrmOrange.allure.LogUtils [37m-[37m [32mClick element: //input[@placeholder='Type for hints...']
[0m[37m[2025-11-25 00:18:07] [34m[INFO ][37m [32morg.example.hrmOrange.allure.LogUtils [37m-[37m [32mFill input //input[@placeholder='Type for hints...'] with: 
[0m[37m[2025-11-25 00:18:07] [34m[INFO ][37m [32morg.example.hrmOrange.allure.LogUtils [37m-[37m [32mType text into //input[@placeholder='Type for hints...']: Akh
[0m[37m[2025-11-25 00:18:09] [34m[INFO ][37m [32morg.example.hrmOrange.allure.LogUtils [37m-[37m [32mWait until visible: //div[@role='listbox']
[0m[37m[2025-11-25 00:18:09] [34m[INFO ][37m [32morg.example.hrmOrange.allure.LogUtils [37m-[37m [32mClick element: //div[@role='listbox']//div[@role='option'][1]
[0m[37m[2025-11-25 00:18:10] [34m[INFO ][37m [32morg.example.hrmOrange.allure.LogUtils [37m-[37m [32mFill input //label[normalize-space()='Username']/parent::div/following-sibling::div//input with: Test
[0m[37m[2025-11-25 00:18:10] [34m[INFO ][37m [32morg.example.hrmOrange.allure.LogUtils [37m-[37m [32mClick element: //label[normalize-space()='User Role']/following::div[contains(@class,'oxd-select-text--after')][1]
[0m[37m[2025-11-25 00:18:10] [34m[INFO ][37m [32morg.example.hrmOrange.allure.LogUtils [37m-[37m [32mClick element: //div[@role='option']//span[normalize-space()='Admin']
[0m[37m[2025-11-25 00:18:10] [34m[INFO ][37m [32morg.example.hrmOrange.allure.LogUtils [37m-[37m [32mClick element: (//label[normalize-space()='Status']/parent::div/following-sibling::div//div[contains(@class,'oxd-select-text')])[1]
[0m[37m[2025-11-25 00:18:10] [34m[INFO ][37m [32morg.example.hrmOrange.allure.LogUtils [37m-[37m [32mWait until visible: //div[@role='listbox']
[0m[37m[2025-11-25 00:18:10] [34m[INFO ][37m [32morg.example.hrmOrange.allure.LogUtils [37m-[37m [32mClick element: //div[@role='listbox']//span[normalize-space()='Enabled']
[0m[37m[2025-11-25 00:18:10] [34m[INFO ][37m [32morg.example.hrmOrange.allure.LogUtils [37m-[37m [32mFill input //label[normalize-space()='Password']/parent::div/following-sibling::div//input with: admin123
[0m[37m[2025-11-25 00:18:10] [34m[INFO ][37m [32morg.example.hrmOrange.allure.LogUtils [37m-[37m [32mFill input //label[normalize-space()='Confirm Password']/parent::div/following-sibling::div//input with: admin123
[0m[37m[2025-11-25 00:18:10] [34m[INFO ][37m [32morg.example.hrmOrange.allure.LogUtils [37m-[37m [32mClick element: //button[contains(@class,'orangehrm-left-space') and @type='submit']

[0m[37m[2025-11-25 00:18:30] [34m[INFO ][37m [32morg.example.hrmOrange.allure.LogUtils [37m-[37m [32mWait until visible: //span[contains(@class, 'oxd-input-field-error-message') and contains(text(), 'Should be at least 5 characters')]
[0m[37m[2025-11-25 00:18:35] [34m[INFO ][37m [32morg.example.hrmOrange.allure.AllureReportUtils [37m-[37m [32mStarting Allure report generation...
[0m[37m[2025-11-25 00:18:35] [34m[INFO ][37m [32morg.example.hrmOrange.allure.AllureReportUtils [37m-[37m [32mRunning: mvn allure:report
[0m[37m[2025-11-25 00:18:40] [34m[INFO ][37m [32morg.example.hrmOrange.allure.AllureReportUtils [37m-[37m [32mLooking for Allure report at: C:\Users\mytie\IdeaProjects\Playwright_demo\target\site\allure-maven-plugin
[0m[37m[2025-11-25 00:18:40] [34m[WARN ][37m [32morg.example.hrmOrange.allure.AllureReportUtils [37m-[37m [32m⚠️ Allure report directory not found at: C:\Users\mytie\IdeaProjects\Playwright_demo\target\site\allure-maven-plugin
[0m[37m[2025-11-25 00:18:40] [34m[INFO ][37m [32morg.example.hrmOrange.allure.AllureReportUtils [37m-[37m [32mChecking alternative location: target/allure-report
[0m[37m[2025-11-25 00:18:40] [34m[INFO ][37m [32morg.example.hrmOrange.allure.AllureReportUtils [37m-[37m [32mFound report at alternative location: C:\Users\mytie\IdeaProjects\Playwright_demo\target\allure-report
[0m[37m[2025-11-25 00:18:40] [34m[INFO ][37m [32morg.example.hrmOrange.allure.AllureReportUtils [37m-[37m [32mCreated directory reports\2025-11-25\common_001840
[0m[37m[2025-11-25 00:18:40] [34m[INFO ][37m [32morg.example.hrmOrange.allure.AllureReportUtils [37m-[37m [32mCopying report from: C:\Users\mytie\IdeaProjects\Playwright_demo\target\allure-report
[0m[37m[2025-11-25 00:18:40] [34m[INFO ][37m [32morg.example.hrmOrange.allure.AllureReportUtils [37m-[37m [32mCopying report to: C:\Users\mytie\IdeaProjects\Playwright_demo\reports\2025-11-25\common_001840
[0m[37m[2025-11-25 00:18:40] [34m[INFO ][37m [32morg.example.hrmOrange.allure.AllureReportUtils [37m-[37m [32m✅ Report copied successfully!
[0m[37m[2025-11-25 00:18:40] [34m[INFO ][37m [32morg.example.hrmOrange.allure.AllureReportUtils [37m-[37m [32mIndex file created at: C:\Users\mytie\IdeaProjects\Playwright_demo\reports\2025-11-25\index.html
[0m[37m[2025-11-25 00:18:40] [34m[INFO ][37m [32morg.example.hrmOrange.allure.AllureReportUtils [37m-[37m [32mRemoved old 'latest' report folder
[0m[37m[2025-11-25 00:18:40] [34m[INFO ][37m [32morg.example.hrmOrange.allure.AllureReportUtils [37m-[37m [32mCreated directory reports\latest
[0m[37m[2025-11-25 00:18:40] [34m[INFO ][37m [32morg.example.hrmOrange.allure.AllureReportUtils [37m-[37m [32m✅ Report copied to 'latest' folder for GitHub tracking
[0m[37m[2025-11-25 00:18:40] [34m[INFO ][37m [32morg.example.hrmOrange.allure.AllureReportUtils [37m-[37m [32mREADME.md created in 'latest' folder
[0m[37m[2025-11-25 00:18:40] [34m[INFO ][37m [32morg.example.hrmOrange.allure.AllureReportUtils [37m-[37m [32m✅ Allure Report generated successfully at: C:\Users\mytie\IdeaProjects\Playwright_demo\reports
[0m[37m[2025-11-25 00:20:08] [34m[DEBUG][37m [32morg.testng.TestNG [37m-[37m [32msuiteXmlPath: "C:\Users\mytie\AppData\Local\JetBrains\IntelliJIdea2025.2\temp-testng-customsuite.xml"
[0m[37m[2025-11-25 00:20:09] [34m[WARN ][37m [32morg.testng.internal.Configuration [37m-[37m [32mDetected a static method [org.example.hrmOrange.common.BaseTest.beforeSuite()]. Static configuration methods can cause unexpected behavior.
[0m[37m[2025-11-25 00:20:09] [34m[WARN ][37m [32morg.testng.internal.Configuration [37m-[37m [32mDetected a static method [org.example.hrmOrange.common.BaseTest.afterSuite()]. Static configuration methods can cause unexpected behavior.
[0m[37m[2025-11-25 00:20:09] [34m[INFO ][37m [32morg.testng.internal.Utils [37m-[37m [32m[TestNG] Running:
  C:\Users\mytie\AppData\Local\JetBrains\IntelliJIdea2025.2\temp-testng-customsuite.xml

[0m[37m[2025-11-25 00:20:09] [34m[INFO ][37m [32morg.example.hrmOrange.allure.AllureReportUtils [37m-[37m [32mRemoved old report
[0m[37m[2025-11-25 00:20:12] [34m[INFO ][37m [32morg.example.hrmOrange.allure.LogUtils [37m-[37m [32mNavigate to URL: https://opensource-demo.orangehrmlive.com/web/index.php/auth/login
[0m[37m[2025-11-25 00:20:15] [34m[INFO ][37m [32morg.example.hrmOrange.allure.LogUtils [37m-[37m [32mNavigate to URL: https://opensource-demo.orangehrmlive.com/web/index.php/auth/login
[0m[37m[2025-11-25 00:20:15] [34m[INFO ][37m [32morg.example.hrmOrange.allure.LogUtils [37m-[37m [32mWait until visible: //input[@name='username']
[0m[37m[2025-11-25 00:20:17] [34m[INFO ][37m [32morg.example.hrmOrange.allure.LogUtils [37m-[37m [32mFill input //input[@name='username'] with: Admin
[0m[37m[2025-11-25 00:20:17] [34m[INFO ][37m [32morg.example.hrmOrange.allure.LogUtils [37m-[37m [32mFill input //input[@name='password'] with: admin123
[0m[37m[2025-11-25 00:20:17] [34m[INFO ][37m [32morg.example.hrmOrange.allure.LogUtils [37m-[37m [32mClick element: //button[@type='submit']
[0m[37m[2025-11-25 00:20:18] [34m[INFO ][37m [32morg.example.hrmOrange.allure.LogUtils [37m-[37m [32mWait until visible: //h6[normalize-space()='Dashboard']
[0m[37m[2025-11-25 00:20:19] [34m[INFO ][37m [32morg.example.hrmOrange.allure.LogUtils [37m-[37m [32mVerify visible: //h6[normalize-space()='Dashboard'] → true
[0m[37m[2025-11-25 00:20:19] [34m[INFO ][37m [32morg.example.hrmOrange.allure.LogUtils [37m-[37m [32mClick element: //span[normalize-space()='Admin']
[0m[37m[2025-11-25 00:20:20] [34m[INFO ][37m [32morg.example.hrmOrange.allure.LogUtils [37m-[37m [32mWait until visible: //label[normalize-space()='Username']/parent::div/following-sibling::div//input
[0m[37m[2025-11-25 00:20:21] [34m[INFO ][37m [32morg.example.hrmOrange.allure.LogUtils [37m-[37m [32mClick element: //button[normalize-space()='Add']
[0m[37m[2025-11-25 00:20:23] [34m[INFO ][37m [32morg.example.hrmOrange.allure.LogUtils [37m-[37m [32mWait until visible: //h6[normalize-space()='Add User']
[0m[37m[2025-11-25 00:20:23] [34m[INFO ][37m [32morg.example.hrmOrange.allure.LogUtils [37m-[37m [32mClick element: //input[@placeholder='Type for hints...']
[0m[37m[2025-11-25 00:20:23] [34m[INFO ][37m [32morg.example.hrmOrange.allure.LogUtils [37m-[37m [32mFill input //input[@placeholder='Type for hints...'] with: 
[0m[37m[2025-11-25 00:20:23] [34m[INFO ][37m [32morg.example.hrmOrange.allure.LogUtils [37m-[37m [32mType text into //input[@placeholder='Type for hints...']: Akh
[0m[37m[2025-11-25 00:20:25] [34m[INFO ][37m [32morg.example.hrmOrange.allure.LogUtils [37m-[37m [32mWait until visible: //div[@role='listbox']
[0m[37m[2025-11-25 00:20:25] [34m[INFO ][37m [32morg.example.hrmOrange.allure.LogUtils [37m-[37m [32mClick element: //div[@role='listbox']//div[@role='option'][1]
[0m[37m[2025-11-25 00:20:26] [34m[INFO ][37m [32morg.example.hrmOrange.allure.LogUtils [37m-[37m [32mFill input //label[normalize-space()='Username']/parent::div/following-sibling::div//input with: Test
[0m[37m[2025-11-25 00:20:27] [34m[INFO ][37m [32morg.example.hrmOrange.allure.AllureReportUtils [37m-[37m [32mStarting Allure report generation...
[0m[37m[2025-11-25 00:20:27] [34m[INFO ][37m [32morg.example.hrmOrange.allure.AllureReportUtils [37m-[37m [32mRunning: mvn allure:report
[0m[37m[2025-11-25 00:20:32] [34m[INFO ][37m [32morg.example.hrmOrange.allure.AllureReportUtils [37m-[37m [32mLooking for Allure report at: C:\Users\mytie\IdeaProjects\Playwright_demo\target\site\allure-maven-plugin
[0m[37m[2025-11-25 00:20:32] [34m[WARN ][37m [32morg.example.hrmOrange.allure.AllureReportUtils [37m-[37m [32m⚠️ Allure report directory not found at: C:\Users\mytie\IdeaProjects\Playwright_demo\target\site\allure-maven-plugin
[0m[37m[2025-11-25 00:20:32] [34m[INFO ][37m [32morg.example.hrmOrange.allure.AllureReportUtils [37m-[37m [32mChecking alternative location: target/allure-report
[0m[37m[2025-11-25 00:20:32] [34m[INFO ][37m [32morg.example.hrmOrange.allure.AllureReportUtils [37m-[37m [32mFound report at alternative location: C:\Users\mytie\IdeaProjects\Playwright_demo\target\allure-report
[0m[37m[2025-11-25 00:20:32] [34m[INFO ][37m [32morg.example.hrmOrange.allure.AllureReportUtils [37m-[37m [32mCreated directory reports\2025-11-25\common_002032
[0m[37m[2025-11-25 00:20:32] [34m[INFO ][37m [32morg.example.hrmOrange.allure.AllureReportUtils [37m-[37m [32mCopying report from: C:\Users\mytie\IdeaProjects\Playwright_demo\target\allure-report
[0m[37m[2025-11-25 00:20:32] [34m[INFO ][37m [32morg.example.hrmOrange.allure.AllureReportUtils [37m-[37m [32mCopying report to: C:\Users\mytie\IdeaProjects\Playwright_demo\reports\2025-11-25\common_002032
[0m[37m[2025-11-25 00:20:32] [34m[INFO ][37m [32morg.example.hrmOrange.allure.AllureReportUtils [37m-[37m [32m✅ Report copied successfully!
[0m[37m[2025-11-25 00:20:32] [34m[INFO ][37m [32morg.example.hrmOrange.allure.AllureReportUtils [37m-[37m [32mIndex file created at: C:\Users\mytie\IdeaProjects\Playwright_demo\reports\2025-11-25\index.html
[0m[37m[2025-11-25 00:20:32] [34m[INFO ][37m [32morg.example.hrmOrange.allure.AllureReportUtils [37m-[37m [32mRemoved old 'latest' report folder
[0m[37m[2025-11-25 00:20:32] [34m[INFO ][37m [32morg.example.hrmOrange.allure.AllureReportUtils [37m-[37m [32mCreated directory reports\latest
[0m[37m[2025-11-25 00:20:32] [34m[INFO ][37m [32morg.example.hrmOrange.allure.AllureReportUtils [37m-[37m [32m✅ Report copied to 'latest' folder for GitHub tracking
[0m[37m[2025-11-25 00:20:32] [34m[INFO ][37m [32morg.example.hrmOrange.allure.AllureReportUtils [37m-[37m [32mREADME.md created in 'latest' folder
[0m[37m[2025-11-25 00:20:32] [34m[INFO ][37m [32morg.example.hrmOrange.allure.AllureReportUtils [37m-[37m [32m✅ Allure Report generated successfully at: C:\Users\mytie\IdeaProjects\Playwright_demo\reports
[0m[37m[2025-11-25 00:21:42] [34m[DEBUG][37m [32morg.testng.TestNG [37m-[37m [32msuiteXmlPath: "C:\Users\mytie\AppData\Local\JetBrains\IntelliJIdea2025.2\temp-testng-customsuite.xml"
[0m[37m[2025-11-25 00:21:42] [34m[WARN ][37m [32morg.testng.internal.Configuration [37m-[37m [32mDetected a static method [org.example.hrmOrange.common.BaseTest.beforeSuite()]. Static configuration methods can cause unexpected behavior.
[0m[37m[2025-11-25 00:21:42] [34m[WARN ][37m [32morg.testng.internal.Configuration [37m-[37m [32mDetected a static method [org.example.hrmOrange.common.BaseTest.afterSuite()]. Static configuration methods can cause unexpected behavior.
[0m[37m[2025-11-25 00:21:42] [34m[INFO ][37m [32morg.testng.internal.Utils [37m-[37m [32m[TestNG] Running:
  C:\Users\mytie\AppData\Local\JetBrains\IntelliJIdea2025.2\temp-testng-customsuite.xml

[0m[37m[2025-11-25 00:21:42] [34m[INFO ][37m [32morg.example.hrmOrange.allure.AllureReportUtils [37m-[37m [32mRemoved old report
[0m[37m[2025-11-25 00:21:45] [34m[INFO ][37m [32morg.example.hrmOrange.allure.LogUtils [37m-[37m [32mNavigate to URL: https://opensource-demo.orangehrmlive.com/web/index.php/auth/login
[0m[37m[2025-11-25 00:21:48] [34m[INFO ][37m [32morg.example.hrmOrange.allure.LogUtils [37m-[37m [32mNavigate to URL: https://opensource-demo.orangehrmlive.com/web/index.php/auth/login
[0m[37m[2025-11-25 00:21:49] [34m[INFO ][37m [32morg.example.hrmOrange.allure.LogUtils [37m-[37m [32mWait until visible: //input[@name='username']
[0m[37m[2025-11-25 00:21:49] [34m[INFO ][37m [32morg.example.hrmOrange.allure.LogUtils [37m-[37m [32mFill input //input[@name='username'] with: Admin
[0m[37m[2025-11-25 00:21:50] [34m[INFO ][37m [32morg.example.hrmOrange.allure.LogUtils [37m-[37m [32mFill input //input[@name='password'] with: admin123
[0m[37m[2025-11-25 00:21:50] [34m[INFO ][37m [32morg.example.hrmOrange.allure.LogUtils [37m-[37m [32mClick element: //button[@type='submit']
[0m[37m[2025-11-25 00:21:51] [34m[INFO ][37m [32morg.example.hrmOrange.allure.LogUtils [37m-[37m [32mWait until visible: //h6[normalize-space()='Dashboard']
[0m[37m[2025-11-25 00:21:52] [34m[INFO ][37m [32morg.example.hrmOrange.allure.LogUtils [37m-[37m [32mVerify visible: //h6[normalize-space()='Dashboard'] → true
[0m[37m[2025-11-25 00:21:52] [34m[INFO ][37m [32morg.example.hrmOrange.allure.LogUtils [37m-[37m [32mClick element: //span[normalize-space()='Admin']
[0m[37m[2025-11-25 00:21:53] [34m[INFO ][37m [32morg.example.hrmOrange.allure.LogUtils [37m-[37m [32mWait until visible: //label[normalize-space()='Username']/parent::div/following-sibling::div//input
[0m[37m[2025-11-25 00:21:54] [34m[INFO ][37m [32morg.example.hrmOrange.allure.LogUtils [37m-[37m [32mClick element: //button[normalize-space()='Add']
[0m[37m[2025-11-25 00:21:56] [34m[INFO ][37m [32morg.example.hrmOrange.allure.LogUtils [37m-[37m [32mWait until visible: //h6[normalize-space()='Add User']
[0m[37m[2025-11-25 00:21:56] [34m[INFO ][37m [32morg.example.hrmOrange.allure.LogUtils [37m-[37m [32mClick element: //input[@placeholder='Type for hints...']
[0m[37m[2025-11-25 00:21:56] [34m[INFO ][37m [32morg.example.hrmOrange.allure.LogUtils [37m-[37m [32mFill input //input[@placeholder='Type for hints...'] with: 
[0m[37m[2025-11-25 00:21:56] [34m[INFO ][37m [32morg.example.hrmOrange.allure.LogUtils [37m-[37m [32mType text into //input[@placeholder='Type for hints...']: Akh
[0m[37m[2025-11-25 00:21:58] [34m[INFO ][37m [32morg.example.hrmOrange.allure.LogUtils [37m-[37m [32mWait until visible: //div[@role='listbox']
[0m[37m[2025-11-25 00:21:58] [34m[INFO ][37m [32morg.example.hrmOrange.allure.LogUtils [37m-[37m [32mClick element: //div[@role='listbox']//div[@role='option'][1]
[0m[37m[2025-11-25 00:21:59] [34m[INFO ][37m [32morg.example.hrmOrange.allure.LogUtils [37m-[37m [32mFill input //label[normalize-space()='Username']/parent::div/following-sibling::div//input with: Test
[0m[37m[2025-11-25 00:21:59] [34m[INFO ][37m [32morg.example.hrmOrange.allure.LogUtils [37m-[37m [32mClick element: //h6[normalize-space()='Add User']
[0m[37m[2025-11-25 00:22:00] [34m[INFO ][37m [32morg.example.hrmOrange.allure.AllureReportUtils [37m-[37m [32mStarting Allure report generation...
[0m[37m[2025-11-25 00:22:00] [34m[INFO ][37m [32morg.example.hrmOrange.allure.AllureReportUtils [37m-[37m [32mRunning: mvn allure:report
[0m[37m[2025-11-25 00:22:05] [34m[INFO ][37m [32morg.example.hrmOrange.allure.AllureReportUtils [37m-[37m [32mLooking for Allure report at: C:\Users\mytie\IdeaProjects\Playwright_demo\target\site\allure-maven-plugin
[0m[37m[2025-11-25 00:22:05] [34m[WARN ][37m [32morg.example.hrmOrange.allure.AllureReportUtils [37m-[37m [32m⚠️ Allure report directory not found at: C:\Users\mytie\IdeaProjects\Playwright_demo\target\site\allure-maven-plugin
[0m[37m[2025-11-25 00:22:05] [34m[INFO ][37m [32morg.example.hrmOrange.allure.AllureReportUtils [37m-[37m [32mChecking alternative location: target/allure-report
[0m[37m[2025-11-25 00:22:05] [34m[INFO ][37m [32morg.example.hrmOrange.allure.AllureReportUtils [37m-[37m [32mFound report at alternative location: C:\Users\mytie\IdeaProjects\Playwright_demo\target\allure-report
[0m[37m[2025-11-25 00:22:05] [34m[INFO ][37m [32morg.example.hrmOrange.allure.AllureReportUtils [37m-[37m [32mCreated directory reports\2025-11-25\common_002205
[0m[37m[2025-11-25 00:22:05] [34m[INFO ][37m [32morg.example.hrmOrange.allure.AllureReportUtils [37m-[37m [32mCopying report from: C:\Users\mytie\IdeaProjects\Playwright_demo\target\allure-report
[0m[37m[2025-11-25 00:22:05] [34m[INFO ][37m [32morg.example.hrmOrange.allure.AllureReportUtils [37m-[37m [32mCopying report to: C:\Users\mytie\IdeaProjects\Playwright_demo\reports\2025-11-25\common_002205
[0m[37m[2025-11-25 00:22:05] [34m[INFO ][37m [32morg.example.hrmOrange.allure.AllureReportUtils [37m-[37m [32m✅ Report copied successfully!
[0m[37m[2025-11-25 00:22:05] [34m[INFO ][37m [32morg.example.hrmOrange.allure.AllureReportUtils [37m-[37m [32mIndex file created at: C:\Users\mytie\IdeaProjects\Playwright_demo\reports\2025-11-25\index.html
[0m[37m[2025-11-25 00:22:05] [34m[INFO ][37m [32morg.example.hrmOrange.allure.AllureReportUtils [37m-[37m [32mRemoved old 'latest' report folder
[0m[37m[2025-11-25 00:22:05] [34m[INFO ][37m [32morg.example.hrmOrange.allure.AllureReportUtils [37m-[37m [32mCreated directory reports\latest
[0m[37m[2025-11-25 00:22:05] [34m[INFO ][37m [32morg.example.hrmOrange.allure.AllureReportUtils [37m-[37m [32m✅ Report copied to 'latest' folder for GitHub tracking
[0m[37m[2025-11-25 00:22:05] [34m[INFO ][37m [32morg.example.hrmOrange.allure.AllureReportUtils [37m-[37m [32mREADME.md created in 'latest' folder
[0m[37m[2025-11-25 00:22:05] [34m[INFO ][37m [32morg.example.hrmOrange.allure.AllureReportUtils [37m-[37m [32m✅ Allure Report generated successfully at: C:\Users\mytie\IdeaProjects\Playwright_demo\reports
[0m[37m[2025-11-25 00:24:03] [34m[DEBUG][37m [32morg.testng.TestNG [37m-[37m [32msuiteXmlPath: "C:\Users\mytie\AppData\Local\JetBrains\IntelliJIdea2025.2\temp-testng-customsuite.xml"
[0m[37m[2025-11-25 00:24:03] [34m[WARN ][37m [32morg.testng.internal.Configuration [37m-[37m [32mDetected a static method [org.example.hrmOrange.common.BaseTest.beforeSuite()]. Static configuration methods can cause unexpected behavior.
[0m[37m[2025-11-25 00:24:03] [34m[WARN ][37m [32morg.testng.internal.Configuration [37m-[37m [32mDetected a static method [org.example.hrmOrange.common.BaseTest.afterSuite()]. Static configuration methods can cause unexpected behavior.
[0m[37m[2025-11-25 00:24:03] [34m[INFO ][37m [32morg.testng.internal.Utils [37m-[37m [32m[TestNG] Running:
  C:\Users\mytie\AppData\Local\JetBrains\IntelliJIdea2025.2\temp-testng-customsuite.xml

[0m[37m[2025-11-25 00:24:03] [34m[INFO ][37m [32morg.example.hrmOrange.allure.AllureReportUtils [37m-[37m [32mRemoved old report
[0m[37m[2025-11-25 00:24:06] [34m[INFO ][37m [32morg.example.hrmOrange.allure.LogUtils [37m-[37m [32mNavigate to URL: https://opensource-demo.orangehrmlive.com/web/index.php/auth/login
[0m[37m[2025-11-25 00:24:10] [34m[INFO ][37m [32morg.example.hrmOrange.allure.LogUtils [37m-[37m [32mNavigate to URL: https://opensource-demo.orangehrmlive.com/web/index.php/auth/login
[0m[37m[2025-11-25 00:24:10] [34m[INFO ][37m [32morg.example.hrmOrange.allure.LogUtils [37m-[37m [32mWait until visible: //input[@name='username']
[0m[37m[2025-11-25 00:24:11] [34m[INFO ][37m [32morg.example.hrmOrange.allure.LogUtils [37m-[37m [32mFill input //input[@name='username'] with: Admin
[0m[37m[2025-11-25 00:24:11] [34m[INFO ][37m [32morg.example.hrmOrange.allure.LogUtils [37m-[37m [32mFill input //input[@name='password'] with: admin123
[0m[37m[2025-11-25 00:24:11] [34m[INFO ][37m [32morg.example.hrmOrange.allure.LogUtils [37m-[37m [32mClick element: //button[@type='submit']
[0m[37m[2025-11-25 00:24:12] [34m[INFO ][37m [32morg.example.hrmOrange.allure.LogUtils [37m-[37m [32mWait until visible: //h6[normalize-space()='Dashboard']
[0m[37m[2025-11-25 00:24:13] [34m[INFO ][37m [32morg.example.hrmOrange.allure.LogUtils [37m-[37m [32mVerify visible: //h6[normalize-space()='Dashboard'] → true
[0m[37m[2025-11-25 00:24:13] [34m[INFO ][37m [32morg.example.hrmOrange.allure.LogUtils [37m-[37m [32mClick element: //span[normalize-space()='Admin']
[0m[37m[2025-11-25 00:24:14] [34m[INFO ][37m [32morg.example.hrmOrange.allure.LogUtils [37m-[37m [32mWait until visible: //label[normalize-space()='Username']/parent::div/following-sibling::div//input
[0m[37m[2025-11-25 00:24:15] [34m[INFO ][37m [32morg.example.hrmOrange.allure.LogUtils [37m-[37m [32mClick element: //button[normalize-space()='Add']
[0m[37m[2025-11-25 00:24:17] [34m[INFO ][37m [32morg.example.hrmOrange.allure.LogUtils [37m-[37m [32mWait until visible: //h6[normalize-space()='Add User']
[0m[37m[2025-11-25 00:24:17] [34m[INFO ][37m [32morg.example.hrmOrange.allure.LogUtils [37m-[37m [32mClick element: //input[@placeholder='Type for hints...']
[0m[37m[2025-11-25 00:24:17] [34m[INFO ][37m [32morg.example.hrmOrange.allure.LogUtils [37m-[37m [32mFill input //input[@placeholder='Type for hints...'] with: 
[0m[37m[2025-11-25 00:24:17] [34m[INFO ][37m [32morg.example.hrmOrange.allure.LogUtils [37m-[37m [32mType text into //input[@placeholder='Type for hints...']: Akh
[0m[37m[2025-11-25 00:24:20] [34m[INFO ][37m [32morg.example.hrmOrange.allure.LogUtils [37m-[37m [32mWait until visible: //div[@role='listbox']
[0m[37m[2025-11-25 00:24:20] [34m[INFO ][37m [32morg.example.hrmOrange.allure.LogUtils [37m-[37m [32mClick element: //div[@role='listbox']//div[@role='option'][1]
[0m[37m[2025-11-25 00:24:20] [34m[INFO ][37m [32morg.example.hrmOrange.allure.LogUtils [37m-[37m [32mFill input //label[normalize-space()='Username']/parent::div/following-sibling::div//input with: Test
[0m[37m[2025-11-25 00:24:20] [34m[INFO ][37m [32morg.example.hrmOrange.allure.LogUtils [37m-[37m [32mClick element: //h6[normalize-space()='Add User']
[0m[37m[2025-11-25 00:24:22] [34m[INFO ][37m [32morg.example.hrmOrange.allure.AllureReportUtils [37m-[37m [32mStarting Allure report generation...
[0m[37m[2025-11-25 00:24:22] [34m[INFO ][37m [32morg.example.hrmOrange.allure.AllureReportUtils [37m-[37m [32mRunning: mvn allure:report
[0m[37m[2025-11-25 00:24:27] [34m[INFO ][37m [32morg.example.hrmOrange.allure.AllureReportUtils [37m-[37m [32mLooking for Allure report at: C:\Users\mytie\IdeaProjects\Playwright_demo\target\site\allure-maven-plugin
[0m[37m[2025-11-25 00:24:27] [34m[WARN ][37m [32morg.example.hrmOrange.allure.AllureReportUtils [37m-[37m [32m⚠️ Allure report directory not found at: C:\Users\mytie\IdeaProjects\Playwright_demo\target\site\allure-maven-plugin
[0m[37m[2025-11-25 00:24:27] [34m[INFO ][37m [32morg.example.hrmOrange.allure.AllureReportUtils [37m-[37m [32mChecking alternative location: target/allure-report
[0m[37m[2025-11-25 00:24:27] [34m[INFO ][37m [32morg.example.hrmOrange.allure.AllureReportUtils [37m-[37m [32mFound report at alternative location: C:\Users\mytie\IdeaProjects\Playwright_demo\target\allure-report
[0m[37m[2025-11-25 00:24:27] [34m[INFO ][37m [32morg.example.hrmOrange.allure.AllureReportUtils [37m-[37m [32mCreated directory reports\2025-11-25\common_002427
[0m[37m[2025-11-25 00:24:27] [34m[INFO ][37m [32morg.example.hrmOrange.allure.AllureReportUtils [37m-[37m [32mCopying report from: C:\Users\mytie\IdeaProjects\Playwright_demo\target\allure-report
[0m[37m[2025-11-25 00:24:27] [34m[INFO ][37m [32morg.example.hrmOrange.allure.AllureReportUtils [37m-[37m [32mCopying report to: C:\Users\mytie\IdeaProjects\Playwright_demo\reports\2025-11-25\common_002427
[0m[37m[2025-11-25 00:24:27] [34m[INFO ][37m [32morg.example.hrmOrange.allure.AllureReportUtils [37m-[37m [32m✅ Report copied successfully!
[0m[37m[2025-11-25 00:24:27] [34m[INFO ][37m [32morg.example.hrmOrange.allure.AllureReportUtils [37m-[37m [32mIndex file created at: C:\Users\mytie\IdeaProjects\Playwright_demo\reports\2025-11-25\index.html
[0m[37m[2025-11-25 00:24:27] [34m[INFO ][37m [32morg.example.hrmOrange.allure.AllureReportUtils [37m-[37m [32mRemoved old 'latest' report folder
[0m[37m[2025-11-25 00:24:27] [34m[INFO ][37m [32morg.example.hrmOrange.allure.AllureReportUtils [37m-[37m [32mCreated directory reports\latest
[0m[37m[2025-11-25 00:24:27] [34m[INFO ][37m [32morg.example.hrmOrange.allure.AllureReportUtils [37m-[37m [32m✅ Report copied to 'latest' folder for GitHub tracking
[0m[37m[2025-11-25 00:24:27] [34m[INFO ][37m [32morg.example.hrmOrange.allure.AllureReportUtils [37m-[37m [32mREADME.md created in 'latest' folder
[0m[37m[2025-11-25 00:24:27] [34m[INFO ][37m [32morg.example.hrmOrange.allure.AllureReportUtils [37m-[37m [32m✅ Allure Report generated successfully at: C:\Users\mytie\IdeaProjects\Playwright_demo\reports
[0m[37m[2025-11-25 00:25:37] [34m[DEBUG][37m [32morg.testng.TestNG [37m-[37m [32msuiteXmlPath: "C:\Users\mytie\AppData\Local\JetBrains\IntelliJIdea2025.2\temp-testng-customsuite.xml"
[0m[37m[2025-11-25 00:25:37] [34m[WARN ][37m [32morg.testng.internal.Configuration [37m-[37m [32mDetected a static method [org.example.hrmOrange.common.BaseTest.beforeSuite()]. Static configuration methods can cause unexpected behavior.
[0m[37m[2025-11-25 00:25:37] [34m[WARN ][37m [32morg.testng.internal.Configuration [37m-[37m [32mDetected a static method [org.example.hrmOrange.common.BaseTest.afterSuite()]. Static configuration methods can cause unexpected behavior.
[0m[37m[2025-11-25 00:25:37] [34m[INFO ][37m [32morg.testng.internal.Utils [37m-[37m [32m[TestNG] Running:
  C:\Users\mytie\AppData\Local\JetBrains\IntelliJIdea2025.2\temp-testng-customsuite.xml

[0m[37m[2025-11-25 00:25:37] [34m[INFO ][37m [32morg.example.hrmOrange.allure.AllureReportUtils [37m-[37m [32mRemoved old report
[0m[37m[2025-11-25 00:25:40] [34m[INFO ][37m [32morg.example.hrmOrange.allure.LogUtils [37m-[37m [32mNavigate to URL: https://opensource-demo.orangehrmlive.com/web/index.php/auth/login
[0m[37m[2025-11-25 00:25:43] [34m[INFO ][37m [32morg.example.hrmOrange.allure.LogUtils [37m-[37m [32mNavigate to URL: https://opensource-demo.orangehrmlive.com/web/index.php/auth/login
[0m[37m[2025-11-25 00:25:43] [34m[INFO ][37m [32morg.example.hrmOrange.allure.LogUtils [37m-[37m [32mWait until visible: //input[@name='username']
[0m[37m[2025-11-25 00:25:44] [34m[INFO ][37m [32morg.example.hrmOrange.allure.LogUtils [37m-[37m [32mFill input //input[@name='username'] with: Admin
[0m[37m[2025-11-25 00:25:44] [34m[INFO ][37m [32morg.example.hrmOrange.allure.LogUtils [37m-[37m [32mFill input //input[@name='password'] with: admin123
[0m[37m[2025-11-25 00:25:44] [34m[INFO ][37m [32morg.example.hrmOrange.allure.LogUtils [37m-[37m [32mClick element: //button[@type='submit']
[0m[37m[2025-11-25 00:25:46] [34m[INFO ][37m [32morg.example.hrmOrange.allure.LogUtils [37m-[37m [32mWait until visible: //h6[normalize-space()='Dashboard']
[0m[37m[2025-11-25 00:25:47] [34m[INFO ][37m [32morg.example.hrmOrange.allure.LogUtils [37m-[37m [32mVerify visible: //h6[normalize-space()='Dashboard'] → true
[0m[37m[2025-11-25 00:25:47] [34m[INFO ][37m [32morg.example.hrmOrange.allure.LogUtils [37m-[37m [32mClick element: //span[normalize-space()='Admin']
[0m[37m[2025-11-25 00:25:47] [34m[INFO ][37m [32morg.example.hrmOrange.allure.LogUtils [37m-[37m [32mWait until visible: //label[normalize-space()='Username']/parent::div/following-sibling::div//input
[0m[37m[2025-11-25 00:25:49] [34m[INFO ][37m [32morg.example.hrmOrange.allure.LogUtils [37m-[37m [32mClick element: //button[normalize-space()='Add']
[0m[37m[2025-11-25 00:25:50] [34m[INFO ][37m [32morg.example.hrmOrange.allure.LogUtils [37m-[37m [32mWait until visible: //h6[normalize-space()='Add User']
[0m[37m[2025-11-25 00:25:50] [34m[INFO ][37m [32morg.example.hrmOrange.allure.LogUtils [37m-[37m [32mClick element: //input[@placeholder='Type for hints...']
[0m[37m[2025-11-25 00:25:50] [34m[INFO ][37m [32morg.example.hrmOrange.allure.LogUtils [37m-[37m [32mFill input //input[@placeholder='Type for hints...'] with: 
[0m[37m[2025-11-25 00:25:50] [34m[INFO ][37m [32morg.example.hrmOrange.allure.LogUtils [37m-[37m [32mType text into //input[@placeholder='Type for hints...']: Akh
[0m[37m[2025-11-25 00:25:53] [34m[INFO ][37m [32morg.example.hrmOrange.allure.LogUtils [37m-[37m [32mWait until visible: //div[@role='listbox']
[0m[37m[2025-11-25 00:25:53] [34m[INFO ][37m [32morg.example.hrmOrange.allure.LogUtils [37m-[37m [32mClick element: //div[@role='listbox']//div[@role='option'][1]
[0m[37m[2025-11-25 00:25:53] [34m[INFO ][37m [32morg.example.hrmOrange.allure.LogUtils [37m-[37m [32mFill input //label[normalize-space()='Username']/parent::div/following-sibling::div//input with: Test
[0m[37m[2025-11-25 00:25:53] [34m[INFO ][37m [32morg.example.hrmOrange.allure.LogUtils [37m-[37m [32mClick element: //h6[normalize-space()='Add User']
[0m[37m[2025-11-25 00:25:56] [34m[INFO ][37m [32morg.example.hrmOrange.allure.LogUtils [37m-[37m [32mText from element [//span[contains(@class, 'oxd-input-group__message')]] = Should be at least 5 characters
[0m[37m[2025-11-25 00:25:56] [34m[INFO ][37m [32morg.example.hrmOrange.allure.AllureReportUtils [37m-[37m [32mStarting Allure report generation...
[0m[37m[2025-11-25 00:25:56] [34m[INFO ][37m [32morg.example.hrmOrange.allure.AllureReportUtils [37m-[37m [32mRunning: mvn allure:report
[0m[37m[2025-11-25 00:26:01] [34m[INFO ][37m [32morg.example.hrmOrange.allure.AllureReportUtils [37m-[37m [32mLooking for Allure report at: C:\Users\mytie\IdeaProjects\Playwright_demo\target\site\allure-maven-plugin
[0m[37m[2025-11-25 00:26:01] [34m[WARN ][37m [32morg.example.hrmOrange.allure.AllureReportUtils [37m-[37m [32m⚠️ Allure report directory not found at: C:\Users\mytie\IdeaProjects\Playwright_demo\target\site\allure-maven-plugin
[0m[37m[2025-11-25 00:26:01] [34m[INFO ][37m [32morg.example.hrmOrange.allure.AllureReportUtils [37m-[37m [32mChecking alternative location: target/allure-report
[0m[37m[2025-11-25 00:26:01] [34m[INFO ][37m [32morg.example.hrmOrange.allure.AllureReportUtils [37m-[37m [32mFound report at alternative location: C:\Users\mytie\IdeaProjects\Playwright_demo\target\allure-report
[0m[37m[2025-11-25 00:26:01] [34m[INFO ][37m [32morg.example.hrmOrange.allure.AllureReportUtils [37m-[37m [32mCreated directory reports\2025-11-25\common_002601
[0m[37m[2025-11-25 00:26:01] [34m[INFO ][37m [32morg.example.hrmOrange.allure.AllureReportUtils [37m-[37m [32mCopying report from: C:\Users\mytie\IdeaProjects\Playwright_demo\target\allure-report
[0m[37m[2025-11-25 00:26:01] [34m[INFO ][37m [32morg.example.hrmOrange.allure.AllureReportUtils [37m-[37m [32mCopying report to: C:\Users\mytie\IdeaProjects\Playwright_demo\reports\2025-11-25\common_002601
[0m[37m[2025-11-25 00:26:01] [34m[INFO ][37m [32morg.example.hrmOrange.allure.AllureReportUtils [37m-[37m [32m✅ Report copied successfully!
[0m[37m[2025-11-25 00:26:01] [34m[INFO ][37m [32morg.example.hrmOrange.allure.AllureReportUtils [37m-[37m [32mIndex file created at: C:\Users\mytie\IdeaProjects\Playwright_demo\reports\2025-11-25\index.html
[0m[37m[2025-11-25 00:26:01] [34m[INFO ][37m [32morg.example.hrmOrange.allure.AllureReportUtils [37m-[37m [32mRemoved old 'latest' report folder
[0m[37m[2025-11-25 00:26:01] [34m[INFO ][37m [32morg.example.hrmOrange.allure.AllureReportUtils [37m-[37m [32mCreated directory reports\latest
[0m[37m[2025-11-25 00:26:01] [34m[INFO ][37m [32morg.example.hrmOrange.allure.AllureReportUtils [37m-[37m [32m✅ Report copied to 'latest' folder for GitHub tracking
[0m[37m[2025-11-25 00:26:01] [34m[INFO ][37m [32morg.example.hrmOrange.allure.AllureReportUtils [37m-[37m [32mREADME.md created in 'latest' folder
[0m[37m[2025-11-25 00:26:01] [34m[INFO ][37m [32morg.example.hrmOrange.allure.AllureReportUtils [37m-[37m [32m✅ Allure Report generated successfully at: C:\Users\mytie\IdeaProjects\Playwright_demo\reports
[0m[37m[2025-11-25 00:29:37] [34m[DEBUG][37m [32morg.testng.TestNG [37m-[37m [32msuiteXmlPath: "C:\Users\mytie\AppData\Local\JetBrains\IntelliJIdea2025.2\temp-testng-customsuite.xml"
[0m[37m[2025-11-25 00:29:37] [34m[WARN ][37m [32morg.testng.internal.Configuration [37m-[37m [32mDetected a static method [org.example.hrmOrange.common.BaseTest.beforeSuite()]. Static configuration methods can cause unexpected behavior.
[0m[37m[2025-11-25 00:29:37] [34m[WARN ][37m [32morg.testng.internal.Configuration [37m-[37m [32mDetected a static method [org.example.hrmOrange.common.BaseTest.afterSuite()]. Static configuration methods can cause unexpected behavior.
[0m[37m[2025-11-25 00:29:37] [34m[INFO ][37m [32morg.testng.internal.Utils [37m-[37m [32m[TestNG] Running:
  C:\Users\mytie\AppData\Local\JetBrains\IntelliJIdea2025.2\temp-testng-customsuite.xml

[0m[37m[2025-11-25 00:29:37] [34m[INFO ][37m [32morg.example.hrmOrange.allure.AllureReportUtils [37m-[37m [32mRemoved old report
[0m[37m[2025-11-25 00:29:40] [34m[INFO ][37m [32morg.example.hrmOrange.allure.LogUtils [37m-[37m [32mNavigate to URL: https://opensource-demo.orangehrmlive.com/web/index.php/auth/login
[0m[37m[2025-11-25 00:29:43] [34m[INFO ][37m [32morg.example.hrmOrange.allure.LogUtils [37m-[37m [32mNavigate to URL: https://opensource-demo.orangehrmlive.com/web/index.php/auth/login
[0m[37m[2025-11-25 00:29:44] [34m[INFO ][37m [32morg.example.hrmOrange.allure.LogUtils [37m-[37m [32mWait until visible: //input[@name='username']
[0m[37m[2025-11-25 00:29:45] [34m[INFO ][37m [32morg.example.hrmOrange.allure.LogUtils [37m-[37m [32mFill input //input[@name='username'] with: Admin
[0m[37m[2025-11-25 00:29:45] [34m[INFO ][37m [32morg.example.hrmOrange.allure.LogUtils [37m-[37m [32mFill input //input[@name='password'] with: admin123
[0m[37m[2025-11-25 00:29:45] [34m[INFO ][37m [32morg.example.hrmOrange.allure.LogUtils [37m-[37m [32mClick element: //button[@type='submit']
[0m[37m[2025-11-25 00:29:46] [34m[INFO ][37m [32morg.example.hrmOrange.allure.LogUtils [37m-[37m [32mWait until visible: //h6[normalize-space()='Dashboard']
[0m[37m[2025-11-25 00:29:47] [34m[INFO ][37m [32morg.example.hrmOrange.allure.LogUtils [37m-[37m [32mVerify visible: //h6[normalize-space()='Dashboard'] → true
[0m[37m[2025-11-25 00:29:47] [34m[INFO ][37m [32morg.example.hrmOrange.allure.LogUtils [37m-[37m [32mClick element: //span[normalize-space()='Admin']
[0m[37m[2025-11-25 00:29:48] [34m[INFO ][37m [32morg.example.hrmOrange.allure.LogUtils [37m-[37m [32mWait until visible: //label[normalize-space()='Username']/parent::div/following-sibling::div//input
[0m[37m[2025-11-25 00:29:49] [34m[INFO ][37m [32morg.example.hrmOrange.allure.LogUtils [37m-[37m [32mClick element: //button[normalize-space()='Add']
[0m[37m[2025-11-25 00:29:51] [34m[INFO ][37m [32morg.example.hrmOrange.allure.LogUtils [37m-[37m [32mWait until visible: //h6[normalize-space()='Add User']
[0m[37m[2025-11-25 00:29:51] [34m[INFO ][37m [32morg.example.hrmOrange.allure.LogUtils [37m-[37m [32mClick element: //input[@placeholder='Type for hints...']
[0m[37m[2025-11-25 00:29:51] [34m[INFO ][37m [32morg.example.hrmOrange.allure.LogUtils [37m-[37m [32mFill input //input[@placeholder='Type for hints...'] with: 
[0m[37m[2025-11-25 00:29:51] [34m[INFO ][37m [32morg.example.hrmOrange.allure.LogUtils [37m-[37m [32mType text into //input[@placeholder='Type for hints...']: Akh
[0m[37m[2025-11-25 00:29:53] [34m[INFO ][37m [32morg.example.hrmOrange.allure.LogUtils [37m-[37m [32mWait until visible: //div[@role='listbox']
[0m[37m[2025-11-25 00:29:53] [34m[INFO ][37m [32morg.example.hrmOrange.allure.LogUtils [37m-[37m [32mClick element: //div[@role='listbox']//div[@role='option'][1]
[0m[37m[2025-11-25 00:29:54] [34m[INFO ][37m [32morg.example.hrmOrange.allure.LogUtils [37m-[37m [32mFill input //label[normalize-space()='Username']/parent::div/following-sibling::div//input with: ThisIsAVeryLongUsernameWithMoreThan40Characters123
[0m[37m[2025-11-25 00:29:54] [34m[INFO ][37m [32morg.example.hrmOrange.allure.LogUtils [37m-[37m [32mClick element: //h6[normalize-space()='Add User']
[0m[37m[2025-11-25 00:29:56] [34m[INFO ][37m [32morg.example.hrmOrange.allure.LogUtils [37m-[37m [32mText from element [//span[contains(@class, 'oxd-input-group__message')]] = Should not exceed 40 characters
[0m[37m[2025-11-25 00:29:57] [34m[INFO ][37m [32morg.example.hrmOrange.allure.AllureReportUtils [37m-[37m [32mStarting Allure report generation...
[0m[37m[2025-11-25 00:29:57] [34m[INFO ][37m [32morg.example.hrmOrange.allure.AllureReportUtils [37m-[37m [32mRunning: mvn allure:report
[0m[37m[2025-11-25 00:30:02] [34m[INFO ][37m [32morg.example.hrmOrange.allure.AllureReportUtils [37m-[37m [32mLooking for Allure report at: C:\Users\mytie\IdeaProjects\Playwright_demo\target\site\allure-maven-plugin
[0m[37m[2025-11-25 00:30:02] [34m[WARN ][37m [32morg.example.hrmOrange.allure.AllureReportUtils [37m-[37m [32m⚠️ Allure report directory not found at: C:\Users\mytie\IdeaProjects\Playwright_demo\target\site\allure-maven-plugin
[0m[37m[2025-11-25 00:30:02] [34m[INFO ][37m [32morg.example.hrmOrange.allure.AllureReportUtils [37m-[37m [32mChecking alternative location: target/allure-report
[0m[37m[2025-11-25 00:30:02] [34m[INFO ][37m [32morg.example.hrmOrange.allure.AllureReportUtils [37m-[37m [32mFound report at alternative location: C:\Users\mytie\IdeaProjects\Playwright_demo\target\allure-report
[0m[37m[2025-11-25 00:30:02] [34m[INFO ][37m [32morg.example.hrmOrange.allure.AllureReportUtils [37m-[37m [32mCreated directory reports\2025-11-25\common_003002
[0m[37m[2025-11-25 00:30:02] [34m[INFO ][37m [32morg.example.hrmOrange.allure.AllureReportUtils [37m-[37m [32mCopying report from: C:\Users\mytie\IdeaProjects\Playwright_demo\target\allure-report
[0m[37m[2025-11-25 00:30:02] [34m[INFO ][37m [32morg.example.hrmOrange.allure.AllureReportUtils [37m-[37m [32mCopying report to: C:\Users\mytie\IdeaProjects\Playwright_demo\reports\2025-11-25\common_003002
[0m[37m[2025-11-25 00:30:02] [34m[INFO ][37m [32morg.example.hrmOrange.allure.AllureReportUtils [37m-[37m [32m✅ Report copied successfully!
[0m[37m[2025-11-25 00:30:02] [34m[INFO ][37m [32morg.example.hrmOrange.allure.AllureReportUtils [37m-[37m [32mIndex file created at: C:\Users\mytie\IdeaProjects\Playwright_demo\reports\2025-11-25\index.html
[0m[37m[2025-11-25 00:30:02] [34m[INFO ][37m [32morg.example.hrmOrange.allure.AllureReportUtils [37m-[37m [32mRemoved old 'latest' report folder
[0m[37m[2025-11-25 00:30:02] [34m[INFO ][37m [32morg.example.hrmOrange.allure.AllureReportUtils [37m-[37m [32mCreated directory reports\latest
[0m[37m[2025-11-25 00:30:02] [34m[INFO ][37m [32morg.example.hrmOrange.allure.AllureReportUtils [37m-[37m [32m✅ Report copied to 'latest' folder for GitHub tracking
[0m[37m[2025-11-25 00:30:02] [34m[INFO ][37m [32morg.example.hrmOrange.allure.AllureReportUtils [37m-[37m [32mREADME.md created in 'latest' folder
[0m[37m[2025-11-25 00:30:02] [34m[INFO ][37m [32morg.example.hrmOrange.allure.AllureReportUtils [37m-[37m [32m✅ Allure Report generated successfully at: C:\Users\mytie\IdeaProjects\Playwright_demo\reports
[0m[37m[2025-11-25 00:32:25] [34m[DEBUG][37m [32morg.testng.TestNG [37m-[37m [32msuiteXmlPath: "C:\Users\mytie\AppData\Local\JetBrains\IntelliJIdea2025.2\temp-testng-customsuite.xml"
[0m[37m[2025-11-25 00:32:26] [34m[WARN ][37m [32morg.testng.internal.Configuration [37m-[37m [32mDetected a static method [org.example.hrmOrange.common.BaseTest.beforeSuite()]. Static configuration methods can cause unexpected behavior.
[0m[37m[2025-11-25 00:32:26] [34m[WARN ][37m [32morg.testng.internal.Configuration [37m-[37m [32mDetected a static method [org.example.hrmOrange.common.BaseTest.afterSuite()]. Static configuration methods can cause unexpected behavior.
[0m[37m[2025-11-25 00:32:26] [34m[INFO ][37m [32morg.testng.internal.Utils [37m-[37m [32m[TestNG] Running:
  C:\Users\mytie\AppData\Local\JetBrains\IntelliJIdea2025.2\temp-testng-customsuite.xml

[0m[37m[2025-11-25 00:32:26] [34m[INFO ][37m [32morg.example.hrmOrange.allure.AllureReportUtils [37m-[37m [32mRemoved old report
[0m[37m[2025-11-25 00:32:28] [34m[INFO ][37m [32morg.example.hrmOrange.allure.LogUtils [37m-[37m [32mNavigate to URL: https://opensource-demo.orangehrmlive.com/web/index.php/auth/login
[0m[37m[2025-11-25 00:32:34] [34m[INFO ][37m [32morg.example.hrmOrange.allure.LogUtils [37m-[37m [32mNavigate to URL: https://opensource-demo.orangehrmlive.com/web/index.php/auth/login
[0m[37m[2025-11-25 00:32:35] [34m[INFO ][37m [32morg.example.hrmOrange.allure.LogUtils [37m-[37m [32mWait until visible: //input[@name='username']
[0m[37m[2025-11-25 00:32:40] [34m[INFO ][37m [32morg.example.hrmOrange.allure.AllureReportUtils [37m-[37m [32mStarting Allure report generation...
[0m[37m[2025-11-25 00:32:40] [34m[INFO ][37m [32morg.example.hrmOrange.allure.AllureReportUtils [37m-[37m [32mRunning: mvn allure:report
[0m[37m[2025-11-25 00:32:45] [34m[INFO ][37m [32morg.example.hrmOrange.allure.AllureReportUtils [37m-[37m [32mLooking for Allure report at: C:\Users\mytie\IdeaProjects\Playwright_demo\target\site\allure-maven-plugin
[0m[37m[2025-11-25 00:32:45] [34m[WARN ][37m [32morg.example.hrmOrange.allure.AllureReportUtils [37m-[37m [32m⚠️ Allure report directory not found at: C:\Users\mytie\IdeaProjects\Playwright_demo\target\site\allure-maven-plugin
[0m[37m[2025-11-25 00:32:45] [34m[INFO ][37m [32morg.example.hrmOrange.allure.AllureReportUtils [37m-[37m [32mChecking alternative location: target/allure-report
[0m[37m[2025-11-25 00:32:45] [34m[INFO ][37m [32morg.example.hrmOrange.allure.AllureReportUtils [37m-[37m [32mFound report at alternative location: C:\Users\mytie\IdeaProjects\Playwright_demo\target\allure-report
[0m[37m[2025-11-25 00:32:45] [34m[INFO ][37m [32morg.example.hrmOrange.allure.AllureReportUtils [37m-[37m [32mCreated directory reports\2025-11-25\common_003245
[0m[37m[2025-11-25 00:32:45] [34m[INFO ][37m [32morg.example.hrmOrange.allure.AllureReportUtils [37m-[37m [32mCopying report from: C:\Users\mytie\IdeaProjects\Playwright_demo\target\allure-report
[0m[37m[2025-11-25 00:32:45] [34m[INFO ][37m [32morg.example.hrmOrange.allure.AllureReportUtils [37m-[37m [32mCopying report to: C:\Users\mytie\IdeaProjects\Playwright_demo\reports\2025-11-25\common_003245
[0m[37m[2025-11-25 00:32:45] [34m[INFO ][37m [32morg.example.hrmOrange.allure.AllureReportUtils [37m-[37m [32m✅ Report copied successfully!
[0m[37m[2025-11-25 00:32:45] [34m[INFO ][37m [32morg.example.hrmOrange.allure.AllureReportUtils [37m-[37m [32mIndex file created at: C:\Users\mytie\IdeaProjects\Playwright_demo\reports\2025-11-25\index.html
[0m[37m[2025-11-25 00:32:45] [34m[INFO ][37m [32morg.example.hrmOrange.allure.AllureReportUtils [37m-[37m [32mRemoved old 'latest' report folder
[0m[37m[2025-11-25 00:32:45] [34m[INFO ][37m [32morg.example.hrmOrange.allure.AllureReportUtils [37m-[37m [32mCreated directory reports\latest
[0m[37m[2025-11-25 00:32:45] [34m[INFO ][37m [32morg.example.hrmOrange.allure.AllureReportUtils [37m-[37m [32m✅ Report copied to 'latest' folder for GitHub tracking
[0m[37m[2025-11-25 00:32:45] [34m[INFO ][37m [32morg.example.hrmOrange.allure.AllureReportUtils [37m-[37m [32mREADME.md created in 'latest' folder
[0m[37m[2025-11-25 00:32:45] [34m[INFO ][37m [32morg.example.hrmOrange.allure.AllureReportUtils [37m-[37m [32m✅ Allure Report generated successfully at: C:\Users\mytie\IdeaProjects\Playwright_demo\reports
[0m[37m[2025-11-25 00:33:11] [34m[DEBUG][37m [32morg.testng.TestNG [37m-[37m [32msuiteXmlPath: "C:\Users\mytie\AppData\Local\JetBrains\IntelliJIdea2025.2\temp-testng-customsuite.xml"
[0m[37m[2025-11-25 00:33:12] [34m[WARN ][37m [32morg.testng.internal.Configuration [37m-[37m [32mDetected a static method [org.example.hrmOrange.common.BaseTest.beforeSuite()]. Static configuration methods can cause unexpected behavior.
[0m[37m[2025-11-25 00:33:12] [34m[WARN ][37m [32morg.testng.internal.Configuration [37m-[37m [32mDetected a static method [org.example.hrmOrange.common.BaseTest.afterSuite()]. Static configuration methods can cause unexpected behavior.
[0m[37m[2025-11-25 00:33:12] [34m[INFO ][37m [32morg.testng.internal.Utils [37m-[37m [32m[TestNG] Running:
  C:\Users\mytie\AppData\Local\JetBrains\IntelliJIdea2025.2\temp-testng-customsuite.xml

[0m[37m[2025-11-25 00:33:12] [34m[INFO ][37m [32morg.example.hrmOrange.allure.AllureReportUtils [37m-[37m [32mRemoved old report
[0m[37m[2025-11-25 00:33:15] [34m[INFO ][37m [32morg.example.hrmOrange.allure.LogUtils [37m-[37m [32mNavigate to URL: https://opensource-demo.orangehrmlive.com/web/index.php/auth/login
[0m[37m[2025-11-25 00:33:31] [34m[INFO ][37m [32morg.example.hrmOrange.allure.LogUtils [37m-[37m [32mNavigate to URL: https://opensource-demo.orangehrmlive.com/web/index.php/auth/login
[0m[37m[2025-11-25 00:33:31] [34m[INFO ][37m [32morg.example.hrmOrange.allure.LogUtils [37m-[37m [32mWait until visible: //input[@name='username']
[0m[37m[2025-11-25 00:33:33] [34m[INFO ][37m [32morg.example.hrmOrange.allure.LogUtils [37m-[37m [32mFill input //input[@name='username'] with: Admin
[0m[37m[2025-11-25 00:33:33] [34m[INFO ][37m [32morg.example.hrmOrange.allure.LogUtils [37m-[37m [32mFill input //input[@name='password'] with: admin123
[0m[37m[2025-11-25 00:33:33] [34m[INFO ][37m [32morg.example.hrmOrange.allure.LogUtils [37m-[37m [32mClick element: //button[@type='submit']
[0m[37m[2025-11-25 00:33:34] [34m[INFO ][37m [32morg.example.hrmOrange.allure.LogUtils [37m-[37m [32mWait until visible: //h6[normalize-space()='Dashboard']
[0m[37m[2025-11-25 00:33:35] [34m[INFO ][37m [32morg.example.hrmOrange.allure.LogUtils [37m-[37m [32mVerify visible: //h6[normalize-space()='Dashboard'] → true
[0m[37m[2025-11-25 00:33:35] [34m[INFO ][37m [32morg.example.hrmOrange.allure.LogUtils [37m-[37m [32mClick element: //span[normalize-space()='Admin']
[0m[37m[2025-11-25 00:33:36] [34m[INFO ][37m [32morg.example.hrmOrange.allure.LogUtils [37m-[37m [32mWait until visible: //label[normalize-space()='Username']/parent::div/following-sibling::div//input
[0m[37m[2025-11-25 00:33:37] [34m[INFO ][37m [32morg.example.hrmOrange.allure.LogUtils [37m-[37m [32mClick element: //button[normalize-space()='Add']
[0m[37m[2025-11-25 00:33:39] [34m[INFO ][37m [32morg.example.hrmOrange.allure.LogUtils [37m-[37m [32mWait until visible: //h6[normalize-space()='Add User']
[0m[37m[2025-11-25 00:33:39] [34m[INFO ][37m [32morg.example.hrmOrange.allure.LogUtils [37m-[37m [32mClick element: //input[@placeholder='Type for hints...']
[0m[37m[2025-11-25 00:33:39] [34m[INFO ][37m [32morg.example.hrmOrange.allure.LogUtils [37m-[37m [32mFill input //input[@placeholder='Type for hints...'] with: 
[0m[37m[2025-11-25 00:33:39] [34m[INFO ][37m [32morg.example.hrmOrange.allure.LogUtils [37m-[37m [32mType text into //input[@placeholder='Type for hints...']: Akh
[0m[37m[2025-11-25 00:33:41] [34m[INFO ][37m [32morg.example.hrmOrange.allure.LogUtils [37m-[37m [32mWait until visible: //div[@role='listbox']
[0m[37m[2025-11-25 00:33:41] [34m[INFO ][37m [32morg.example.hrmOrange.allure.LogUtils [37m-[37m [32mClick element: //div[@role='listbox']//div[@role='option'][1]
[0m[37m[2025-11-25 00:33:42] [34m[INFO ][37m [32morg.example.hrmOrange.allure.LogUtils [37m-[37m [32mFill input //label[normalize-space()='Username']/parent::div/following-sibling::div//input with: TestAdmin08
[0m[37m[2025-11-25 00:33:42] [34m[INFO ][37m [32morg.example.hrmOrange.allure.LogUtils [37m-[37m [32mClick element: //h6[normalize-space()='Add User']
[0m[37m[2025-11-25 00:33:42] [34m[INFO ][37m [32morg.example.hrmOrange.allure.LogUtils [37m-[37m [32mClick element: //label[normalize-space()='User Role']/following::div[contains(@class,'oxd-select-text--after')][1]
[0m[37m[2025-11-25 00:33:42] [34m[INFO ][37m [32morg.example.hrmOrange.allure.LogUtils [37m-[37m [32mClick element: //div[@role='option']//span[normalize-space()='Admin']
[0m[37m[2025-11-25 00:33:42] [34m[INFO ][37m [32morg.example.hrmOrange.allure.LogUtils [37m-[37m [32mFill input //label[normalize-space()='Password']/parent::div/following-sibling::div//input with: admin123
[0m[37m[2025-11-25 00:33:42] [34m[INFO ][37m [32morg.example.hrmOrange.allure.LogUtils [37m-[37m [32mFill input //label[normalize-space()='Confirm Password']/parent::div/following-sibling::div//input with: admin123
[0m[37m[2025-11-25 00:33:42] [34m[INFO ][37m [32morg.example.hrmOrange.allure.LogUtils [37m-[37m [32mClick element: //button[contains(@class,'orangehrm-left-space') and @type='submit']

[0m[37m[2025-11-25 00:34:02] [34m[INFO ][37m [32morg.example.hrmOrange.allure.LogUtils [37m-[37m [32mWait until visible: //span[contains(@class, 'oxd-input-field-error-message') and text()='Required']
[0m[37m[2025-11-25 00:34:02] [34m[INFO ][37m [32morg.example.hrmOrange.allure.LogUtils [37m-[37m [32mVerify visible: //span[contains(@class, 'oxd-input-field-error-message') and text()='Required'] → true
[0m[37m[2025-11-25 00:34:03] [34m[INFO ][37m [32morg.example.hrmOrange.allure.AllureReportUtils [37m-[37m [32mStarting Allure report generation...
[0m[37m[2025-11-25 00:34:03] [34m[INFO ][37m [32morg.example.hrmOrange.allure.AllureReportUtils [37m-[37m [32mRunning: mvn allure:report
[0m[37m[2025-11-25 00:34:07] [34m[INFO ][37m [32morg.example.hrmOrange.allure.AllureReportUtils [37m-[37m [32mLooking for Allure report at: C:\Users\mytie\IdeaProjects\Playwright_demo\target\site\allure-maven-plugin
[0m[37m[2025-11-25 00:34:07] [34m[WARN ][37m [32morg.example.hrmOrange.allure.AllureReportUtils [37m-[37m [32m⚠️ Allure report directory not found at: C:\Users\mytie\IdeaProjects\Playwright_demo\target\site\allure-maven-plugin
[0m[37m[2025-11-25 00:34:07] [34m[INFO ][37m [32morg.example.hrmOrange.allure.AllureReportUtils [37m-[37m [32mChecking alternative location: target/allure-report
[0m[37m[2025-11-25 00:34:07] [34m[INFO ][37m [32morg.example.hrmOrange.allure.AllureReportUtils [37m-[37m [32mFound report at alternative location: C:\Users\mytie\IdeaProjects\Playwright_demo\target\allure-report
[0m[37m[2025-11-25 00:34:07] [34m[INFO ][37m [32morg.example.hrmOrange.allure.AllureReportUtils [37m-[37m [32mCreated directory reports\2025-11-25\common_003407
[0m[37m[2025-11-25 00:34:07] [34m[INFO ][37m [32morg.example.hrmOrange.allure.AllureReportUtils [37m-[37m [32mCopying report from: C:\Users\mytie\IdeaProjects\Playwright_demo\target\allure-report
[0m[37m[2025-11-25 00:34:07] [34m[INFO ][37m [32morg.example.hrmOrange.allure.AllureReportUtils [37m-[37m [32mCopying report to: C:\Users\mytie\IdeaProjects\Playwright_demo\reports\2025-11-25\common_003407
[0m[37m[2025-11-25 00:34:07] [34m[INFO ][37m [32morg.example.hrmOrange.allure.AllureReportUtils [37m-[37m [32m✅ Report copied successfully!
[0m[37m[2025-11-25 00:34:07] [34m[INFO ][37m [32morg.example.hrmOrange.allure.AllureReportUtils [37m-[37m [32mIndex file created at: C:\Users\mytie\IdeaProjects\Playwright_demo\reports\2025-11-25\index.html
[0m[37m[2025-11-25 00:34:08] [34m[INFO ][37m [32morg.example.hrmOrange.allure.AllureReportUtils [37m-[37m [32mRemoved old 'latest' report folder
[0m[37m[2025-11-25 00:34:08] [34m[INFO ][37m [32morg.example.hrmOrange.allure.AllureReportUtils [37m-[37m [32mCreated directory reports\latest
[0m[37m[2025-11-25 00:34:08] [34m[INFO ][37m [32morg.example.hrmOrange.allure.AllureReportUtils [37m-[37m [32m✅ Report copied to 'latest' folder for GitHub tracking
[0m[37m[2025-11-25 00:34:08] [34m[INFO ][37m [32morg.example.hrmOrange.allure.AllureReportUtils [37m-[37m [32mREADME.md created in 'latest' folder
[0m[37m[2025-11-25 00:34:08] [34m[INFO ][37m [32morg.example.hrmOrange.allure.AllureReportUtils [37m-[37m [32m✅ Allure Report generated successfully at: C:\Users\mytie\IdeaProjects\Playwright_demo\reports
[0m[37m[2025-11-25 00:36:04] [34m[DEBUG][37m [32morg.testng.TestNG [37m-[37m [32msuiteXmlPath: "C:\Users\mytie\AppData\Local\JetBrains\IntelliJIdea2025.2\temp-testng-customsuite.xml"
[0m[37m[2025-11-25 00:36:04] [34m[WARN ][37m [32morg.testng.internal.Configuration [37m-[37m [32mDetected a static method [org.example.hrmOrange.common.BaseTest.beforeSuite()]. Static configuration methods can cause unexpected behavior.
[0m[37m[2025-11-25 00:36:04] [34m[WARN ][37m [32morg.testng.internal.Configuration [37m-[37m [32mDetected a static method [org.example.hrmOrange.common.BaseTest.afterSuite()]. Static configuration methods can cause unexpected behavior.
[0m[37m[2025-11-25 00:36:04] [34m[INFO ][37m [32morg.testng.internal.Utils [37m-[37m [32m[TestNG] Running:
  C:\Users\mytie\AppData\Local\JetBrains\IntelliJIdea2025.2\temp-testng-customsuite.xml

[0m[37m[2025-11-25 00:36:04] [34m[INFO ][37m [32morg.example.hrmOrange.allure.AllureReportUtils [37m-[37m [32mRemoved old report
[0m[37m[2025-11-25 00:36:07] [34m[INFO ][37m [32morg.example.hrmOrange.allure.LogUtils [37m-[37m [32mNavigate to URL: https://opensource-demo.orangehrmlive.com/web/index.php/auth/login
[0m[37m[2025-11-25 00:36:11] [34m[INFO ][37m [32morg.example.hrmOrange.allure.LogUtils [37m-[37m [32mNavigate to URL: https://opensource-demo.orangehrmlive.com/web/index.php/auth/login
[0m[37m[2025-11-25 00:36:11] [34m[INFO ][37m [32morg.example.hrmOrange.allure.LogUtils [37m-[37m [32mWait until visible: //input[@name='username']
[0m[37m[2025-11-25 00:36:12] [34m[INFO ][37m [32morg.example.hrmOrange.allure.LogUtils [37m-[37m [32mFill input //input[@name='username'] with: Admin
[0m[37m[2025-11-25 00:36:12] [34m[INFO ][37m [32morg.example.hrmOrange.allure.LogUtils [37m-[37m [32mFill input //input[@name='password'] with: admin123
[0m[37m[2025-11-25 00:36:12] [34m[INFO ][37m [32morg.example.hrmOrange.allure.LogUtils [37m-[37m [32mClick element: //button[@type='submit']
[0m[37m[2025-11-25 00:36:13] [34m[INFO ][37m [32morg.example.hrmOrange.allure.LogUtils [37m-[37m [32mWait until visible: //h6[normalize-space()='Dashboard']
[0m[37m[2025-11-25 00:36:14] [34m[INFO ][37m [32morg.example.hrmOrange.allure.LogUtils [37m-[37m [32mVerify visible: //h6[normalize-space()='Dashboard'] → true
[0m[37m[2025-11-25 00:36:14] [34m[INFO ][37m [32morg.example.hrmOrange.allure.LogUtils [37m-[37m [32mClick element: //span[normalize-space()='Admin']
[0m[37m[2025-11-25 00:36:15] [34m[INFO ][37m [32morg.example.hrmOrange.allure.LogUtils [37m-[37m [32mWait until visible: //label[normalize-space()='Username']/parent::div/following-sibling::div//input
[0m[37m[2025-11-25 00:36:16] [34m[INFO ][37m [32morg.example.hrmOrange.allure.LogUtils [37m-[37m [32mClick element: //button[normalize-space()='Add']
[0m[37m[2025-11-25 00:36:18] [34m[INFO ][37m [32morg.example.hrmOrange.allure.LogUtils [37m-[37m [32mWait until visible: //h6[normalize-space()='Add User']
[0m[37m[2025-11-25 00:36:18] [34m[INFO ][37m [32morg.example.hrmOrange.allure.LogUtils [37m-[37m [32mClick element: //input[@placeholder='Type for hints...']
[0m[37m[2025-11-25 00:36:18] [34m[INFO ][37m [32morg.example.hrmOrange.allure.LogUtils [37m-[37m [32mFill input //input[@placeholder='Type for hints...'] with: 
[0m[37m[2025-11-25 00:36:18] [34m[INFO ][37m [32morg.example.hrmOrange.allure.LogUtils [37m-[37m [32mType text into //input[@placeholder='Type for hints...']: Akh
[0m[37m[2025-11-25 00:36:20] [34m[INFO ][37m [32morg.example.hrmOrange.allure.LogUtils [37m-[37m [32mWait until visible: //div[@role='listbox']
[0m[37m[2025-11-25 00:36:20] [34m[INFO ][37m [32morg.example.hrmOrange.allure.LogUtils [37m-[37m [32mClick element: //div[@role='listbox']//div[@role='option'][1]
[0m[37m[2025-11-25 00:36:21] [34m[INFO ][37m [32morg.example.hrmOrange.allure.LogUtils [37m-[37m [32mFill input //label[normalize-space()='Username']/parent::div/following-sibling::div//input with: TestAdmin09
[0m[37m[2025-11-25 00:36:21] [34m[INFO ][37m [32morg.example.hrmOrange.allure.LogUtils [37m-[37m [32mClick element: //h6[normalize-space()='Add User']
[0m[37m[2025-11-25 00:36:21] [34m[INFO ][37m [32morg.example.hrmOrange.allure.LogUtils [37m-[37m [32mClick element: //label[normalize-space()='User Role']/following::div[contains(@class,'oxd-select-text--after')][1]
[0m[37m[2025-11-25 00:36:21] [34m[INFO ][37m [32morg.example.hrmOrange.allure.LogUtils [37m-[37m [32mClick element: //div[@role='option']//span[normalize-space()='Admin']
[0m[37m[2025-11-25 00:36:21] [34m[INFO ][37m [32morg.example.hrmOrange.allure.LogUtils [37m-[37m [32mClick element: (//label[normalize-space()='Status']/parent::div/following-sibling::div//div[contains(@class,'oxd-select-text')])[1]
[0m[37m[2025-11-25 00:36:21] [34m[INFO ][37m [32morg.example.hrmOrange.allure.LogUtils [37m-[37m [32mWait until visible: //div[@role='listbox']
[0m[37m[2025-11-25 00:36:21] [34m[INFO ][37m [32morg.example.hrmOrange.allure.LogUtils [37m-[37m [32mClick element: //div[@role='listbox']//span[normalize-space()='Enabled']
[0m[37m[2025-11-25 00:36:21] [34m[INFO ][37m [32morg.example.hrmOrange.allure.LogUtils [37m-[37m [32mClick element: //button[contains(@class,'orangehrm-left-space') and @type='submit']

[0m[37m[2025-11-25 00:36:41] [34m[INFO ][37m [32morg.example.hrmOrange.allure.LogUtils [37m-[37m [32mWait until visible: //span[contains(@class, 'oxd-input-field-error-message') and text()='Required']
[0m[37m[2025-11-25 00:36:41] [34m[INFO ][37m [32morg.example.hrmOrange.allure.LogUtils [37m-[37m [32mVerify visible: //span[contains(@class, 'oxd-input-field-error-message') and text()='Required'] → true
[0m[37m[2025-11-25 00:36:42] [34m[INFO ][37m [32morg.example.hrmOrange.allure.AllureReportUtils [37m-[37m [32mStarting Allure report generation...
[0m[37m[2025-11-25 00:36:42] [34m[INFO ][37m [32morg.example.hrmOrange.allure.AllureReportUtils [37m-[37m [32mRunning: mvn allure:report
[0m[37m[2025-11-25 00:36:46] [34m[INFO ][37m [32morg.example.hrmOrange.allure.AllureReportUtils [37m-[37m [32mLooking for Allure report at: C:\Users\mytie\IdeaProjects\Playwright_demo\target\site\allure-maven-plugin
[0m[37m[2025-11-25 00:36:46] [34m[WARN ][37m [32morg.example.hrmOrange.allure.AllureReportUtils [37m-[37m [32m⚠️ Allure report directory not found at: C:\Users\mytie\IdeaProjects\Playwright_demo\target\site\allure-maven-plugin
[0m[37m[2025-11-25 00:36:46] [34m[INFO ][37m [32morg.example.hrmOrange.allure.AllureReportUtils [37m-[37m [32mChecking alternative location: target/allure-report
[0m[37m[2025-11-25 00:36:46] [34m[INFO ][37m [32morg.example.hrmOrange.allure.AllureReportUtils [37m-[37m [32mFound report at alternative location: C:\Users\mytie\IdeaProjects\Playwright_demo\target\allure-report
[0m[37m[2025-11-25 00:36:46] [34m[INFO ][37m [32morg.example.hrmOrange.allure.AllureReportUtils [37m-[37m [32mCreated directory reports\2025-11-25\common_003646
[0m[37m[2025-11-25 00:36:46] [34m[INFO ][37m [32morg.example.hrmOrange.allure.AllureReportUtils [37m-[37m [32mCopying report from: C:\Users\mytie\IdeaProjects\Playwright_demo\target\allure-report
[0m[37m[2025-11-25 00:36:46] [34m[INFO ][37m [32morg.example.hrmOrange.allure.AllureReportUtils [37m-[37m [32mCopying report to: C:\Users\mytie\IdeaProjects\Playwright_demo\reports\2025-11-25\common_003646
[0m[37m[2025-11-25 00:36:46] [34m[INFO ][37m [32morg.example.hrmOrange.allure.AllureReportUtils [37m-[37m [32m✅ Report copied successfully!
[0m[37m[2025-11-25 00:36:46] [34m[INFO ][37m [32morg.example.hrmOrange.allure.AllureReportUtils [37m-[37m [32mIndex file created at: C:\Users\mytie\IdeaProjects\Playwright_demo\reports\2025-11-25\index.html
[0m[37m[2025-11-25 00:36:46] [34m[INFO ][37m [32morg.example.hrmOrange.allure.AllureReportUtils [37m-[37m [32mRemoved old 'latest' report folder
[0m[37m[2025-11-25 00:36:46] [34m[INFO ][37m [32morg.example.hrmOrange.allure.AllureReportUtils [37m-[37m [32mCreated directory reports\latest
[0m[37m[2025-11-25 00:36:46] [34m[INFO ][37m [32morg.example.hrmOrange.allure.AllureReportUtils [37m-[37m [32m✅ Report copied to 'latest' folder for GitHub tracking
[0m[37m[2025-11-25 00:36:46] [34m[INFO ][37m [32morg.example.hrmOrange.allure.AllureReportUtils [37m-[37m [32mREADME.md created in 'latest' folder
[0m[37m[2025-11-25 00:36:46] [34m[INFO ][37m [32morg.example.hrmOrange.allure.AllureReportUtils [37m-[37m [32m✅ Allure Report generated successfully at: C:\Users\mytie\IdeaProjects\Playwright_demo\reports
[0m[37m[2025-11-25 00:39:43] [34m[DEBUG][37m [32morg.testng.TestNG [37m-[37m [32msuiteXmlPath: "C:\Users\mytie\AppData\Local\JetBrains\IntelliJIdea2025.2\temp-testng-customsuite.xml"
[0m[37m[2025-11-25 00:39:43] [34m[WARN ][37m [32morg.testng.internal.Configuration [37m-[37m [32mDetected a static method [org.example.hrmOrange.common.BaseTest.beforeSuite()]. Static configuration methods can cause unexpected behavior.
[0m[37m[2025-11-25 00:39:43] [34m[WARN ][37m [32morg.testng.internal.Configuration [37m-[37m [32mDetected a static method [org.example.hrmOrange.common.BaseTest.afterSuite()]. Static configuration methods can cause unexpected behavior.
[0m[37m[2025-11-25 00:39:43] [34m[INFO ][37m [32morg.testng.internal.Utils [37m-[37m [32m[TestNG] Running:
  C:\Users\mytie\AppData\Local\JetBrains\IntelliJIdea2025.2\temp-testng-customsuite.xml

[0m[37m[2025-11-25 00:39:43] [34m[INFO ][37m [32morg.example.hrmOrange.allure.AllureReportUtils [37m-[37m [32mRemoved old report
[0m[37m[2025-11-25 00:39:46] [34m[INFO ][37m [32morg.example.hrmOrange.allure.LogUtils [37m-[37m [32mNavigate to URL: https://opensource-demo.orangehrmlive.com/web/index.php/auth/login
[0m[37m[2025-11-25 00:39:50] [34m[INFO ][37m [32morg.example.hrmOrange.allure.LogUtils [37m-[37m [32mNavigate to URL: https://opensource-demo.orangehrmlive.com/web/index.php/auth/login
[0m[37m[2025-11-25 00:39:50] [34m[INFO ][37m [32morg.example.hrmOrange.allure.LogUtils [37m-[37m [32mWait until visible: //input[@name='username']
[0m[37m[2025-11-25 00:39:52] [34m[INFO ][37m [32morg.example.hrmOrange.allure.LogUtils [37m-[37m [32mFill input //input[@name='username'] with: Admin
[0m[37m[2025-11-25 00:39:52] [34m[INFO ][37m [32morg.example.hrmOrange.allure.LogUtils [37m-[37m [32mFill input //input[@name='password'] with: admin123
[0m[37m[2025-11-25 00:39:52] [34m[INFO ][37m [32morg.example.hrmOrange.allure.LogUtils [37m-[37m [32mClick element: //button[@type='submit']
[0m[37m[2025-11-25 00:39:53] [34m[INFO ][37m [32morg.example.hrmOrange.allure.LogUtils [37m-[37m [32mWait until visible: //h6[normalize-space()='Dashboard']
[0m[37m[2025-11-25 00:39:54] [34m[INFO ][37m [32morg.example.hrmOrange.allure.LogUtils [37m-[37m [32mVerify visible: //h6[normalize-space()='Dashboard'] → true
[0m[37m[2025-11-25 00:39:54] [34m[INFO ][37m [32morg.example.hrmOrange.allure.LogUtils [37m-[37m [32mClick element: //span[normalize-space()='Admin']
[0m[37m[2025-11-25 00:39:55] [34m[INFO ][37m [32morg.example.hrmOrange.allure.LogUtils [37m-[37m [32mWait until visible: //label[normalize-space()='Username']/parent::div/following-sibling::div//input
[0m[37m[2025-11-25 00:39:56] [34m[INFO ][37m [32morg.example.hrmOrange.allure.LogUtils [37m-[37m [32mClick element: //button[normalize-space()='Add']
[0m[37m[2025-11-25 00:39:58] [34m[INFO ][37m [32morg.example.hrmOrange.allure.LogUtils [37m-[37m [32mWait until visible: //h6[normalize-space()='Add User']
[0m[37m[2025-11-25 00:39:58] [34m[INFO ][37m [32morg.example.hrmOrange.allure.LogUtils [37m-[37m [32mClick element: //input[@placeholder='Type for hints...']
[0m[37m[2025-11-25 00:39:58] [34m[INFO ][37m [32morg.example.hrmOrange.allure.LogUtils [37m-[37m [32mFill input //input[@placeholder='Type for hints...'] with: 
[0m[37m[2025-11-25 00:39:58] [34m[INFO ][37m [32morg.example.hrmOrange.allure.LogUtils [37m-[37m [32mType text into //input[@placeholder='Type for hints...']: Akh
[0m[37m[2025-11-25 00:40:00] [34m[INFO ][37m [32morg.example.hrmOrange.allure.LogUtils [37m-[37m [32mWait until visible: //div[@role='listbox']
[0m[37m[2025-11-25 00:40:00] [34m[INFO ][37m [32morg.example.hrmOrange.allure.LogUtils [37m-[37m [32mClick element: //div[@role='listbox']//div[@role='option'][1]
[0m[37m[2025-11-25 00:40:01] [34m[INFO ][37m [32morg.example.hrmOrange.allure.LogUtils [37m-[37m [32mFill input //label[normalize-space()='Username']/parent::div/following-sibling::div//input with: TestAdmin10
[0m[37m[2025-11-25 00:40:01] [34m[INFO ][37m [32morg.example.hrmOrange.allure.LogUtils [37m-[37m [32mClick element: //h6[normalize-space()='Add User']
[0m[37m[2025-11-25 00:40:01] [34m[INFO ][37m [32morg.example.hrmOrange.allure.LogUtils [37m-[37m [32mClick element: //label[normalize-space()='User Role']/following::div[contains(@class,'oxd-select-text--after')][1]
[0m[37m[2025-11-25 00:40:01] [34m[INFO ][37m [32morg.example.hrmOrange.allure.LogUtils [37m-[37m [32mClick element: //div[@role='option']//span[normalize-space()='Admin']
[0m[37m[2025-11-25 00:40:01] [34m[INFO ][37m [32morg.example.hrmOrange.allure.LogUtils [37m-[37m [32mClick element: (//label[normalize-space()='Status']/parent::div/following-sibling::div//div[contains(@class,'oxd-select-text')])[1]
[0m[37m[2025-11-25 00:40:01] [34m[INFO ][37m [32morg.example.hrmOrange.allure.LogUtils [37m-[37m [32mWait until visible: //div[@role='listbox']
[0m[37m[2025-11-25 00:40:01] [34m[INFO ][37m [32morg.example.hrmOrange.allure.LogUtils [37m-[37m [32mClick element: //div[@role='listbox']//span[normalize-space()='Enabled']
[0m[37m[2025-11-25 00:40:01] [34m[INFO ][37m [32morg.example.hrmOrange.allure.LogUtils [37m-[37m [32mFill input //label[normalize-space()='Password']/parent::div/following-sibling::div//input with: Password123
[0m[37m[2025-11-25 00:40:01] [34m[INFO ][37m [32morg.example.hrmOrange.allure.LogUtils [37m-[37m [32mFill input //label[normalize-space()='Confirm Password']/parent::div/following-sibling::div//input with: DifferentPassword456
[0m[37m[2025-11-25 00:40:01] [34m[INFO ][37m [32morg.example.hrmOrange.allure.LogUtils [37m-[37m [32mClick element: //button[contains(@class,'orangehrm-left-space') and @type='submit']

[0m[37m[2025-11-25 00:40:24] [34m[INFO ][37m [32morg.example.hrmOrange.allure.AllureReportUtils [37m-[37m [32mStarting Allure report generation...
[0m[37m[2025-11-25 00:40:24] [34m[INFO ][37m [32morg.example.hrmOrange.allure.AllureReportUtils [37m-[37m [32mRunning: mvn allure:report
[0m[37m[2025-11-25 00:40:28] [34m[INFO ][37m [32morg.example.hrmOrange.allure.AllureReportUtils [37m-[37m [32mLooking for Allure report at: C:\Users\mytie\IdeaProjects\Playwright_demo\target\site\allure-maven-plugin
[0m[37m[2025-11-25 00:40:28] [34m[WARN ][37m [32morg.example.hrmOrange.allure.AllureReportUtils [37m-[37m [32m⚠️ Allure report directory not found at: C:\Users\mytie\IdeaProjects\Playwright_demo\target\site\allure-maven-plugin
[0m[37m[2025-11-25 00:40:28] [34m[INFO ][37m [32morg.example.hrmOrange.allure.AllureReportUtils [37m-[37m [32mChecking alternative location: target/allure-report
[0m[37m[2025-11-25 00:40:28] [34m[INFO ][37m [32morg.example.hrmOrange.allure.AllureReportUtils [37m-[37m [32mFound report at alternative location: C:\Users\mytie\IdeaProjects\Playwright_demo\target\allure-report
[0m[37m[2025-11-25 00:40:28] [34m[INFO ][37m [32morg.example.hrmOrange.allure.AllureReportUtils [37m-[37m [32mCreated directory reports\2025-11-25\common_004028
[0m[37m[2025-11-25 00:40:28] [34m[INFO ][37m [32morg.example.hrmOrange.allure.AllureReportUtils [37m-[37m [32mCopying report from: C:\Users\mytie\IdeaProjects\Playwright_demo\target\allure-report
[0m[37m[2025-11-25 00:40:28] [34m[INFO ][37m [32morg.example.hrmOrange.allure.AllureReportUtils [37m-[37m [32mCopying report to: C:\Users\mytie\IdeaProjects\Playwright_demo\reports\2025-11-25\common_004028
[0m[37m[2025-11-25 00:40:29] [34m[INFO ][37m [32morg.example.hrmOrange.allure.AllureReportUtils [37m-[37m [32m✅ Report copied successfully!
[0m[37m[2025-11-25 00:40:29] [34m[INFO ][37m [32morg.example.hrmOrange.allure.AllureReportUtils [37m-[37m [32mIndex file created at: C:\Users\mytie\IdeaProjects\Playwright_demo\reports\2025-11-25\index.html
[0m[37m[2025-11-25 00:40:29] [34m[INFO ][37m [32morg.example.hrmOrange.allure.AllureReportUtils [37m-[37m [32mRemoved old 'latest' report folder
[0m[37m[2025-11-25 00:40:29] [34m[INFO ][37m [32morg.example.hrmOrange.allure.AllureReportUtils [37m-[37m [32mCreated directory reports\latest
[0m[37m[2025-11-25 00:40:29] [34m[INFO ][37m [32morg.example.hrmOrange.allure.AllureReportUtils [37m-[37m [32m✅ Report copied to 'latest' folder for GitHub tracking
[0m[37m[2025-11-25 00:40:29] [34m[INFO ][37m [32morg.example.hrmOrange.allure.AllureReportUtils [37m-[37m [32mREADME.md created in 'latest' folder
[0m[37m[2025-11-25 00:40:29] [34m[INFO ][37m [32morg.example.hrmOrange.allure.AllureReportUtils [37m-[37m [32m✅ Allure Report generated successfully at: C:\Users\mytie\IdeaProjects\Playwright_demo\reports
[0m[37m[2025-11-25 00:42:10] [34m[DEBUG][37m [32morg.testng.TestNG [37m-[37m [32msuiteXmlPath: "C:\Users\mytie\AppData\Local\JetBrains\IntelliJIdea2025.2\temp-testng-customsuite.xml"
[0m[37m[2025-11-25 00:42:11] [34m[WARN ][37m [32morg.testng.internal.Configuration [37m-[37m [32mDetected a static method [org.example.hrmOrange.common.BaseTest.beforeSuite()]. Static configuration methods can cause unexpected behavior.
[0m[37m[2025-11-25 00:42:11] [34m[WARN ][37m [32morg.testng.internal.Configuration [37m-[37m [32mDetected a static method [org.example.hrmOrange.common.BaseTest.afterSuite()]. Static configuration methods can cause unexpected behavior.
[0m[37m[2025-11-25 00:42:11] [34m[INFO ][37m [32morg.testng.internal.Utils [37m-[37m [32m[TestNG] Running:
  C:\Users\mytie\AppData\Local\JetBrains\IntelliJIdea2025.2\temp-testng-customsuite.xml

[0m[37m[2025-11-25 00:42:11] [34m[INFO ][37m [32morg.example.hrmOrange.allure.AllureReportUtils [37m-[37m [32mRemoved old report
[0m[37m[2025-11-25 00:42:13] [34m[INFO ][37m [32morg.example.hrmOrange.allure.LogUtils [37m-[37m [32mNavigate to URL: https://opensource-demo.orangehrmlive.com/web/index.php/auth/login
[0m[37m[2025-11-25 00:42:20] [34m[INFO ][37m [32morg.example.hrmOrange.allure.LogUtils [37m-[37m [32mNavigate to URL: https://opensource-demo.orangehrmlive.com/web/index.php/auth/login
[0m[37m[2025-11-25 00:42:20] [34m[INFO ][37m [32morg.example.hrmOrange.allure.LogUtils [37m-[37m [32mWait until visible: //input[@name='username']
[0m[37m[2025-11-25 00:42:22] [34m[INFO ][37m [32morg.example.hrmOrange.allure.LogUtils [37m-[37m [32mFill input //input[@name='username'] with: Admin
[0m[37m[2025-11-25 00:42:22] [34m[INFO ][37m [32morg.example.hrmOrange.allure.LogUtils [37m-[37m [32mFill input //input[@name='password'] with: admin123
[0m[37m[2025-11-25 00:42:22] [34m[INFO ][37m [32morg.example.hrmOrange.allure.LogUtils [37m-[37m [32mClick element: //button[@type='submit']
[0m[37m[2025-11-25 00:42:24] [34m[INFO ][37m [32morg.example.hrmOrange.allure.LogUtils [37m-[37m [32mWait until visible: //h6[normalize-space()='Dashboard']
[0m[37m[2025-11-25 00:42:25] [34m[INFO ][37m [32morg.example.hrmOrange.allure.LogUtils [37m-[37m [32mVerify visible: //h6[normalize-space()='Dashboard'] → true
[0m[37m[2025-11-25 00:42:25] [34m[INFO ][37m [32morg.example.hrmOrange.allure.LogUtils [37m-[37m [32mClick element: //span[normalize-space()='Admin']
[0m[37m[2025-11-25 00:42:26] [34m[INFO ][37m [32morg.example.hrmOrange.allure.LogUtils [37m-[37m [32mWait until visible: //label[normalize-space()='Username']/parent::div/following-sibling::div//input
[0m[37m[2025-11-25 00:42:27] [34m[INFO ][37m [32morg.example.hrmOrange.allure.LogUtils [37m-[37m [32mClick element: //button[normalize-space()='Add']
[0m[37m[2025-11-25 00:42:28] [34m[INFO ][37m [32morg.example.hrmOrange.allure.LogUtils [37m-[37m [32mWait until visible: //h6[normalize-space()='Add User']
[0m[37m[2025-11-25 00:42:28] [34m[INFO ][37m [32morg.example.hrmOrange.allure.LogUtils [37m-[37m [32mClick element: //input[@placeholder='Type for hints...']
[0m[37m[2025-11-25 00:42:29] [34m[INFO ][37m [32morg.example.hrmOrange.allure.LogUtils [37m-[37m [32mFill input //input[@placeholder='Type for hints...'] with: 
[0m[37m[2025-11-25 00:42:29] [34m[INFO ][37m [32morg.example.hrmOrange.allure.LogUtils [37m-[37m [32mType text into //input[@placeholder='Type for hints...']: Akh
[0m[37m[2025-11-25 00:42:31] [34m[INFO ][37m [32morg.example.hrmOrange.allure.LogUtils [37m-[37m [32mWait until visible: //div[@role='listbox']
[0m[37m[2025-11-25 00:42:31] [34m[INFO ][37m [32morg.example.hrmOrange.allure.LogUtils [37m-[37m [32mClick element: //div[@role='listbox']//div[@role='option'][1]
[0m[37m[2025-11-25 00:42:31] [34m[INFO ][37m [32morg.example.hrmOrange.allure.LogUtils [37m-[37m [32mFill input //label[normalize-space()='Username']/parent::div/following-sibling::div//input with: TestAdmin10
[0m[37m[2025-11-25 00:42:31] [34m[INFO ][37m [32morg.example.hrmOrange.allure.LogUtils [37m-[37m [32mClick element: //h6[normalize-space()='Add User']
[0m[37m[2025-11-25 00:42:32] [34m[INFO ][37m [32morg.example.hrmOrange.allure.LogUtils [37m-[37m [32mClick element: //label[normalize-space()='User Role']/following::div[contains(@class,'oxd-select-text--after')][1]
[0m[37m[2025-11-25 00:42:32] [34m[INFO ][37m [32morg.example.hrmOrange.allure.LogUtils [37m-[37m [32mClick element: //div[@role='option']//span[normalize-space()='Admin']
[0m[37m[2025-11-25 00:42:32] [34m[INFO ][37m [32morg.example.hrmOrange.allure.LogUtils [37m-[37m [32mClick element: (//label[normalize-space()='Status']/parent::div/following-sibling::div//div[contains(@class,'oxd-select-text')])[1]
[0m[37m[2025-11-25 00:42:32] [34m[INFO ][37m [32morg.example.hrmOrange.allure.LogUtils [37m-[37m [32mWait until visible: //div[@role='listbox']
[0m[37m[2025-11-25 00:42:32] [34m[INFO ][37m [32morg.example.hrmOrange.allure.LogUtils [37m-[37m [32mClick element: //div[@role='listbox']//span[normalize-space()='Enabled']
[0m[37m[2025-11-25 00:42:32] [34m[INFO ][37m [32morg.example.hrmOrange.allure.LogUtils [37m-[37m [32mFill input //label[normalize-space()='Password']/parent::div/following-sibling::div//input with: Password123
[0m[37m[2025-11-25 00:42:32] [34m[INFO ][37m [32morg.example.hrmOrange.allure.LogUtils [37m-[37m [32mFill input //label[normalize-space()='Confirm Password']/parent::div/following-sibling::div//input with: DifferentPassword456
[0m[37m[2025-11-25 00:42:32] [34m[INFO ][37m [32morg.example.hrmOrange.allure.LogUtils [37m-[37m [32mClick element: //button[contains(@class,'orangehrm-left-space') and @type='submit']

[0m[37m[2025-11-25 00:42:55] [34m[INFO ][37m [32morg.example.hrmOrange.allure.AllureReportUtils [37m-[37m [32mStarting Allure report generation...
[0m[37m[2025-11-25 00:42:55] [34m[INFO ][37m [32morg.example.hrmOrange.allure.AllureReportUtils [37m-[37m [32mRunning: mvn allure:report
[0m[37m[2025-11-25 00:42:59] [34m[INFO ][37m [32morg.example.hrmOrange.allure.AllureReportUtils [37m-[37m [32mLooking for Allure report at: C:\Users\mytie\IdeaProjects\Playwright_demo\target\site\allure-maven-plugin
[0m[37m[2025-11-25 00:42:59] [34m[WARN ][37m [32morg.example.hrmOrange.allure.AllureReportUtils [37m-[37m [32m⚠️ Allure report directory not found at: C:\Users\mytie\IdeaProjects\Playwright_demo\target\site\allure-maven-plugin
[0m[37m[2025-11-25 00:42:59] [34m[INFO ][37m [32morg.example.hrmOrange.allure.AllureReportUtils [37m-[37m [32mChecking alternative location: target/allure-report
[0m[37m[2025-11-25 00:42:59] [34m[INFO ][37m [32morg.example.hrmOrange.allure.AllureReportUtils [37m-[37m [32mFound report at alternative location: C:\Users\mytie\IdeaProjects\Playwright_demo\target\allure-report
[0m[37m[2025-11-25 00:42:59] [34m[INFO ][37m [32morg.example.hrmOrange.allure.AllureReportUtils [37m-[37m [32mCreated directory reports\2025-11-25\common_004259
[0m[37m[2025-11-25 00:42:59] [34m[INFO ][37m [32morg.example.hrmOrange.allure.AllureReportUtils [37m-[37m [32mCopying report from: C:\Users\mytie\IdeaProjects\Playwright_demo\target\allure-report
[0m[37m[2025-11-25 00:42:59] [34m[INFO ][37m [32morg.example.hrmOrange.allure.AllureReportUtils [37m-[37m [32mCopying report to: C:\Users\mytie\IdeaProjects\Playwright_demo\reports\2025-11-25\common_004259
[0m[37m[2025-11-25 00:42:59] [34m[INFO ][37m [32morg.example.hrmOrange.allure.AllureReportUtils [37m-[37m [32m✅ Report copied successfully!
[0m[37m[2025-11-25 00:42:59] [34m[INFO ][37m [32morg.example.hrmOrange.allure.AllureReportUtils [37m-[37m [32mIndex file created at: C:\Users\mytie\IdeaProjects\Playwright_demo\reports\2025-11-25\index.html
[0m[37m[2025-11-25 00:42:59] [34m[INFO ][37m [32morg.example.hrmOrange.allure.AllureReportUtils [37m-[37m [32mRemoved old 'latest' report folder
[0m[37m[2025-11-25 00:42:59] [34m[INFO ][37m [32morg.example.hrmOrange.allure.AllureReportUtils [37m-[37m [32mCreated directory reports\latest
[0m[37m[2025-11-25 00:42:59] [34m[INFO ][37m [32morg.example.hrmOrange.allure.AllureReportUtils [37m-[37m [32m✅ Report copied to 'latest' folder for GitHub tracking
[0m[37m[2025-11-25 00:42:59] [34m[INFO ][37m [32morg.example.hrmOrange.allure.AllureReportUtils [37m-[37m [32mREADME.md created in 'latest' folder
[0m[37m[2025-11-25 00:42:59] [34m[INFO ][37m [32morg.example.hrmOrange.allure.AllureReportUtils [37m-[37m [32m✅ Allure Report generated successfully at: C:\Users\mytie\IdeaProjects\Playwright_demo\reports
[0m[37m[2025-11-25 00:44:30] [34m[DEBUG][37m [32morg.testng.TestNG [37m-[37m [32msuiteXmlPath: "C:\Users\mytie\AppData\Local\JetBrains\IntelliJIdea2025.2\temp-testng-customsuite.xml"
[0m[37m[2025-11-25 00:44:31] [34m[WARN ][37m [32morg.testng.internal.Configuration [37m-[37m [32mDetected a static method [org.example.hrmOrange.common.BaseTest.beforeSuite()]. Static configuration methods can cause unexpected behavior.
[0m[37m[2025-11-25 00:44:31] [34m[WARN ][37m [32morg.testng.internal.Configuration [37m-[37m [32mDetected a static method [org.example.hrmOrange.common.BaseTest.afterSuite()]. Static configuration methods can cause unexpected behavior.
[0m[37m[2025-11-25 00:44:31] [34m[INFO ][37m [32morg.testng.internal.Utils [37m-[37m [32m[TestNG] Running:
  C:\Users\mytie\AppData\Local\JetBrains\IntelliJIdea2025.2\temp-testng-customsuite.xml

[0m[37m[2025-11-25 00:44:31] [34m[INFO ][37m [32morg.example.hrmOrange.allure.AllureReportUtils [37m-[37m [32mRemoved old report
[0m[37m[2025-11-25 00:44:33] [34m[INFO ][37m [32morg.example.hrmOrange.allure.LogUtils [37m-[37m [32mNavigate to URL: https://opensource-demo.orangehrmlive.com/web/index.php/auth/login
[0m[37m[2025-11-25 00:44:47] [34m[INFO ][37m [32morg.example.hrmOrange.allure.LogUtils [37m-[37m [32mNavigate to URL: https://opensource-demo.orangehrmlive.com/web/index.php/auth/login
[0m[37m[2025-11-25 00:44:48] [34m[INFO ][37m [32morg.example.hrmOrange.allure.LogUtils [37m-[37m [32mWait until visible: //input[@name='username']
[0m[37m[2025-11-25 00:44:51] [34m[INFO ][37m [32morg.example.hrmOrange.allure.LogUtils [37m-[37m [32mFill input //input[@name='username'] with: Admin
[0m[37m[2025-11-25 00:44:51] [34m[INFO ][37m [32morg.example.hrmOrange.allure.LogUtils [37m-[37m [32mFill input //input[@name='password'] with: admin123
[0m[37m[2025-11-25 00:44:51] [34m[INFO ][37m [32morg.example.hrmOrange.allure.LogUtils [37m-[37m [32mClick element: //button[@type='submit']
[0m[37m[2025-11-25 00:44:52] [34m[INFO ][37m [32morg.example.hrmOrange.allure.LogUtils [37m-[37m [32mWait until visible: //h6[normalize-space()='Dashboard']
[0m[37m[2025-11-25 00:44:53] [34m[INFO ][37m [32morg.example.hrmOrange.allure.LogUtils [37m-[37m [32mVerify visible: //h6[normalize-space()='Dashboard'] → true
[0m[37m[2025-11-25 00:44:53] [34m[INFO ][37m [32morg.example.hrmOrange.allure.LogUtils [37m-[37m [32mClick element: //span[normalize-space()='Admin']
[0m[37m[2025-11-25 00:44:54] [34m[INFO ][37m [32morg.example.hrmOrange.allure.LogUtils [37m-[37m [32mWait until visible: //label[normalize-space()='Username']/parent::div/following-sibling::div//input
[0m[37m[2025-11-25 00:44:54] [34m[INFO ][37m [32morg.example.hrmOrange.allure.LogUtils [37m-[37m [32mClick element: //button[normalize-space()='Add']
[0m[37m[2025-11-25 00:44:56] [34m[INFO ][37m [32morg.example.hrmOrange.allure.LogUtils [37m-[37m [32mWait until visible: //h6[normalize-space()='Add User']
[0m[37m[2025-11-25 00:44:56] [34m[INFO ][37m [32morg.example.hrmOrange.allure.LogUtils [37m-[37m [32mClick element: //input[@placeholder='Type for hints...']
[0m[37m[2025-11-25 00:44:56] [34m[INFO ][37m [32morg.example.hrmOrange.allure.LogUtils [37m-[37m [32mFill input //input[@placeholder='Type for hints...'] with: 
[0m[37m[2025-11-25 00:44:56] [34m[INFO ][37m [32morg.example.hrmOrange.allure.LogUtils [37m-[37m [32mType text into //input[@placeholder='Type for hints...']: Akh
[0m[37m[2025-11-25 00:44:58] [34m[INFO ][37m [32morg.example.hrmOrange.allure.LogUtils [37m-[37m [32mWait until visible: //div[@role='listbox']
[0m[37m[2025-11-25 00:44:58] [34m[INFO ][37m [32morg.example.hrmOrange.allure.LogUtils [37m-[37m [32mClick element: //div[@role='listbox']//div[@role='option'][1]
[0m[37m[2025-11-25 00:44:59] [34m[INFO ][37m [32morg.example.hrmOrange.allure.LogUtils [37m-[37m [32mFill input //label[normalize-space()='Username']/parent::div/following-sibling::div//input with: TestAdmin10
[0m[37m[2025-11-25 00:44:59] [34m[INFO ][37m [32morg.example.hrmOrange.allure.LogUtils [37m-[37m [32mClick element: //h6[normalize-space()='Add User']
[0m[37m[2025-11-25 00:44:59] [34m[INFO ][37m [32morg.example.hrmOrange.allure.LogUtils [37m-[37m [32mClick element: //label[normalize-space()='User Role']/following::div[contains(@class,'oxd-select-text--after')][1]
[0m[37m[2025-11-25 00:44:59] [34m[INFO ][37m [32morg.example.hrmOrange.allure.LogUtils [37m-[37m [32mClick element: //div[@role='option']//span[normalize-space()='Admin']
[0m[37m[2025-11-25 00:45:00] [34m[INFO ][37m [32morg.example.hrmOrange.allure.LogUtils [37m-[37m [32mClick element: (//label[normalize-space()='Status']/parent::div/following-sibling::div//div[contains(@class,'oxd-select-text')])[1]
[0m[37m[2025-11-25 00:45:00] [34m[INFO ][37m [32morg.example.hrmOrange.allure.LogUtils [37m-[37m [32mWait until visible: //div[@role='listbox']
[0m[37m[2025-11-25 00:45:00] [34m[INFO ][37m [32morg.example.hrmOrange.allure.LogUtils [37m-[37m [32mClick element: //div[@role='listbox']//span[normalize-space()='Enabled']
[0m[37m[2025-11-25 00:45:00] [34m[INFO ][37m [32morg.example.hrmOrange.allure.LogUtils [37m-[37m [32mFill input //label[normalize-space()='Password']/parent::div/following-sibling::div//input with: Password123
[0m[37m[2025-11-25 00:45:00] [34m[INFO ][37m [32morg.example.hrmOrange.allure.LogUtils [37m-[37m [32mFill input //label[normalize-space()='Confirm Password']/parent::div/following-sibling::div//input with: DifferentPassword456
[0m[37m[2025-11-25 00:45:00] [34m[INFO ][37m [32morg.example.hrmOrange.allure.LogUtils [37m-[37m [32mClick element: //h6[normalize-space()='Add User']
[0m[37m[2025-11-25 00:45:01] [34m[INFO ][37m [32morg.example.hrmOrange.allure.LogUtils [37m-[37m [32mClick element: //button[contains(@class,'orangehrm-left-space') and @type='submit']

[0m[37m[2025-11-25 00:45:23] [34m[INFO ][37m [32morg.example.hrmOrange.allure.AllureReportUtils [37m-[37m [32mStarting Allure report generation...
[0m[37m[2025-11-25 00:45:23] [34m[INFO ][37m [32morg.example.hrmOrange.allure.AllureReportUtils [37m-[37m [32mRunning: mvn allure:report
[0m[37m[2025-11-25 00:45:28] [34m[INFO ][37m [32morg.example.hrmOrange.allure.AllureReportUtils [37m-[37m [32mLooking for Allure report at: C:\Users\mytie\IdeaProjects\Playwright_demo\target\site\allure-maven-plugin
[0m[37m[2025-11-25 00:45:28] [34m[WARN ][37m [32morg.example.hrmOrange.allure.AllureReportUtils [37m-[37m [32m⚠️ Allure report directory not found at: C:\Users\mytie\IdeaProjects\Playwright_demo\target\site\allure-maven-plugin
[0m[37m[2025-11-25 00:45:28] [34m[INFO ][37m [32morg.example.hrmOrange.allure.AllureReportUtils [37m-[37m [32mChecking alternative location: target/allure-report
[0m[37m[2025-11-25 00:45:28] [34m[INFO ][37m [32morg.example.hrmOrange.allure.AllureReportUtils [37m-[37m [32mFound report at alternative location: C:\Users\mytie\IdeaProjects\Playwright_demo\target\allure-report
[0m[37m[2025-11-25 00:45:28] [34m[INFO ][37m [32morg.example.hrmOrange.allure.AllureReportUtils [37m-[37m [32mCreated directory reports\2025-11-25\common_004528
[0m[37m[2025-11-25 00:45:28] [34m[INFO ][37m [32morg.example.hrmOrange.allure.AllureReportUtils [37m-[37m [32mCopying report from: C:\Users\mytie\IdeaProjects\Playwright_demo\target\allure-report
[0m[37m[2025-11-25 00:45:28] [34m[INFO ][37m [32morg.example.hrmOrange.allure.AllureReportUtils [37m-[37m [32mCopying report to: C:\Users\mytie\IdeaProjects\Playwright_demo\reports\2025-11-25\common_004528
[0m[37m[2025-11-25 00:45:28] [34m[INFO ][37m [32morg.example.hrmOrange.allure.AllureReportUtils [37m-[37m [32m✅ Report copied successfully!
[0m[37m[2025-11-25 00:45:28] [34m[INFO ][37m [32morg.example.hrmOrange.allure.AllureReportUtils [37m-[37m [32mIndex file created at: C:\Users\mytie\IdeaProjects\Playwright_demo\reports\2025-11-25\index.html
[0m[37m[2025-11-25 00:45:28] [34m[INFO ][37m [32morg.example.hrmOrange.allure.AllureReportUtils [37m-[37m [32mRemoved old 'latest' report folder
[0m[37m[2025-11-25 00:45:28] [34m[INFO ][37m [32morg.example.hrmOrange.allure.AllureReportUtils [37m-[37m [32mCreated directory reports\latest
[0m[37m[2025-11-25 00:45:28] [34m[INFO ][37m [32morg.example.hrmOrange.allure.AllureReportUtils [37m-[37m [32m✅ Report copied to 'latest' folder for GitHub tracking
[0m[37m[2025-11-25 00:45:28] [34m[INFO ][37m [32morg.example.hrmOrange.allure.AllureReportUtils [37m-[37m [32mREADME.md created in 'latest' folder
[0m[37m[2025-11-25 00:45:28] [34m[INFO ][37m [32morg.example.hrmOrange.allure.AllureReportUtils [37m-[37m [32m✅ Allure Report generated successfully at: C:\Users\mytie\IdeaProjects\Playwright_demo\reports
[0m[37m[2025-11-25 00:47:16] [34m[DEBUG][37m [32morg.testng.TestNG [37m-[37m [32msuiteXmlPath: "C:\Users\mytie\AppData\Local\JetBrains\IntelliJIdea2025.2\temp-testng-customsuite.xml"
[0m[37m[2025-11-25 00:47:16] [34m[WARN ][37m [32morg.testng.internal.Configuration [37m-[37m [32mDetected a static method [org.example.hrmOrange.common.BaseTest.beforeSuite()]. Static configuration methods can cause unexpected behavior.
[0m[37m[2025-11-25 00:47:16] [34m[WARN ][37m [32morg.testng.internal.Configuration [37m-[37m [32mDetected a static method [org.example.hrmOrange.common.BaseTest.afterSuite()]. Static configuration methods can cause unexpected behavior.
[0m[37m[2025-11-25 00:47:16] [34m[INFO ][37m [32morg.testng.internal.Utils [37m-[37m [32m[TestNG] Running:
  C:\Users\mytie\AppData\Local\JetBrains\IntelliJIdea2025.2\temp-testng-customsuite.xml

[0m[37m[2025-11-25 00:47:16] [34m[INFO ][37m [32morg.example.hrmOrange.allure.AllureReportUtils [37m-[37m [32mRemoved old report
[0m[37m[2025-11-25 00:47:19] [34m[INFO ][37m [32morg.example.hrmOrange.allure.LogUtils [37m-[37m [32mNavigate to URL: https://opensource-demo.orangehrmlive.com/web/index.php/auth/login
[0m[37m[2025-11-25 00:47:23] [34m[INFO ][37m [32morg.example.hrmOrange.allure.LogUtils [37m-[37m [32mNavigate to URL: https://opensource-demo.orangehrmlive.com/web/index.php/auth/login
[0m[37m[2025-11-25 00:47:23] [34m[INFO ][37m [32morg.example.hrmOrange.allure.LogUtils [37m-[37m [32mWait until visible: //input[@name='username']
[0m[37m[2025-11-25 00:47:24] [34m[INFO ][37m [32morg.example.hrmOrange.allure.LogUtils [37m-[37m [32mFill input //input[@name='username'] with: Admin
[0m[37m[2025-11-25 00:47:24] [34m[INFO ][37m [32morg.example.hrmOrange.allure.LogUtils [37m-[37m [32mFill input //input[@name='password'] with: admin123
[0m[37m[2025-11-25 00:47:24] [34m[INFO ][37m [32morg.example.hrmOrange.allure.LogUtils [37m-[37m [32mClick element: //button[@type='submit']
[0m[37m[2025-11-25 00:47:25] [34m[INFO ][37m [32morg.example.hrmOrange.allure.LogUtils [37m-[37m [32mWait until visible: //h6[normalize-space()='Dashboard']
[0m[37m[2025-11-25 00:47:26] [34m[INFO ][37m [32morg.example.hrmOrange.allure.LogUtils [37m-[37m [32mVerify visible: //h6[normalize-space()='Dashboard'] → true
[0m[37m[2025-11-25 00:47:26] [34m[INFO ][37m [32morg.example.hrmOrange.allure.LogUtils [37m-[37m [32mClick element: //span[normalize-space()='Admin']
[0m[37m[2025-11-25 00:47:27] [34m[INFO ][37m [32morg.example.hrmOrange.allure.LogUtils [37m-[37m [32mWait until visible: //label[normalize-space()='Username']/parent::div/following-sibling::div//input
[0m[37m[2025-11-25 00:47:28] [34m[INFO ][37m [32morg.example.hrmOrange.allure.LogUtils [37m-[37m [32mClick element: //button[normalize-space()='Add']
[0m[37m[2025-11-25 00:47:30] [34m[INFO ][37m [32morg.example.hrmOrange.allure.LogUtils [37m-[37m [32mWait until visible: //h6[normalize-space()='Add User']
[0m[37m[2025-11-25 00:47:30] [34m[INFO ][37m [32morg.example.hrmOrange.allure.LogUtils [37m-[37m [32mClick element: //input[@placeholder='Type for hints...']
[0m[37m[2025-11-25 00:47:30] [34m[INFO ][37m [32morg.example.hrmOrange.allure.LogUtils [37m-[37m [32mFill input //input[@placeholder='Type for hints...'] with: 
[0m[37m[2025-11-25 00:47:30] [34m[INFO ][37m [32morg.example.hrmOrange.allure.LogUtils [37m-[37m [32mType text into //input[@placeholder='Type for hints...']: Akh
[0m[37m[2025-11-25 00:47:32] [34m[INFO ][37m [32morg.example.hrmOrange.allure.LogUtils [37m-[37m [32mWait until visible: //div[@role='listbox']
[0m[37m[2025-11-25 00:47:32] [34m[INFO ][37m [32morg.example.hrmOrange.allure.LogUtils [37m-[37m [32mClick element: //div[@role='listbox']//div[@role='option'][1]
[0m[37m[2025-11-25 00:47:33] [34m[INFO ][37m [32morg.example.hrmOrange.allure.LogUtils [37m-[37m [32mFill input //label[normalize-space()='Username']/parent::div/following-sibling::div//input with: TestAdmin10
[0m[37m[2025-11-25 00:47:33] [34m[INFO ][37m [32morg.example.hrmOrange.allure.LogUtils [37m-[37m [32mClick element: //h6[normalize-space()='Add User']
[0m[37m[2025-11-25 00:47:34] [34m[INFO ][37m [32morg.example.hrmOrange.allure.LogUtils [37m-[37m [32mClick element: //label[normalize-space()='User Role']/following::div[contains(@class,'oxd-select-text--after')][1]
[0m[37m[2025-11-25 00:47:34] [34m[INFO ][37m [32morg.example.hrmOrange.allure.LogUtils [37m-[37m [32mClick element: //div[@role='option']//span[normalize-space()='Admin']
[0m[37m[2025-11-25 00:47:34] [34m[INFO ][37m [32morg.example.hrmOrange.allure.LogUtils [37m-[37m [32mClick element: (//label[normalize-space()='Status']/parent::div/following-sibling::div//div[contains(@class,'oxd-select-text')])[1]
[0m[37m[2025-11-25 00:47:34] [34m[INFO ][37m [32morg.example.hrmOrange.allure.LogUtils [37m-[37m [32mWait until visible: //div[@role='listbox']
[0m[37m[2025-11-25 00:47:34] [34m[INFO ][37m [32morg.example.hrmOrange.allure.LogUtils [37m-[37m [32mClick element: //div[@role='listbox']//span[normalize-space()='Enabled']
[0m[37m[2025-11-25 00:47:34] [34m[INFO ][37m [32morg.example.hrmOrange.allure.LogUtils [37m-[37m [32mFill input //label[normalize-space()='Password']/parent::div/following-sibling::div//input with: Password123
[0m[37m[2025-11-25 00:47:34] [34m[INFO ][37m [32morg.example.hrmOrange.allure.LogUtils [37m-[37m [32mFill input //label[normalize-space()='Confirm Password']/parent::div/following-sibling::div//input with: DifferentPassword456
[0m[37m[2025-11-25 00:47:34] [34m[INFO ][37m [32morg.example.hrmOrange.allure.LogUtils [37m-[37m [32mClick element: //h6[normalize-space()='Add User']
[0m[37m[2025-11-25 00:47:35] [34m[INFO ][37m [32morg.example.hrmOrange.allure.LogUtils [37m-[37m [32mClick element: //button[contains(@class,'orangehrm-left-space') and @type='submit']

[0m[37m[2025-11-25 00:47:58] [34m[INFO ][37m [32morg.example.hrmOrange.allure.LogUtils [37m-[37m [32mText from element [(//span[contains(@class, 'oxd-input-group__message') or contains(@class, 'oxd-input-field-error-message')])[1]] = Invalid
[0m[37m[2025-11-25 00:47:58] [34m[INFO ][37m [32morg.example.hrmOrange.allure.LogUtils [37m-[37m [32mText from element [(//span[contains(@class, 'oxd-input-group__message') or contains(@class, 'oxd-input-field-error-message')])[2]] = Passwords do not match
[0m[37m[2025-11-25 00:47:58] [34m[INFO ][37m [32morg.example.hrmOrange.allure.AllureReportUtils [37m-[37m [32mStarting Allure report generation...
[0m[37m[2025-11-25 00:47:58] [34m[INFO ][37m [32morg.example.hrmOrange.allure.AllureReportUtils [37m-[37m [32mRunning: mvn allure:report
[0m[37m[2025-11-25 00:48:04] [34m[INFO ][37m [32morg.example.hrmOrange.allure.AllureReportUtils [37m-[37m [32mLooking for Allure report at: C:\Users\mytie\IdeaProjects\Playwright_demo\target\site\allure-maven-plugin
[0m[37m[2025-11-25 00:48:04] [34m[WARN ][37m [32morg.example.hrmOrange.allure.AllureReportUtils [37m-[37m [32m⚠️ Allure report directory not found at: C:\Users\mytie\IdeaProjects\Playwright_demo\target\site\allure-maven-plugin
[0m[37m[2025-11-25 00:48:04] [34m[INFO ][37m [32morg.example.hrmOrange.allure.AllureReportUtils [37m-[37m [32mChecking alternative location: target/allure-report
[0m[37m[2025-11-25 00:48:04] [34m[INFO ][37m [32morg.example.hrmOrange.allure.AllureReportUtils [37m-[37m [32mFound report at alternative location: C:\Users\mytie\IdeaProjects\Playwright_demo\target\allure-report
[0m[37m[2025-11-25 00:48:04] [34m[INFO ][37m [32morg.example.hrmOrange.allure.AllureReportUtils [37m-[37m [32mCreated directory reports\2025-11-25\common_004804
[0m[37m[2025-11-25 00:48:04] [34m[INFO ][37m [32morg.example.hrmOrange.allure.AllureReportUtils [37m-[37m [32mCopying report from: C:\Users\mytie\IdeaProjects\Playwright_demo\target\allure-report
[0m[37m[2025-11-25 00:48:04] [34m[INFO ][37m [32morg.example.hrmOrange.allure.AllureReportUtils [37m-[37m [32mCopying report to: C:\Users\mytie\IdeaProjects\Playwright_demo\reports\2025-11-25\common_004804
[0m[37m[2025-11-25 00:48:04] [34m[INFO ][37m [32morg.example.hrmOrange.allure.AllureReportUtils [37m-[37m [32m✅ Report copied successfully!
[0m[37m[2025-11-25 00:48:04] [34m[INFO ][37m [32morg.example.hrmOrange.allure.AllureReportUtils [37m-[37m [32mIndex file created at: C:\Users\mytie\IdeaProjects\Playwright_demo\reports\2025-11-25\index.html
[0m[37m[2025-11-25 00:48:04] [34m[INFO ][37m [32morg.example.hrmOrange.allure.AllureReportUtils [37m-[37m [32mRemoved old 'latest' report folder
[0m[37m[2025-11-25 00:48:04] [34m[INFO ][37m [32morg.example.hrmOrange.allure.AllureReportUtils [37m-[37m [32mCreated directory reports\latest
[0m[37m[2025-11-25 00:48:04] [34m[INFO ][37m [32morg.example.hrmOrange.allure.AllureReportUtils [37m-[37m [32m✅ Report copied to 'latest' folder for GitHub tracking
[0m[37m[2025-11-25 00:48:04] [34m[INFO ][37m [32morg.example.hrmOrange.allure.AllureReportUtils [37m-[37m [32mREADME.md created in 'latest' folder
[0m[37m[2025-11-25 00:48:04] [34m[INFO ][37m [32morg.example.hrmOrange.allure.AllureReportUtils [37m-[37m [32m✅ Allure Report generated successfully at: C:\Users\mytie\IdeaProjects\Playwright_demo\reports
[0m